Date,Close,High,Low,Open,Volume,SMA_20,SMA_50,EMA_20,EMA_50,RSI_14,Daily_Return
2009-01-02,2.721686363220215,2.730384564060046,2.554037226218475,2.5756304672583537,746015200,,,2.721686363220215,2.721686363220215,,
2009-01-05,2.836552858352661,2.8845386270494378,2.7804693222595778,2.7942657187762197,1181608400,,,2.732626029423305,2.7261909316567814,,4.220416308238395
2009-01-06,2.789766788482666,2.9142292526031772,2.7708724008265406,2.877640546798946,1289310400,,,2.738068006476577,2.7286841025126987,,-1.6493988374736812
2009-01-07,2.729483842849731,2.774170305556812,2.7069904526804853,2.7534772194820034,753048800,,,2.7372504670835442,2.728715464878857,,-2.1608596776550804
2009-01-08,2.7801692485809326,2.793665726055566,2.7003930560001206,2.7120900298397097,673500800,,,2.7413379700832956,2.730733260318154,,1.8569593611619695
2009-01-09,2.716588973999023,2.8005640264937393,2.703393211800058,2.795465832185914,546845600,,,2.7389809228371744,2.730178582423286,,-2.2869210072143153
2009-01-12,2.6590068340301514,2.7288857765895536,2.625716607902898,2.712990156603704,617716400,,,2.7313643429507914,2.7273875334666924,,-2.1196485931438636
2009-01-13,2.6305136680603027,2.691395462126428,2.5897263276973637,2.646409280691181,798397600,,,2.721759516770745,2.7235885583527164,,-1.0715717464577779
2009-01-14,2.5591349601745605,2.6167174643595703,2.540840210080983,2.586426826388225,1021664000,,,2.7062714637615843,2.7171393976398477,,-2.71348933679465
2009-01-15,2.5006520748138428,2.522845744932796,2.400782261078231,2.4163773531078525,1831634000,,,2.6866886648141803,2.7086496987054947,,-2.2852599128546425
2009-01-16,2.469162702560425,2.5306441531327795,2.411280460137487,2.528245014719559,1047625600,,,2.665971906504299,2.699258051797845,,-1.2592464409812876
2009-01-20,2.345299482345581,2.459265255971349,2.345299482345581,2.4571658348236154,919914800,,,2.63543167563204,2.685377323584031,,-5.0164057672830715
2009-01-21,2.4841578006744385,2.485657587304835,2.3785895195590543,2.380988657616996,1089270000,,,2.6210246399217922,2.677486361901302,,5.920707328600194
2009-01-22,2.6500084400177,2.699194277354555,2.573831446739748,2.640411686902462,1409528400,,,2.6237850018356883,2.676408796337239,46.4592991169653,6.676332691032516
2009-01-23,2.6500084400177,2.6952951521815165,2.594225623248156,2.603822176151575,763770000,,,2.6262824721387372,2.6753734882462767,46.4592991169653,0.0
2009-01-26,2.6883976459503174,2.728285849468511,2.6482089244705675,2.665004094517903,692238400,,,2.632198202977935,2.6758842395287883,42.08337749802279,1.4486446666698516
2009-01-27,2.7210872173309326,2.7456802359045525,2.6913962052543208,2.704891883220633,618038400,,,2.640663823392506,2.677656905324951,46.273999315497115,1.215950007613542
2009-01-28,2.8251566886901855,2.849149273464093,2.744180613913186,2.7627750873459767,861406000,,,2.6582345724684755,2.68344121055496,54.95502481581082,3.8245547844413696
2009-01-29,2.7891674041748047,2.8293553210465796,2.777170712255149,2.7918662594330987,592729200,,,2.6707043659643164,2.687587335794954,50.47323034221396,-1.273886317861772
2009-01-30,2.7030935287475586,2.807761477341915,2.6994943204445803,2.777171109838325,651478800,2.6624547481536864,,2.673789048134149,2.688195421793095,49.30665286929887,-3.0860060711455084
2009-02-02,2.744479179382324,2.759174721485117,2.6662027937577353,2.672201137646014,558247200,2.663594388961792,,2.680521441586356,2.690402627973065,54.46557739713826,1.5310476753625624
2009-02-03,2.788567304611206,2.800563997974938,2.707592026948076,2.75677686804467,599309200,2.6611951112747194,,2.6908115237791987,2.694252223135345,58.1252458992282,1.606429575421453
2009-02-04,2.805661678314209,2.8866379479824658,2.792166200636312,2.795765408454838,808421600,2.661989855766296,,2.701749633734914,2.6986212213776533,63.4226438509449,0.6130163569921798
2009-02-05,2.8929355144500732,2.916628176279645,2.7777698935595354,2.782268452083835,749246400,2.6701624393463135,,2.719957812850643,2.7062413897334343,70.70938917877159,3.110632932346391
2009-02-06,2.9907076358795166,2.9991051211692152,2.909131921485415,2.9097313557404125,687209600,2.6806893587112426,,2.7457435102819643,2.7173969287979864,75.73249063992031,3.379685476605898
2009-02-09,3.0743815898895264,3.089077137272778,2.9841084840511125,2.9991047495838146,715010800,2.698578989505768,,2.777042375006494,2.7313963272721646,87.45765485559289,2.7977978524605263
2009-02-10,2.9340243339538574,3.0743818387098165,2.9109313004523463,3.038992995670997,849060800,2.712329864501953,,2.791993037763386,2.739342523612623,73.07700492561675,-4.565381746925967
2009-02-11,2.9037322998046875,2.9484187711820837,2.872241787711885,2.890236823677585,674973600,2.7259907960891723,,2.8026348722435097,2.745789181502508,65.117930927693,-1.032439772179694
2009-02-12,2.977210998535156,2.991606829853187,2.874041841779786,2.874041841779786,817188400,2.746894598007202,,2.8192611699855714,2.7548645468763375,67.92640334476101,2.5304914897082753
2009-02-13,2.9739110469818115,2.997303986085087,2.942720261299045,2.968812054564063,608977600,2.7705575466156005,,2.833989729699499,2.7634546057040033,66.26786159663672,-0.11084036552894139
2009-02-17,2.835052013397217,2.9103296286596696,2.827554684056721,2.9052314366996623,678238400,2.7888520121574403,,2.834090899575472,2.7662623471821686,55.792615019647506,-4.669239644054624
2009-02-18,2.830255031585694,2.8746415960487677,2.780770272833597,2.8506492102246623,684779200,2.8130997896194456,,2.833725578814541,2.768771864217601,50.288225922541336,-0.1692026032980909
2009-02-19,2.71838903427124,2.8266562039840077,2.7024934133205183,2.800264475917614,922804400,2.824811351299286,,2.8227411460008933,2.766796066964803,46.31482382616983,-3.952505907277881
2009-02-20,2.7351834774017334,2.7711725545464363,2.6692026684204944,2.681199361155109,750316000,2.8290701031684877,,2.814402320420021,2.7655563575701727,51.80071715622751,0.6178086697217644
2009-02-23,2.607722043991089,2.759176733818222,2.5945262784481256,2.748680024781725,786982000,2.826955783367157,,2.7947184845696467,2.759366776645503,43.001945446014176,-4.660068856942845
2009-02-24,2.7066917419433594,2.7258860513812686,2.6092212086814053,2.6227168884173095,807105600,2.827870488166809,,2.786334985271905,2.757301089010125,46.03312156533507,3.795254873130527
2009-02-25,2.7339835166931152,2.7867677655586607,2.6767009082964215,2.694995665234189,833053200,2.8285153031349184,,2.781349131121544,2.756386674409458,46.56116671432657,1.0083074598720598
2009-02-26,2.674901247024536,2.786767601690721,2.668003549256416,2.7591758095591192,629868400,2.8210025310516356,,2.7712112373980196,2.7531911674531866,39.248757231943706,-2.1610324022743876
2009-02-27,2.6785004138946533,2.7381823609699323,2.629314772539612,2.637112623132673,706658400,2.8154691815376283,,2.7623816351596036,2.7502621182940286,33.02894544760831,0.13455326151277092
2009-03-02,2.637411594390869,2.7351828145783923,2.629314028969135,2.6428103050249914,770929600,2.812185084819794,,2.7504797265149623,2.7458366075527283,25.09397589444586,-1.5340232650567054
2009-03-03,2.6503071784973145,2.721386151985095,2.6356116364164595,2.667102140935933,724340400,2.807476484775543,,2.740939483846615,2.742090355432908,31.07986929484595,0.48894848774727606
2009-03-04,2.7342824935913086,2.7822682488792743,2.6826983322126337,2.7045914889487936,741403600,2.8047622442245483,,2.740305484774681,2.7417841647724535,39.45498333507421,3.168512532256984
2009-03-05,2.6644036769866943,2.7552761975316353,2.6527077055553656,2.7129890682572024,706899200,2.797699344158173,,2.733076741175825,2.7387496358396786,30.446103003618973,-2.55565461024595
2009-03-06,2.5582361221313477,2.6512082760696827,2.4691622921753056,2.6494085721881753,1011147200,2.7809643745422363,,2.7164252536477798,2.7316706745177832,26.976706350851813,-3.984664777801872
2009-03-09,2.492555618286133,2.6272152933245274,2.4763610838551,2.5246465717307913,698297600,2.756056773662567,,2.6951043359942894,2.722293613489091,29.356453940905553,-2.5674136674488923
2009-03-10,2.6581056118011475,2.674300942415701,2.5300437543429832,2.5453389328214153,844258800,2.7352429747581484,,2.691580647975895,2.719776436952309,41.30823076228595,6.6417773108246925
2009-03-11,2.7795701026916504,2.821257810048632,2.6865981344182694,2.6934958324744542,846372800,2.727520263195038,,2.699960596044062,2.7221212865891458,53.059359772468696,4.569588595398133
2009-03-12,2.889636754989624,2.8965352534083006,2.7591757308694116,2.786167887817669,768457200,2.7268154859542846,,2.7180249921341155,2.7286905206440664,57.06445404850847,3.959844444699856
2009-03-13,2.877040386199951,2.9151298832656747,2.849448795472044,2.8881377267135964,601168400,2.7218069553375246,,2.733169315378481,2.7345081624305716,63.764510516735605,-0.4359153020850215
2009-03-16,2.8617446422576904,2.920826937212995,2.8245555050337323,2.8950348553512395,797244000,2.7161986351013185,2.7331735849380494,2.745414584605072,2.739497828306145,58.66572610379113,-0.5316485655060155
2009-03-17,2.988907814025879,2.989807165524587,2.85124837266008,2.8563473673103683,786646000,2.7238914251327513,2.7385180139541627,2.768604415978482,2.74927861205986,62.81664938169673,4.443554113474879
2009-03-18,3.044689655303955,3.103472027238185,2.9907063591741787,2.99640398534202,796037200,2.7346131563186646,2.7426807498931884,2.794898248295194,2.7608633588537463,68.6534961301637,1.8662951401950956
2009-03-19,3.047689914703369,3.0950752430754163,3.006601848129248,3.0545876116945037,500180800,2.751078200340271,2.7478392124176025,2.818973645095973,2.7721114590831433,68.63454442574897,0.0985407295678753
2009-03-20,3.0467898845672607,3.092376514935955,3.016199520153786,3.0617853496751892,695587200,2.7666585206985475,2.7541853332519532,2.840670429807524,2.782883162043305,71.53678755046928,-0.02953155213614167
2009-03-23,3.228835105895996,3.243830567371206,3.0515884229117036,3.080379276486674,666397200,2.7977141737937927,2.7631586503982546,2.877638494196902,2.80037147356694,75.83715234890754,5.974984433644059
2009-03-24,3.1940455436706543,3.2822192215800694,3.160756127183726,3.189846901976388,640612000,2.8220818638801575,2.772707781791687,2.907772498908688,2.8158096723945367,71.47662323198574,-1.0774648157725553
2009-03-25,3.193746328353882,3.249829667067901,3.114870273913673,3.2264369164776325,646618000,2.845070004463196,2.7834025716781614,2.9350081017129925,2.830630717726276,76.44595967945966,-0.00936791015285765
2009-03-26,3.295116424560547,3.298414914354123,3.22643676165679,3.233933893602784,616252000,2.8760807633399965,2.7966946268081667,2.969304132460379,2.8488458434844826,86.99186602641745,3.1740184029867224
2009-03-27,3.204543113708496,3.254928025773892,3.191047433986047,3.2459309059589256,492872800,2.9023828983306883,2.8096027898788454,2.9917078449601995,2.862794756042287,84.87071772006573,-2.74871352577869
2009-03-30,3.13376522064209,3.149360123518083,3.0773819546053787,3.134364855188816,502796000,2.9272005796432494,2.82226505279541,3.0052371188346654,2.873421048771691,75.68012933636594,-2.208673453748533
2009-03-31,3.152658224105835,3.222537140743519,3.14905901693043,3.1625546924086807,570080000,2.9523181319236755,2.835934963226318,3.019277224098586,2.884371526235775,72.6511473327333,0.6028850961551591
2009-04-01,3.259726285934448,3.2690231199756776,3.1157688100363323,3.121767154988959,589372000,2.9785903215408327,2.8542234992980955,3.0421771347496205,2.8990913207337625,72.55120506082542,3.396120169638106
2009-04-02,3.380290269851685,3.4414721989343904,3.2924165014129607,3.3032133242047217,812366800,3.014384651184082,2.8721461486816406,3.074378385711722,2.917961867757995,77.09953085132089,3.6985922541246774
2009-04-03,3.478661298751831,3.482860141217805,3.404583723077572,3.4246773826031345,636241200,3.060405910015106,2.888719205856323,3.1128815202869706,2.9399500807381456,80.4922242669241,2.910135551893367
2009-04-06,3.5524392127990723,3.561436331578804,3.397385168583417,3.4471706406614615,658064400,3.113400089740753,2.9067678213119508,3.1547441576690756,2.963969262387594,79.40537890983646,2.1208708670117815
2009-04-07,3.448970317840576,3.499055709742593,3.4246774151941985,3.4948568672366607,536580800,3.152943325042725,2.9219792747497557,3.182765696733028,2.982988911621044,70.09550030765263,-2.912615494888926
2009-04-08,3.488558292388916,3.502653604411718,3.436373884311088,3.4618660535479746,455630000,3.188392734527588,2.9373286962509155,3.2118888010812077,3.002815161847235,71.14504640819082,1.1478200999168298
2009-04-09,3.586028814315796,3.5989248568753527,3.5377429332958226,3.55153952853862,530756800,3.2232123374938966,2.9525461387634278,3.2475211832940256,3.025686285473453,73.67041684545427,2.794005825831669
2009-04-13,3.605522871017456,3.628316185255436,3.568934161910498,3.599224607755696,389236400,3.2596364617347717,2.9688732481002806,3.2816165821248284,3.04842497510263,69.28753899458489,0.5436112678135263
2009-04-14,3.5482401847839355,3.604024000077753,3.516449752776594,3.586028962612896,454622000,3.293961238861084,2.9857761812210084,3.3070093061876005,3.0680255715607205,67.72748361377188,-1.588748380823768
2009-04-15,3.5281460285186768,3.5464401798419813,3.471762787034596,3.5149492691525084,412882400,3.320923149585724,3.0014495182037355,3.3280699464096077,3.086069511049268,66.41155312382259,-0.5663133051541869
2009-04-16,3.642411231994629,3.6933955560654614,3.562634855727158,3.574631544142424,593446000,3.3508092284202577,3.0185263967514038,3.3580072117034194,3.107886833439282,66.83137610879604,3.2386755693308844
2009-04-17,3.701494693756103,3.726387431027831,3.606423305340979,3.634314815405359,497495600,3.383499467372894,3.0364430570602416,3.3907203052322465,3.13116557305955,74.84263926478698,1.6220975062477772
2009-04-20,3.613921403884888,3.688599226970684,3.5737332773403168,3.65081043937489,466466000,3.4118560433387755,3.050862774848938,3.4119775527229743,3.1500971742683865,73.60663243453479,-2.365889920602582
2009-04-21,3.651707887649536,3.663105142139273,3.556936451113613,3.5656336498459003,470685600,3.432999682426453,3.0640827798843384,3.4348090131921705,3.169768182636275,74.08801913447441,1.0455812271962683
2009-04-22,3.644212007522583,3.759377853974713,3.634914170331183,3.677801945965208,938767200,3.4555080056190492,3.0754793882369995,3.4547521555093526,3.188373822827895,70.53184565460518,-0.20527052977882265
2009-04-23,3.760876178741455,3.814860487993383,3.704193014408173,3.797465686273932,945156800,3.483864498138428,3.0920164251327513,3.4839068243886,3.2108248956088192,70.40859560682057,3.2013552169316117
2009-04-24,3.715890645980835,3.753079592223006,3.687999136511033,3.738084126884772,540764000,3.5049032092094423,3.1082595920562746,3.5060005216830987,3.230631395623408,63.493810551897006,-1.196145010434091
2009-04-27,3.7407824993133545,3.748880265779243,3.67870082434568,3.6858992394056247,480690000,3.531715178489685,3.1235310220718384,3.528360710028837,3.250637321258308,61.34401071605921,0.6698758306960206
2009-04-28,3.715890645980835,3.785169944106135,3.696696338229274,3.699395193642762,455856800,3.5608214497566224,3.138370614051819,3.5462207039290274,3.2688825496787994,67.75758406319706,-0.6654183539697489
2009-04-29,3.7530810832977295,3.804365362883679,3.713792700239876,3.744383878124145,458110800,3.590842592716217,3.156731195449829,3.5659216924403325,3.287870727467777,67.65439995926484,1.0008485410387458
2009-04-30,3.773773193359375,3.8088623152450913,3.7464815206403888,3.78546916689766,498489600,3.6165449380874635,3.175601558685303,3.5857170734802413,3.3069257261301925,63.96094904888393,0.5513366112374074
2009-05-01,3.8160605430603023,3.837354271551657,3.7728732514602696,3.7728732514602696,397516000,3.6383334517478945,3.197554988861084,3.6076545467735803,3.3268917973823537,65.14257591788233,1.1205588554007218
2009-05-04,3.9609179496765137,3.966316061558243,3.8292570358600297,3.846052007053217,609358400,3.6624462842941283,3.2220696783065796,3.6412986803833833,3.351755568060556,76.36045480989185,3.795993406856235
2009-05-05,3.9801113605499263,3.984609719364555,3.9324253134718377,3.951319701848822,398255200,3.683829891681671,3.2495174646377563,3.673566554684959,3.3763969716875906,78.90327113405337,0.48456976683852737
2009-05-06,3.97381329536438,4.003804224264504,3.905433352811236,3.9987060306310775,473538800,3.7100720405578613,3.274859895706177,3.7021614823687132,3.3998250628121705,74.58868815020679,-0.15823841634110547
2009-05-07,3.8706459999084473,3.970515704795395,3.835855977176028,3.9687162001493834,531776000,3.729176425933838,3.297593145370483,3.718207626896307,3.418288628972809,61.77974673624221,-2.59617872777973
2009-05-08,3.874543428421021,3.935725361455962,3.7866696543058183,3.8700442681219194,467964000,3.743602156639099,3.321585988998413,3.7330967508510415,3.4361809740492095,70.544089633159,0.10069193908888163
2009-05-11,3.8859384059906006,3.927626097441286,3.8124602910448,3.819958621737685,404658800,3.7576229333877564,3.345734748840332,3.747653098959571,3.4538185203998526,69.26530051965882,0.29409858942330835
2009-05-12,3.7314858436584473,3.890138912705793,3.696396716243095,3.8856401526177926,609481600,3.766785216331482,3.3676162338256836,3.746113360359464,3.4647074350374445,55.78076207206841,-3.9746528687651828
2009-05-13,3.5836293697357178,3.719489089979808,3.580329879344574,3.6951957911278273,595971600,3.769559383392334,3.3862826776504518,3.7306386945857737,3.46937104031973,38.725571822050654,-3.9624021131959397
2009-05-14,3.6873977184295654,3.7047933194450064,3.5899274146297215,3.592326352218827,447826400,3.7718087077140807,3.405344982147217,3.7265205063804205,3.477921106127959,48.31370780530287,2.895621672547577
2009-05-15,3.671503782272339,3.7374839916929576,3.647210879512652,3.668504208616164,367567200,3.7703091621398928,3.4254869842529296,3.721280818370127,3.485512583623817,45.855751112307864,-0.43103395323452753
2009-05-18,3.798364400863647,3.7998643874274096,3.646010453251963,3.710791373239153,458841600,3.7795313119888307,3.4502895498275756,3.7286221119409384,3.497781282339105,54.39714429680519,3.455276805211205
2009-05-19,3.8223581314086914,3.878141139272427,3.771073081533136,3.8034637447239006,372422400,3.7880638241767883,3.476885600090027,3.737549351890248,3.5105097862241865,53.746269768967416,0.6316858524576752
2009-05-20,3.774972438812256,3.8751428115829234,3.757877553700966,3.827756680596555,388584000,3.794601845741272,3.499222936630249,3.7411134554066297,3.520880870639405,50.063031444044114,-1.2396978767390432
2009-05-21,3.724287986755371,3.8022644877791794,3.685599853775073,3.753379566350111,407946000,3.7927724361419677,3.5181172943115233,3.7395110298207954,3.528857620291012,45.21870711491243,-1.3426442941880667
2009-05-22,3.6739020347595215,3.724286928899684,3.6514086425889607,3.720388004850039,297998400,3.790673005580902,3.5338025999069216,3.733262554100674,3.534545636544679,33.41395130957136,-1.3529016062945876
2009-05-26,3.922229528427124,3.9237295157998626,3.735385399244571,3.741683664430318,636927200,3.7997453570365907,3.5547063827514647,3.7512594087984312,3.549748926422422,47.35546527445543,6.759230140546113
2009-05-27,3.9903101921081543,4.04819224936868,3.9261286680479817,3.952221482379625,646422000,3.8134663343429565,3.5772776937484743,3.7740261500660237,3.567025838802255,50.71344125258313,1.7357643959284408
2009-05-28,4.050889492034912,4.060486442886708,3.9597162566134134,4.002303301627087,487552800,3.828356754779816,3.5985173273086546,3.800394087396394,3.586000884027065,58.093108061120844,1.5181601682638268
2009-05-29,4.073082447052002,4.07578130159583,4.014299873478035,4.060486324294553,456534400,3.843322217464447,3.619085183143616,3.8263644073635947,3.6051021217927492,58.770498001728534,0.5478538740868455
2009-06-01,4.179252624511719,4.198446532471135,4.078782322719729,4.092878436999683,452499600,3.861481821537018,3.641716437339783,3.8599728089967495,3.6276178277817284,61.956077015760755,2.6066297169250907
2009-06-02,4.183449745178223,4.238932831102158,4.149259581339804,4.168454684506897,456223600,3.872608411312103,3.664449634552002,3.890780136252128,3.649415157875709,70.9946857476501,0.10042754156298628
2009-06-03,4.227237701416016,4.232035977633485,4.170854452154092,4.198745959283176,565199600,3.8849647283554076,3.6844176864624023,3.922823713886784,3.672074865465525,83.09692343870037,1.0466949265558245
2009-06-04,4.310912132263184,4.324108492749017,4.199945940657553,4.202644795787863,550634000,3.901819670200348,3.706755018234253,3.9597845156369176,3.697127307300727,82.74022960647011,1.979411539103637
2009-06-05,4.338805675506592,4.390689378258974,4.295018540451344,4.357999586287723,632716000,3.9252276539802553,3.729656205177307,3.995881768957839,3.722291164877428,84.60340927158279,0.6470450426175667
2009-06-08,4.314211368560791,4.325607825306541,4.181651128032327,4.313312017102621,931652400,3.9472110509872436,3.750038104057312,4.026198873681929,3.7455037218846186,79.92333078211843,-0.5668450902201139
2009-06-09,4.280322551727295,4.335505740317,4.215241690543327,4.313012340353005,676964400,3.966930258274078,3.771553692817688,4.050401128733869,3.7664770093294293,76.26416070558366,-0.7855159133012379
2009-06-10,4.206243515014648,4.26922493902031,4.147761250380884,4.267125518177763,688623600,3.9906681418418883,3.793003258705139,4.06524326076061,3.783722754650418,73.99853637852924,-1.730688185701157
2009-06-11,4.19724702835083,4.245532923352282,4.15525979844904,4.185251535001145,524823600,4.021349024772644,3.813895034790039,4.077815048150155,3.799939392834748,77.59876367671504,-0.21388411373959304
2009-06-12,4.10787296295166,4.171753336464986,4.079980658098604,4.16305613645051,563085600,4.042372786998749,3.8308579683303834,4.080677706702679,3.812015219113843,74.22155154747551,-2.1293496617063923
2009-06-15,4.081480979919434,4.106673633580615,4.045492103926332,4.07908204185881,539750400,4.062871646881104,3.844881782531738,4.080754208913799,3.822582503851317,61.81564418751514,-0.6424732037785041
2009-06-16,4.089280605316162,4.152861094408121,4.081782269608082,4.098577244221133,514805200,4.07741745710373,3.857094168663025,4.081566246666405,3.8330412529283695,58.064473514477946,0.1910979234033494
2009-06-17,4.066185474395752,4.12226880297371,4.034694961691509,4.098875255764075,571412800,4.089608824253082,3.8673690938949585,4.080101411212057,3.8421841635741494,51.32746365800285,-0.5647724661004161
2009-06-18,4.07518196105957,4.138762811165959,4.066484761944353,4.082079656821944,427680400,4.104619300365448,3.8798933267593383,4.079632892149916,3.8513213321029895,50.18647787634606,0.22125126166694375
2009-06-19,4.183150768280029,4.183750202394594,4.105773714552367,4.140862433340086,721856800,4.1275624394416806,3.8937851762771607,4.089491737495641,3.864334251168756,50.34512864115993,2.6494229767444866
2009-06-22,4.119870185852051,4.245532754027534,4.0886799823529785,4.218841310831853,634914000,4.149860846996307,3.9044620037078857,4.092384923053395,3.87435526821516,44.904024313432934,-1.5127492632544426
2009-06-23,4.019099712371826,4.1072734068291386,3.9852102547549206,4.090779154659141,706532400,4.154704356193543,3.912733540534973,4.08540537917896,3.880031520927186,34.713804737387306,-2.4459623467331104
2009-06-24,4.0853800773620605,4.123768693883101,4.0445929231028215,4.0613878927778195,485525600,4.159457850456238,3.9234763383865356,4.085402969482113,3.8880844054932595,33.00205351797025,1.6491346255034678
2009-06-25,4.194546699523926,4.204743886370788,4.055088777342282,4.071283508546024,589447600,4.166640710830689,3.9368043518066407,4.095797610438476,3.900102534670933,40.31406538845485,2.6721289107659807
2009-06-26,4.271925449371338,4.305515395021299,4.19094935861711,4.192448945514317,439384400,4.176582860946655,3.949394636154175,4.112571690336844,3.9146838254434977,47.348736254865734,1.8447464145814552
2009-06-29,4.2578301429748535,4.317212193712106,4.244934093627971,4.302516639746057,567616000,4.180511736869812,3.9605213451385497,4.126405828683321,3.9281405437780608,48.553865963578396,-0.3299520687693347
2009-06-30,4.27162504196167,4.3127125169604765,4.252731050071809,4.276123802137205,434224000,4.1849205017089846,3.9736754179000853,4.140236229947925,3.9416105240989867,54.55690523272237,0.323988945627085
2009-07-01,4.283621311187744,4.338505789726608,4.2743246735224085,4.303715775070223,414178800,4.187739682197571,3.9863136863708495,4.153891951970765,3.9550227118279575,55.99497208700752,0.2808361948492877
2009-07-02,4.199344158172607,4.283618889773601,4.192446462953669,4.236233573576064,370479200,4.182161283493042,3.9974163293838503,4.158220733513797,3.9646039450179438,56.3939717761155,-1.967427718109116
2009-07-06,4.1570587158203125,4.168455974524963,4.086279829243563,4.159757571305305,498688400,4.173073935508728,4.005339980125427,4.158110065162036,3.972151190931762,55.16816137648949,-1.006953485105544
2009-07-07,4.060787200927734,4.189149010506141,4.054189420332775,4.15315973307009,461596800,4.160402727127075,4.012237911224365,4.148841220949246,3.9756271128923886,48.26187194834978,-2.315856509945413
2009-07-08,4.115370750427246,4.139963568960996,4.031395907325087,4.076383102555207,575929200,4.152155137062072,4.0197296762466435,4.145653557090007,3.9811072555408145,52.88935524876147,1.3441617794461402
2009-07-09,4.089578628540039,4.1384639474664295,4.076682584985246,4.131566249948114,343025200,4.146321892738342,4.027203435897827,4.140313087704296,3.9853610348741175,50.82935667721125,-0.6267265685486412
2009-07-10,4.154359817504883,4.167855296061698,4.088378807931999,4.0889794434194995,445275600,4.144177532196045,4.03522901058197,4.141650871494829,3.99198843811454,48.25457394190104,1.584055347725899
2009-07-13,4.268926620483398,4.268926620483398,4.124670340023138,4.18495174169696,483501200,4.152230215072632,4.045132079124451,4.153772371398502,4.0028487589917505,58.50739444477708,2.757748678768146
2009-07-14,4.2668256759643555,4.294117752096421,4.2335364546075205,4.259628461016767,347247600,4.161497449874878,4.054147381782531,4.164539352785726,4.0132007949514605,65.93357521629919,-0.04921481922322002
2009-07-15,4.405083179473877,4.4086821860802505,4.3283063739888465,4.349899612780046,485587200,4.177287578582764,4.063030686378479,4.187448288660788,4.028568731599399,68.8204997496087,3.2402894800307003
2009-07-16,4.424278736114502,4.439275003009589,4.3657968589943295,4.371494887829797,393570800,4.1951922416687015,4.071914033889771,4.210003569370666,4.044086770992148,65.12634934748442,0.4357592321995174
2009-07-17,4.551141262054443,4.55923902976776,4.457569059485541,4.471065339007735,602154000,4.218990206718445,4.083460593223572,4.242492873435787,4.063971260837729,67.2598189947085,2.8674171205441468
2009-07-20,4.585931777954102,4.6498133850618,4.525350463608378,4.596729205074539,735526400,4.239129257202149,4.097766308784485,4.275201340532769,4.084440300724645,69.77573784061092,0.7644349822697682
2009-07-21,4.543942451477051,4.601525771592927,4.491158608955356,4.597327329862993,874781600,4.260332870483398,4.111154289245605,4.300795732051272,4.102459992911014,65.87393048715472,-0.9156116686886984
2009-07-22,4.700796127319336,4.760478870201442,4.68190173751709,4.7322866435152005,874104000,4.294417691230774,4.1274514436721805,4.338891007791087,4.125924155044674,70.80448640054485,3.451929189624714
2009-07-23,4.733185291290283,4.751778957029607,4.665405203137787,4.697495944166772,526962800,4.326807951927185,4.1474854326248165,4.37644284431482,4.149738317250384,78.07562829646244,0.6890144369953166
2009-07-24,4.798269271850586,4.7985687888333715,4.69360009908029,4.707095981951681,438362400,4.356994080543518,4.1717782306671145,4.416616789794417,4.175170903705294,82.93263767525333,1.3750566807529507
2009-07-27,4.801566123962402,4.824959274241837,4.7163920085597475,4.803665545179347,433311200,4.383476114273071,4.194061598777771,4.453278631143749,4.199735422146749,92.06372242685882,0.06870919335764114
2009-07-28,4.7985687255859375,4.801567499188231,4.726589750231765,4.764978777341585,363554800,4.4105130434036255,4.216602897644043,4.486163402043005,4.223219081105149,91.2082602318157,-0.06242543160045466
2009-07-29,4.799465179443359,4.812061702747012,4.7460815157077,4.765575734682683,382158000,4.43690505027771,4.236624913215637,4.516001666557324,4.24581696731449,94.14377550052187,0.018681692577238174
2009-07-30,4.882242202758789,4.940124237096338,4.843553273116211,4.8495516188629075,469604800,4.466836094856262,4.257822594642639,4.55088171762413,4.270774819684855,94.27197531293866,1.7247134882855786
2009-07-31,4.9002366065979,4.94852209023793,4.885840576313901,4.888239914694568,422536800,4.501880717277527,4.280327877998352,4.584153611812108,4.29545959564223,93.50949388512166,0.3685684382668031
2009-08-03,4.991408348083496,4.997706208997221,4.944621664287568,4.954818448886245,394240000,4.543598198890686,4.305670285224915,4.622939777171288,4.322751703581103,94.47714851707714,1.8605579445457376
2009-08-04,4.965015411376953,4.965615245763138,4.924827708773013,4.946420945828701,395810800,4.588809609413147,4.331492552757263,4.655518409000399,4.347938515651529,89.84196393854447,-0.5287673311015872
2009-08-05,4.951820373535156,5.020199098169633,4.924828223757768,4.971014275053193,423183600,4.630632090568542,4.352084369659424,4.683737643717994,4.371620157137161,87.86051563685992,-0.2657602595061759
2009-08-06,4.915833473205566,4.993809986972527,4.891240649388454,4.965917671674994,341616800,4.6719448328018185,4.370594835281372,4.705842008431096,4.392961855806511,80.09928476245723,-0.726740826907224
2009-08-07,4.963815689086914,4.996506264995161,4.942522367736193,4.963216255082325,387354800,4.712417626380921,4.388853359222412,4.7304109303983175,4.4153482806410365,80.52339017310761,0.9760748842059241
2009-08-10,4.940125465393066,4.996508728160121,4.908335025878532,4.968317697412165,300294400,4.745977568626404,4.406194219589233,4.75038374325496,4.435927778082292,82.97633865068076,-0.47725832661215106
2009-08-11,4.883442401885986,4.929928389008627,4.854951055008189,4.909234092239813,355342400,4.776808404922486,4.420278015136719,4.763055996457915,4.453477371172633,68.24501787648506,-1.1474012938367806
2009-08-12,4.957820892333984,4.999808120901029,4.872346047572548,4.875044903352724,445071200,4.804445290565491,4.435765438079834,4.781605034160398,4.4732555484730785,70.70272227647106,1.5230750017502626
2009-08-13,5.051092624664307,5.058590959340378,4.993510091301185,4.9980088518525925,439980800,4.835785984992981,4.4522425365448,4.807270518970294,4.495915825970774,72.14972323759791,1.8813049998345655
2009-08-14,5.001906394958496,5.045392799906012,4.964417534907471,5.0366955990012325,305816000,4.858324241638184,4.466062421798706,4.825807269064408,4.515758593382057,66.24546056335414,-0.9737740596091227
2009-08-17,4.786273002624512,4.906237172985109,4.781174005834294,4.905037102828027,524381200,4.868341302871704,4.475011768341065,4.8220421008320375,4.526367001587643,49.258614800562604,-4.311024143740971
2009-08-18,4.918531894683838,4.925729510475379,4.84085530514626,4.847453086253198,431152400,4.8870707750320435,4.487098178863525,4.8312316050084,4.541746017003181,56.197503237729514,2.76329603402905
2009-08-19,4.936524868011475,4.957518676163347,4.872044658076211,4.881041775613536,413271600,4.89885721206665,4.500222225189209,4.841259534818216,4.557227540572134,53.02978122253704,0.36581999899369944
2009-08-20,4.988410472869873,5.000107247904486,4.936826297488716,4.9479224370588835,342031200,4.91161847114563,4.5158655643463135,4.855273909870755,4.574136675172046,54.74201202005189,1.0510552715861987
2009-08-21,5.075084209442139,5.079583769950868,5.002506222355842,5.027998793347009,416074400,4.925459218025208,4.53342230796814,4.876208224115649,4.593781676515971,54.52198593110685,1.7375020969836452
2009-08-24,5.070286273956299,5.119771832713563,5.046593605659619,5.102076710188278,406929600,4.938895225524902,4.552670574188232,4.894691847909996,4.612468131317553,55.824975026661974,-0.09453903202065739
2009-08-25,5.08048152923584,5.126667579347613,5.072383764383093,5.08228103253645,324354800,4.952990865707397,4.572650585174561,4.912386103274362,4.630821597902584,57.14294790679452,0.20107849396806543
2009-08-26,5.020800590515137,5.084980885386341,5.001305967597856,5.066086497443961,303998800,4.9640576362609865,4.59128098487854,4.922711292535388,4.6461148917305275,55.67812961071388,-1.1747102784896768
2009-08-27,5.081982135772705,5.085580342249399,4.943423557191549,5.060988326806918,449181600,4.974044632911682,4.611596918106079,4.937879944272276,4.663207724830221,56.3021431757575,1.2185615452074972
2009-08-28,5.099975109100342,5.173153304877323,5.054389295976357,5.166555526840325,453700800,4.984031558036804,4.632092781066895,4.953317579017806,4.680335857546696,58.57734783305094,0.35405424196559565
2009-08-31,5.044794082641602,5.063987990901813,4.993509420515869,5.0432940955689025,311337600,4.98670084476471,4.649325647354126,4.962029626981978,4.694628336962183,58.67192413338165,-1.0819861916634754
2009-09-01,4.957520008087158,5.098478357713897,4.94672338405695,5.038196172450698,469028000,4.986326074600219,4.666078643798828,4.961600139468185,4.704937814261202,49.98404992399068,-1.7299828917644144
2009-09-02,4.953920841217041,5.026798745936771,4.921830089247015,4.937125872163626,364249200,4.986431097984314,4.684775066375733,4.960868777729981,4.71470185453398,44.30767769652344,-0.07260014814354232
2009-09-03,4.9950079917907715,5.01150304247565,4.948522012664956,4.991709301992694,293955200,4.990389823913574,4.702967624664307,4.9641201314500565,4.725694252073462,49.59202032707183,0.8293864979004528
2009-09-04,5.1077752113342285,5.119471987405327,5.011204231955944,5.016902661323916,374628800,4.99758780002594,4.721232194900512,4.977801567629501,4.740677819103296,71.64798343777834,2.257598380799153
2009-09-08,5.186350345611572,5.192648207762424,5.158458840771949,5.187849931938819,315047600,5.009899044036866,4.739520692825318,4.997663356008746,4.758155173084013,69.4385531627415,1.5383436237167203
2009-09-09,5.132668495178223,5.232538175432719,5.089480794749816,5.181853341676039,811087200,5.022360348701477,4.757017459869385,5.010520988310601,4.772841970028884,63.53510698296394,-1.0350602419054167
2009-09-10,5.175253391265869,5.195947280495075,5.122769075301273,5.160257929622206,491134000,5.033231973648071,4.775090026855469,5.026209788592055,4.788622810077394,63.06095320378977,0.8296833533600001
2009-09-11,5.163258075714111,5.19384924204893,5.124569942555249,5.185751474377568,348961200,5.038840246200562,4.792682762145996,5.039262006413203,4.803314389121971,56.88219058167786,-0.23178218813405538
2009-09-14,5.2100443840026855,5.215442094528715,5.105975083535768,5.123369486002439,322011200,5.049247145652771,4.812896766662598,5.055526994755058,4.8192645849996465,60.23744655880627,0.9061392555339776
2009-09-15,5.253232002258301,5.267927552620155,5.206146577966746,5.219642058453002,426470800,5.07259509563446,4.834820232391357,5.0743560430887005,4.836282915088221,62.07074173535821,0.8289299490081392
2009-09-16,5.454471111297607,5.480863433798344,5.334806909185513,5.33810599955106,754023200,5.099392056465149,4.862693910598755,5.110557478156215,4.860525589449374,75.29772650273512,3.830767591318951
2009-09-17,5.534848213195801,5.602028103402483,5.457471933101515,5.4577718504760755,810572000,5.129308223724365,4.891083459854126,5.150966119588556,4.8869696139100185,75.83881771361877,1.47360028604262
2009-09-18,5.548944473266602,5.594830631489577,5.54114622090267,5.573237380810378,601582800,5.157334923744202,4.920270776748657,5.188868819938846,4.912929412316159,75.73090193990784,0.2546819628620245
2009-09-21,5.518951416015625,5.5531407831959445,5.446973274026022,5.5270491822277235,437715600,5.179528284072876,4.947562608718872,5.220305257660444,4.936694981088687,77.98232778027915,-0.5405182444242373
2009-09-22,5.532747745513916,5.559739903697325,5.483862423974308,5.554041875081712,356753600,5.2026513576507565,4.972839031219483,5.25006168507506,4.960069599301441,87.17062733483453,0.249980992009724
2009-09-23,5.563337326049805,5.665307182942891,5.549241216127724,5.560338554149499,593563600,5.226794147491455,4.998769264221192,5.279897460405988,4.983727157213142,88.05252636649955,0.5528822556692736
2009-09-24,5.512953281402588,5.629317982102382,5.481462767999009,5.614322518597039,550880400,5.251401782035828,5.020926666259766,5.302093252881854,5.00448112286763,81.96980702917226,-0.905644250822224
2009-09-25,5.469466209411621,5.563338317763852,5.441574702675021,5.458669587544721,445239200,5.270775985717774,5.041830415725708,5.318033534456118,5.022715832143865,74.4130568420646,-0.7888162618331251
2009-09-28,5.582831382751465,5.598726996743911,5.498257122163198,5.514452252977226,337444800,5.29491879940033,5.062464218139649,5.343252377150913,5.044681147853967,75.56082940100524,2.0726917216303375
2009-09-29,5.5597381591796875,5.620319836682901,5.527647817085586,5.600226583962296,345385600,5.320666003227234,5.08194034576416,5.3638700706774625,5.064879462023603,78.66335195087325,-0.41364716196024
2009-09-30,5.558841705322266,5.591831816282785,5.47666634530104,5.582234460120459,539585200,5.350732088088989,5.102238330841065,5.382438797786492,5.084250530388257,77.27112161578522,-0.01612403015673891
2009-10-01,5.424179553985596,5.584930792403295,5.41938007722574,5.558839193398437,524711600,5.374245023727417,5.11670599937439,5.386414107900692,5.09758108033325,65.79516785497792,-2.422485806849628
2009-10-02,5.545342922210693,5.576533917499317,5.4388754960048225,5.440674999603604,553308000,5.401761770248413,5.132949151992798,5.401550185454026,5.115140368250013,68.6208576739949,2.2337639641016205
2009-10-05,5.5789337158203125,5.604126369665914,5.526449387363655,5.584332627873086,423133200,5.425319695472718,5.148562440872192,5.41844385501272,5.133328342664535,68.28277669640964,0.6057478154340767
2009-10-06,5.698598384857178,5.698598384857178,5.617323589452247,5.630519151439979,605085600,5.450932097434998,5.166503086090088,5.445125238807431,5.15549579529954,65.08524217262939,2.1449379959028514
2009-10-07,5.705796241760254,5.714793360568992,5.6692067306388845,5.691100694104342,465668000,5.479588484764099,5.184647636413574,5.469951048612462,5.177076204964666,61.61363221122386,0.12630925039749386
2009-10-08,5.676405906677246,5.741786286827558,5.665008647032846,5.7180936171898,438211200,5.504646110534668,5.202186450958252,5.489613416047203,5.1966577618945715,58.483017842816665,-0.5150961204661075
2009-10-09,5.712393760681152,5.719291458019997,5.656911063405501,5.66740776827259,293272000,5.53210289478302,5.2187894821167,5.510830591726627,5.216882703023457,62.77236812609722,0.6339901443900064
2009-10-12,5.722590923309326,5.743584733374062,5.687501400911743,5.728889186455834,288024800,5.557730221748352,5.235236568450928,5.530998242353551,5.236714397936629,62.594586728754365,0.17850944902226829
2009-10-13,5.6988983154296875,5.733387603165622,5.689300961966923,5.717192469620832,348020400,5.580013537406922,5.249386367797851,5.546988725503659,5.254839257446161,59.0764550832133,-0.41401889803329706
2009-10-14,5.73698616027832,5.767876035460777,5.70519573249504,5.765777015125731,375510800,5.594139289855957,5.264825782775879,5.565083719291722,5.273746979125853,65.25119310476015,0.6683369791931737
2009-10-15,5.715094566345215,5.7258911914345285,5.684204277954086,5.687203051283977,373556400,5.603151607513428,5.2800912666320805,5.57937046663015,5.291054727644259,67.22786317239903,-0.3815870096511298
2009-10-16,5.639816761016846,5.709096071239536,5.633518496297066,5.678805217958515,431426800,5.60769522190094,5.2945709323883055,5.58512725657174,5.304731670129459,54.222429503690435,-1.317175148275962
2009-10-19,5.694099426269531,5.698298268548118,5.56483867136291,5.633818049959435,942230800,5.616452622413635,5.309176607131958,5.59550555844772,5.320000993899658,59.51589742758454,0.9624898742791599
2009-10-20,5.961019039154053,6.0506927060863305,5.933727366940969,6.016203419423812,1141039200,5.637866187095642,5.329594478607178,5.630316366134037,5.345138956458654,70.6879999215088,4.687652829753852
2009-10-21,6.145763874053955,6.259430519602267,5.975114948152404,5.983812148737572,1193726800,5.666987514495849,5.354840908050537,5.679406604983553,5.376536012050627,85.29948550858512,3.099215648976017
2009-10-22,6.154162406921387,6.233638899547687,6.073487045794208,6.139166940492045,791392000,5.699047970771789,5.378767738342285,5.724621443263347,5.407031164790657,83.47648205995728,0.13665563857552243
2009-10-23,6.1163740158081055,6.172157843233832,6.095080684357708,6.169159070094468,420786800,5.731393361091614,5.400073366165161,5.761931212077133,5.434848531497224,79.41584533618959,-0.6140297999087885
2009-10-26,6.072586536407471,6.200648011526644,6.001207825490868,6.108275891865772,484338400,5.755881118774414,5.421486968994141,5.7915174334419275,5.459857865023116,72.32379709768722,-0.7159058502220983
2009-10-27,5.919332981109619,6.0824835924392735,5.891740188275948,6.047994303197668,756551600,5.7738608598709105,5.444148168563843,5.803690342743613,5.477876497026508,60.85375010482465,-2.523694876623628
2009-10-28,5.7702765464782715,5.93882604830483,5.731287701727268,5.92952821249345,818386800,5.784432601928711,5.461183061599732,5.800508076432628,5.48934316563246,54.2538290965964,-2.5181289024799214
2009-10-29,5.888741970062256,5.902538567989923,5.762479974556527,5.848254330832471,570270400,5.807660722732544,5.480227403640747,5.808911304397355,5.505005863845393,57.43555719079414,2.0530285269652504
2009-10-30,5.6533122062683105,5.902237578204215,5.643414934601325,5.8800444971316335,717525200,5.8130591869354244,5.4935254383087155,5.794092342670779,5.510821798842371,47.5451821784092,-3.997963656598391
2009-11-02,5.677605152130127,5.784672841925853,5.565438867440991,5.692300701693317,678983200,5.817992758750916,5.5055758571624756,5.78299832452405,5.5173623225007145,49.24582021759155,0.42971173314787503
2009-11-03,5.660809516906738,5.683902349043336,5.575934919876382,5.633818160144558,522541600,5.816103315353393,5.517386322021484,5.771361295227163,5.5229877026734995,47.26059108705255,-0.2958225303337114
2009-11-04,5.722590923309326,5.813763377745607,5.705196521180502,5.720191985391422,487530400,5.816943049430847,5.530228509902954,5.766716497901655,5.530815279953336,50.262060081286805,1.0913881878213738
2009-11-05,5.819162845611572,5.848254024935765,5.752882318862919,5.770277523501556,384801200,5.824080896377564,5.546195755004883,5.771711388159742,5.542123027626208,56.17766477451908,1.6875559269646123
2009-11-06,5.828459739685059,5.853951912281227,5.770277778885287,5.773576469142536,295097600,5.829884195327759,5.56112530708313,5.777115993066915,5.553351918295183,54.776125171112255,0.15976342852301872
2009-11-09,6.041995048522949,6.05519060727893,5.886041675207095,5.906434847868482,528855600,5.84585440158844,5.579965705871582,5.8023425697770135,5.57251439399039,52.99202251835272,3.6636661892671674
2009-11-10,6.087582111358643,6.147563566313713,6.028499607412446,6.028799524697811,401195200,5.865288591384887,5.600821466445923,5.829508240403835,5.5927131280048314,47.60379697316762,0.7545034788937421
2009-11-11,6.095679759979248,6.148164086078367,6.0530919039083555,6.13496772491105,443870000,5.883223271369934,5.623584661483765,5.854857908934827,5.612437309650887,47.59080803505308,0.1330191276680548
2009-11-12,6.057890892028809,6.144264664693567,6.041095925051172,6.092380177385548,363731200,5.900363087654114,5.6456640625,5.874194383515206,5.629906077587276,47.59078933824887,-0.6199286943933568
2009-11-13,6.131669044494629,6.143065501460339,6.060290328855908,6.084282911986207,343240800,5.924955701828003,5.668397283554077,5.898715779798961,5.649583056681682,52.37521244737459,1.217885131653662
2009-11-16,6.197048664093018,6.238136127910769,6.148463268689774,6.162558579223335,485206400,5.950103163719177,5.690182752609253,5.927128435446014,5.67105229618801,62.013409196669315,1.0662613902342022
2009-11-17,6.208146095275879,6.221341655916975,6.148164235659636,6.180554503920189,396513600,5.962459516525269,5.710618667602539,5.953892022096477,5.692114798113025,71.50851623680661,0.17907606966460765
2009-11-18,6.17695426940918,6.208145264694144,6.118172086883564,6.194349871285612,374320800,5.964019036293029,5.731504383087159,5.975136045650068,5.711128110712874,65.48488697576065,-0.5024338246555571
2009-11-19,6.013503551483154,6.1364672402101625,5.992210224330205,6.1364672402101625,542326400,5.9569860935211185,5.748269386291504,5.978790093824648,5.722985971135238,70.97439343370115,-2.6461377370964323
2009-11-20,5.995809078216553,6.009905190756833,5.931028545683343,5.972716247880771,406666400,5.950957846641541,5.7649204063415525,5.980410949481019,5.733684916510977,68.67290997900241,-0.2942456608716504
2009-11-23,6.174555778503418,6.178154785960989,6.086681614775515,6.0881816016397865,474896800,5.956056308746338,5.784210634231568,5.998900933197438,5.750973969922445,75.33270507329387,2.981193996591247
2009-11-24,6.1313676834106445,6.174554563129927,6.085181631400396,6.158059115529621,318438400,5.966658043861389,5.801773347854614,6.0115168141701245,5.765891370451394,70.53319377345791,-0.6994526673988699
2009-11-25,6.123871803283691,6.167658932546981,6.110975758537792,6.160160598885189,286454000,5.98433780670166,5.815161361694336,6.022217289323797,5.779929818797759,66.81006929519458,-0.12225461779489244
2009-11-27,6.015904903411865,6.086982914297621,5.949324451598534,5.9748166260312034,295257200,5.990695953369141,5.824782495498657,6.021616109713137,5.789183743684586,59.325642248302,-1.7630496414691943
2009-11-30,5.995510101318359,6.048593864396834,5.961320328244017,6.0314989778596635,424858000,6.007805848121643,5.833713808059692,6.019129823199349,5.797274973395715,47.13712637804756,-0.3390147022094614
2009-12-01,5.907337188720703,6.081285250091379,5.903138345757758,6.065389630303088,465763200,6.0192924499511715,5.841481523513794,6.008482905629954,5.801591138702578,39.45250262431085,-1.470649054169182
2009-12-02,5.885142803192139,6.040796293103711,5.87074717182625,5.967018231876903,715260000,6.030509114265442,5.848529424667358,5.996736229207305,5.804867674564913,37.879845969885736,-0.3757087977124707
2009-12-03,5.89263916015625,5.9676172710661515,5.886341298356643,5.920830580689025,448719600,6.039011526107788,5.855115461349487,5.986822222631014,5.80830969360771,40.143031535882464,0.127377656155514
2009-12-04,5.797867298126221,5.994607793734248,5.706694062718761,5.989210084489775,826884800,6.03794674873352,5.86081374168396,5.968826515535319,5.807900187902554,30.575800475149023,-1.608309272877928
2009-12-07,5.666805267333984,5.81136255249841,5.6587079034846965,5.797866679133937,714758800,6.029864025115967,5.864760522842407,5.940062587135192,5.802367053762611,21.335851239388205,-2.260521396110493
2009-12-08,5.694399833679199,5.768778130601975,5.659310707173308,5.679104450200117,690398800,6.0124842643737795,5.866991891860962,5.916666134425098,5.798133045131888,22.71433376015041,0.4869510251972464
2009-12-09,5.932227611541748,5.943024231662651,5.70759440585228,5.73668597745128,684782000,6.004716539382935,5.874441680908203,5.918148179864779,5.803391655579334,39.34170691682474,4.176520525586036
2009-12-10,5.891140937805176,5.989211898724556,5.881843901365935,5.983213552361397,489669600,5.994489598274231,5.881087665557861,5.915576061573388,5.806832803901917,44.03512727593925,-0.6926011007506561
2009-12-11,5.8383564949035645,5.938226956376108,5.801167549548887,5.931628375174698,429774800,5.983512878417969,5.8893712043762205,5.908221817128643,5.808069027078452,42.57847618294148,-0.8959969462430939
2009-12-14,5.90763521194458,5.921131089060855,5.77507497816394,5.859349731350494,495790400,5.972311186790466,5.8966170501708985,5.908165949968256,5.811973583347712,35.97097420469531,1.1866133406120527
2009-12-15,5.823360919952393,5.9235312968413565,5.7963691635821695,5.873146391306276,419459600,5.953626799583435,5.90150559425354,5.900089280442936,5.812420145567504,34.48174793882619,-1.426531750332083
2009-12-16,5.8491530418396,5.893240084709314,5.834757411661771,5.851252462968979,352984800,5.935677146911621,5.904516687393189,5.895238210099761,5.813860651303665,36.409451463893674,0.44290783693032854
2009-12-17,5.754081726074219,5.848253758572503,5.7282896384596595,5.826060278226652,388838800,5.914533519744873,5.905482397079468,5.8817947354306614,5.81151637972604,36.88000676688604,-1.625386018887276
2009-12-18,5.861148834228516,5.863248255035602,5.776273851864907,5.793369536003326,608770400,5.906915783882141,5.909177255630493,5.8798284591256955,5.813462750490843,43.8052365818526,1.8607158057754036
2009-12-21,5.94512414932251,5.990710775433327,5.868346926666571,5.879744183829688,611906400,5.904381537437439,5.9138318634033205,5.886047096287297,5.818625942601889,51.74894780633899,1.4327449697845385
2009-12-22,6.00900411605835,6.02369966049536,5.958019386180111,5.981412530636641,349515600,5.896103954315185,5.9195601272583005,5.897757288646445,5.826091753325672,55.51985060303639,1.0744934021793107
2009-12-23,6.061189651489258,6.069587335841444,6.022501521280431,6.034197495066575,345525600,5.892595052719116,5.926805953979493,5.913322275583855,5.835311278743852,57.22368499570432,0.8684556446125313
2009-12-24,6.269330024719238,6.278627865206307,6.098681016182874,6.104679364610792,500889200,5.899867963790894,5.937452831268311,5.947227775501511,5.852331621723279,68.4162215946449,3.4339854912614376
2009-12-28,6.34640645980835,6.416585126107415,6.2864241837994195,6.349705951482506,644565600,5.916393041610718,5.950079069137574,5.985244793054543,5.871707105569752,77.71541560084646,1.2294206045176725
2009-12-29,6.2711262702941895,6.3796943183003565,6.260029731892937,6.376995062910531,445205600,5.930173850059509,5.96270525932312,6.0124716004106995,5.887370602225612,72.63944653777256,-1.1861860722427342
2009-12-30,6.347301483154297,6.358098902125435,6.247431864552724,6.263026757163513,412084400,5.952172064781189,5.975769300460815,6.044360160671994,5.9054071073600705,68.66225733489125,1.214697481390914
2009-12-31,6.320013046264648,6.398590186753434,6.314914851993987,6.391992005384288,352410800,5.9739155769348145,5.982949180603027,6.070612816442723,5.921666163787701,69.52490363566423,-0.4299218646234393
2010-01-04,6.418381214141846,6.433076756912997,6.369495910499525,6.400986416498206,493729600,6.000202679634095,5.988401527404785,6.103733616223591,5.941145185370217,75.35398447745864,1.556455139524382
2010-01-05,6.42948055267334,6.465769747557289,6.395590295926477,6.436078733715388,601904800,6.03178334236145,5.993907890319824,6.1347571339807105,5.960295591931124,74.03324720454773,0.17293049697699736
2010-01-06,6.32720947265625,6.454971414199512,6.320611293362402,6.4294788491695645,552160000,6.064803552627564,5.998124599456787,6.153085928140285,5.974684371567403,72.82603858608421,-1.5906585171109322
2010-01-07,6.315512657165527,6.358100507320875,6.269626518023752,6.350602575880924,477131200,6.09585919380188,6.0029831218719485,6.168555140428404,5.988050186688898,71.40098161710806,-0.18486531133941053
2010-01-08,6.357499122619629,6.358099357449847,6.269926102203725,6.307114233726059,447610800,6.117122769355774,6.0117464447021485,6.186549805398997,6.002538380254809,79.10868123061465,0.6648148413805233
2010-01-11,6.301418781280518,6.388092480406524,6.2516333091974765,6.382094134270341,462229600,6.137636661529541,6.022369289398194,6.1974897078639035,6.014259180295033,72.33730623572941,-0.8821132375713692
2010-01-12,6.229740142822266,6.291222397736795,6.1907520892199335,6.2738267912926595,594459600,6.157205843925476,6.029189252853394,6.200561177859938,6.022709414119631,64.62258257499033,-1.1374999971623279
2010-01-13,6.317612648010254,6.326010331980727,6.121172032065067,6.2342384458401225,605892000,6.17770471572876,6.0424752616882325,6.211708936921873,6.034274246821224,65.47376031605538,1.410532432708811
2010-01-14,6.28102445602417,6.3119155384556835,6.268728246767605,6.301418833054759,432894000,6.200587892532349,6.054543647766113,6.218310414931616,6.043950725613496,61.197754362375036,-0.5791458581685505
2010-01-15,6.176055908203125,6.346105421718744,6.1742564043160515,6.3260109616464195,594067600,6.216933035850525,6.064848575592041,6.21428617619557,6.049131321009168,44.69086451974322,-1.6712010684876266
2010-01-19,6.449273109436035,6.453771868410462,6.215343649119593,6.248033429729676,730007600,6.251692605018616,6.079382219314575,6.236665884123233,6.064823155849437,54.786404850326534,4.423813600359727
2010-01-20,6.350004196166992,6.464569404203669,6.283123837888296,6.445375096953876,612152800,6.276135373115539,6.0899990463256835,6.247460009079782,6.076006726057969,53.590060451062946,-1.539226383881942
2010-01-21,6.240235805511475,6.397389264705099,6.214443718988294,6.360500638690358,608154400,6.290890955924988,6.098234567642212,6.2467719896923235,6.082447082114969,45.27158986428404,-1.7286349310095983
2010-01-22,5.930728912353516,6.22314147504131,5.913034592356184,6.201548230112118,881767600,6.2869771957397464,6.0960092449188235,6.21667264899339,6.076497349967461,36.23826425618107,-4.959858934891493
2010-01-25,6.090281009674072,6.139165925840745,6.003906832994564,6.073486041998157,1065699600,6.288431763648987,6.096063222885132,6.204635350010598,6.0770378856422305,38.88214566399867,2.690261174949593
2010-01-26,6.176356315612793,6.409386881972416,6.075586492482457,6.176656232951103,1867110000,6.2837830781936646,6.097676753997803,6.201942108639378,6.080932726033233,41.83750038441431,1.413322403383277
2010-01-27,6.2345380783081055,6.315513344126092,5.984112346480525,6.20364699783895,1722568400,6.278189659118652,6.101209697723388,6.205046486703067,6.0869564653381305,46.92416335837946,0.9420078719914349
2010-01-28,5.976914405822754,6.16315902865188,5.959220087512394,6.146064544889234,1173502400,6.263479065895081,6.098114604949951,6.183319621857323,6.082641090455175,40.33884229155828,-4.132201443787864
2010-01-29,5.760078430175781,6.064187686283612,5.7057946142287,6.030597758244598,1245952400,6.234117913246155,6.089375200271607,6.143010936935271,6.069991574365787,34.50044164912029,-3.6278915996476258
2010-02-01,5.840155124664307,5.878243816242545,5.737285905930892,5.769376252245287,749876400,6.2101250171661375,6.082015380859375,6.114167526242798,6.060978380259846,38.18009019563567,1.3902014609561864
2010-02-02,5.874045372009277,5.887841567049598,5.799667887822983,5.875545358850313,698342400,6.182908225059509,6.075957202911377,6.0912987496491295,6.053647674053941,40.70529258517733,0.5802970404303887
2010-02-03,5.97511625289917,6.004207834616055,5.8308592149524285,5.853352615152895,615328000,6.160190010070801,6.075189456939698,6.080233749958658,6.050568010479244,41.111491984135334,1.7206350051620412
2010-02-04,5.7597808837890625,5.9493238279776035,5.745384852198745,5.900138187558014,757652000,6.131818580627441,6.070468893051148,6.049714429371077,6.039164593746296,37.62110486639028,-3.6038691131009437
2010-02-05,5.862048625946045,5.878244159103058,5.723789962938904,5.7771744380537005,850306800,6.109145379066467,6.06421875,6.03184149571155,6.032218869518835,42.53313379993428,1.7755491783518318
2010-02-08,5.821861267089844,5.934627768971494,5.818262259501862,5.868947482185346,478270800,6.082363486289978,6.058028621673584,6.011843378699959,6.0239695517765215,33.22106382121348,-0.6855514414931263
2010-02-09,5.883942604064941,5.92323056667495,5.840755316371396,5.890840301116595,632886800,6.061489677429199,6.053230037689209,5.999662352544243,6.018478298925087,37.28312794338909,1.0663486147640455
2010-02-10,5.851851940155029,5.896239298041465,5.826059854416686,5.874944770320464,370361600,6.042595267295837,6.049948978424072,5.985585170411937,6.011943931914497,38.9335201433031,-0.5453938977538986
2010-02-11,5.958320617675781,5.9907112865384375,5.8200619419817405,5.844654760831028,550345600,6.024630665779114,6.049205188751221,5.9829885463418275,6.009841056846312,50.889058241120026,1.8194014238496203
2010-02-12,6.009605407714844,6.0473941860112355,5.8632489712459295,5.941525383068205,655468800,6.011059713363648,6.051250553131103,5.98552348552021,6.009831815703902,47.205498720425005,0.8607255857786988
2010-02-16,6.100179195404053,6.108876397622582,6.0437959381669915,6.056392065707889,543737600,6.007265877723694,6.055551280975342,5.9964430769377195,6.013374850201947,47.36951818985047,1.5071503292534816
2010-02-17,6.0746893882751465,6.127473257650967,6.024003739772708,6.123874248259753,436396800,5.988536691665649,6.05919228553772,6.003895106588903,6.015779341891092,44.352741917170555,-0.4178534156522917
2010-02-18,6.08608341217041,6.114875077233493,6.025801226328555,6.0470945572474255,422825200,5.97534065246582,6.064956607818604,6.011722564263332,6.018536364254986,54.669143889675205,0.18756553902583573
2010-02-19,6.048295021057129,6.094181577568377,6.031500048852833,6.053993851479644,415469600,5.965743613243103,6.072586402893067,6.01520565538655,6.01970337040409,64.55639684420426,-0.6208983438793392
2010-02-22,6.010805606842041,6.073187212543278,5.973916975143906,6.068388935507556,390563600,5.96974744796753,6.078914518356323,6.014786603144216,6.019354438499696,59.006134277667165,-0.6198344175435966
2010-02-23,5.9100341796875,6.038096046683881,5.869546550876753,5.998207851969282,575094800,5.960735106468201,6.078470649719239,6.0048101818626245,6.015067369526669,51.77408223670602,-1.6765045111396315
2010-02-24,6.018002986907959,6.041395734646007,5.933427512524327,5.945124286816969,460566400,5.952817440032959,6.081007890701294,6.00606663948599,6.015182491776915,52.099837784379304,1.8268728054322114
2010-02-25,6.058190822601318,6.08398290916739,5.904936688411532,5.91963223546759,665126000,5.94400007724762,6.085404577255249,6.011030847401735,6.016869092985716,67.63560266316027,0.6677935484709296
2010-02-26,6.1367669105529785,6.153261960733327,6.058190584339443,6.06958704069675,507460800,5.951992702484131,6.089987211227417,6.023005710558997,6.021570968184432,66.70319691893414,1.2970223331116637
2010-03-01,6.267827987670898,6.2831229673818125,6.1616592776797585,6.170656395231517,550093600,5.977380180358887,6.098876552581787,6.046322117902988,6.031228106203509,74.41710257135905,2.135669792061723
2010-03-02,6.2636284828186035,6.323010493474761,6.2303380702578695,6.296018342829972,566546400,5.998553848266601,6.107166061401367,6.067017962180666,6.040341846462924,72.19491500384382,-0.06700095887371971
2010-03-03,6.278023719787598,6.29421925148887,6.2363368232137875,6.266327747739374,372052800,6.018752765655518,6.117644901275635,6.087113748619421,6.049662704240363,75.43856952644111,0.22982265005788705
2010-03-04,6.3194122314453125,6.325710494502627,6.257030636719899,6.276525660892347,366041200,6.035967564582824,6.12681016921997,6.109237413650458,6.0602411170719295,73.36954710361846,0.65926019883078
2010-03-05,6.566537380218506,6.58903077131944,6.436975944002297,6.446273377832407,899620400,6.076305389404297,6.139238433837891,6.152789791418844,6.0800958724894425,78.75499593530162,3.9105717386737515
2010-03-08,6.570438385009766,6.600728832585432,6.545545648262431,6.59832989448658,429889600,6.111724877357483,6.150467119216919,6.192565847951313,6.099324990627495,76.66665765344337,0.05940733396281317
2010-03-09,6.688602447509766,6.747984469304115,6.534748481374017,6.547344607144997,920259200,6.155061936378479,6.163015375137329,6.239807428861642,6.122433910505231,81.5017663435099,1.7984197640386945
2010-03-10,6.7431864738464355,6.762381182367706,6.694001634955317,6.712896025732283,596218000,6.198024129867553,6.172492504119873,6.287748290288765,6.146777148283318,82.28688656333014,0.8160752080128786
2010-03-11,6.762979984283447,6.762979984283447,6.697600012742808,6.715295134054153,405700400,6.243580532073975,6.180823974609375,6.333008451621592,6.170941965381362,85.74834531859325,0.29353348767353626
2010-03-12,6.795970916748047,6.829860371689238,6.770478345684692,6.8190633484712135,416323600,6.285463047027588,6.191320867538452,6.377100114966969,6.195452904650645,89.45129381457872,0.487816503098748
2010-03-15,6.713197231292725,6.76298151395491,6.605528894638329,6.759383306264005,493502800,6.320642638206482,6.198638782501221,6.409109364140851,6.215756603734648,91.09893043300457,-1.2179817493234713
2010-03-16,6.73148775100708,6.747382963033785,6.6733054127890155,6.723390386597466,446908000,6.352208065986633,6.20686827659607,6.43981206765192,6.235981354608077,90.19944354830909,0.2724561648374646
2010-03-17,6.721594333648682,6.791473078739215,6.696102158046439,6.74498708766095,450956800,6.38455331325531,6.212932538986206,6.466648473937326,6.255025000844964,88.69881493992365,-0.14697222552203515
2010-03-18,6.737487316131592,6.747984020171499,6.676305394243688,6.7209914658367875,342109600,6.417123508453369,6.219092674255371,6.492442649384399,6.273945091640518,87.80714127087973,0.23644661807911138
2010-03-19,6.665507793426514,6.7551810419762495,6.634916636766184,6.741685167215725,559445600,6.447984147071838,6.2258586406707765,6.5089250440550765,6.289300491710557,77.03936033697599,-1.0683437211486457
2010-03-22,6.740488052368164,6.777977319438845,6.60252927937838,6.612126634256938,456419600,6.484468269348144,6.234358148574829,6.530978663894418,6.306994121540267,79.57625138632163,1.1248994265012469
2010-03-23,6.848753929138184,6.861350454694232,6.720991572468423,6.767178031993405,602431200,6.531404256820679,6.244183244705201,6.561242974870015,6.328239604191166,81.70640735878305,1.6062023391908875
2010-03-24,6.87904691696167,6.903939656683956,6.823263090493969,6.827162416482702,597780400,6.574456453323364,6.255735807418823,6.591510016973982,6.34983989096648,81.47806827209493,0.442313859381116
2010-03-25,6.797471523284912,6.92703342643263,6.785474828313606,6.925533439137487,542284400,6.611420488357544,6.267090435028076,6.611125398527403,6.367394072626027,65.96219992432603,-1.185853137236459
2010-03-26,6.924932479858398,6.95642259413151,6.8544531177689425,6.866449809404741,640875200,6.650828766822815,6.279236831665039,6.641011787225594,6.389258323890042,70.92798050623875,1.8751230679947106
2010-03-29,6.9696197509765625,7.014006719351805,6.946527315557525,6.987915110336642,540744400,6.6859183549880985,6.293008737564087,6.672307783773305,6.412017595540494,68.16621518483218,0.64530984595359
2010-03-30,7.0733866691589355,7.122272783937225,7.025400706617771,7.095880064073632,527310000,6.726406264305115,6.310955352783203,6.710505772857651,6.437953637643178,70.06944082169707,1.4888461908963313
2010-03-31,7.0478949546813965,7.0961812407623945,7.031700220924638,7.062591303171668,430659600,6.764899826049804,6.32292778968811,6.742638075888484,6.4618729049780095,67.19789771811463,-0.3603890988836622
2010-04-01,7.0769853591918945,7.159760119784918,6.980414404743126,7.120172643458384,603145200,6.802778482437134,6.337467412948609,6.774480674298333,6.485994962006005,67.04270726092841,0.4127530943289104
2010-04-05,7.152565002441406,7.15316483713265,7.0409981524122935,7.0472968170940415,684507600,6.8320798635482785,6.355713996887207,6.810488705550054,6.512134963591707,76.88093714135013,1.0679638209417197
2010-04-06,7.184054851531982,7.205048261746147,7.1078774588036095,7.143866734061652,447017200,6.86276068687439,6.380780515670776,6.846066433738809,6.5384847631187775,77.248397139599,0.44025953038984156
2010-04-07,7.215846538543701,7.255434828291907,7.157663372909678,7.184355616902713,628502000,6.889122891426086,6.403291826248169,6.88128358657737,6.5650479699981865,78.99365481807533,0.4425312399297665
2010-04-08,7.196352481842041,7.244038140829377,7.139069467330987,7.211048032064022,572989200,6.911781191825867,6.423691749572754,6.9112901480311475,6.589805009678338,76.80454583437788,-0.27015619854900974
2010-04-09,7.251535415649414,7.25453538999095,7.21164760944843,7.240739191917902,334182800,6.936208963394165,6.4440316963195805,6.943694459232887,6.615755221677204,84.91793218075661,0.7668181060698664
2010-04-12,7.266529083251953,7.289921828576942,7.252133054838327,7.263829427500822,333026400,6.95973687171936,6.469823989868164,6.974440613901369,6.641275765268371,83.75678692601822,0.20676541922668434
2010-04-13,7.270727634429932,7.281824974201377,7.23113935436052,7.253633550759477,306210800,6.987613391876221,6.500036973953247,7.00265842538028,6.665960152294314,81.25286503048851,0.057779321184514565
2010-04-14,7.368499755859375,7.372098763552425,7.3199147536977645,7.356203546665095,404076400,7.019463992118835,6.530603866577149,7.037500456854479,6.69351072498314,82.95645071287163,1.344736405287028
2010-04-15,7.465372085571289,7.468670775993114,7.363102271478598,7.371199639493909,376784800,7.0566528797149655,6.562430400848388,7.07825013577989,6.7237797979473815,94.06420015943394,1.3146818609158784
2010-04-16,7.419784545898437,7.531951218447351,7.33431011378973,7.454873670257502,750545600,7.090767741203308,6.591323766708374,7.1107772224578465,6.7510741017886,86.60155522575027,-0.6106532822518274
2010-04-19,7.409885883331299,7.434478296210042,7.250932949223389,7.408686214369062,566924400,7.127986645698547,6.624325866699219,7.139263761588651,6.77690985792753,84.33088052115133,-0.13340902968145274
2010-04-20,7.335506916046143,7.475265125928005,7.286621614391775,7.453971405445584,738326400,7.157737588882446,6.653795032501221,7.157953585822698,6.7988156249125735,71.42127873155616,-1.003780199266946
2010-04-21,7.774278163909912,7.805169244199803,7.669609032348244,7.761681637793724,982391200,7.204013800621032,6.692843370437622,7.216651164688147,6.83706905781443,85.4298132751324,5.981471395030313
2010-04-22,7.991710186004639,8.00010786713298,7.683702046103474,7.744884350620156,793424800,7.259646964073181,6.734998722076416,7.290466309575432,6.882349102057184,87.6912890137635,2.7968129967885558
2010-04-23,8.122472763061523,8.162960390930973,8.00760725816962,8.037297864935027,796955600,7.3258970260620115,6.780411138534546,7.36970501943125,6.930981402488727,88.22669556346885,1.6362277161386718
2010-04-26,8.082585334777832,8.171358443101639,8.043296573298182,8.15396404249547,479068800,7.383779668807984,6.822896432876587,7.437598382797591,6.976142341009869,85.18064771725464,-0.4910749404428594
2010-04-27,7.858850955963135,8.032798946270649,7.813265138397773,8.01570406447187,709343600,7.428241229057312,6.859881343841553,7.477717675480024,7.0107583651256835,71.8862861880268,-2.7681041343542767
2010-04-28,7.845654487609863,7.917632212383901,7.690001066102619,7.895139623868445,758402400,7.466854619979858,6.894790849685669,7.512759276635247,7.043499389536828,72.19579590661786,-0.16791854721787125
2010-04-29,8.056793212890625,8.097580359240233,7.857952470835817,7.888242913332993,558840800,7.51729953289032,6.934432926177979,7.564572032469092,7.08323640221737,74.87475335115431,2.691155028738512
2010-04-30,7.830358982086182,8.11467327267755,7.827660127779788,8.07688450730619,542463600,7.554968214035034,6.969318437576294,7.589885075289767,7.112535326918108,65.40463922562321,-2.810475890608133
2010-05-03,7.988115310668945,8.03400226299753,7.884045996414567,7.912838060886578,454342000,7.596745729446411,7.0081148433685305,7.627811764373498,7.146871796869122,68.0827623541482,2.0146755588558385
2010-05-04,7.758084774017334,7.896343879244848,7.700202723464893,7.884347985238192,723819600,7.625447225570679,7.043060426712036,7.640218717672911,7.1708409332278755,59.206210949164195,-2.879659690745595
2010-05-05,7.677407741546631,7.741888764519555,7.459672570811604,7.588634616757451,883103200,7.648525285720825,7.078407897949218,7.643760529470408,7.190706298259983,55.04922262789719,-1.0399091376379288
2010-05-06,7.385292053222656,7.745183863512572,5.975712926552248,7.6126236720120275,1285860800,7.657972264289856,7.105753679275512,7.619144484113479,7.198337112180089,49.264933029399444,-3.8048739647261076
2010-05-07,7.073688507080078,7.394893202705948,6.754284116519187,7.3091192375460095,1676018400,7.649079918861389,7.126063632965088,7.567196295824584,7.193448931587931,43.65166846776632,-4.219244735306116
2010-05-10,7.617425441741943,7.637219985943477,7.453674580311513,7.505259561322695,984306400,7.666624736785889,7.155676803588867,7.57198002400719,7.210075461397893,54.521871372795694,7.686752591913493
2010-05-11,7.693301200866699,7.794370501816215,7.512755037278967,7.552942343372702,848906800,7.687753415107727,7.184186267852783,7.583534421803334,7.22902549039667,48.530033721946204,0.9960814149748254
2010-05-12,7.860352039337158,7.8915426349671804,7.758682886477566,7.774876817569426,654379600,7.712346029281616,7.216120738983154,7.609898004425602,7.253783394276689,47.57104061227009,2.1713804530575143
2010-05-13,7.748486518859863,7.947626804659301,7.689703527819959,7.89424232511924,599712400,7.726501750946045,7.2455299949646,7.623096910562198,7.273183516809363,43.03590614217192,-1.4231617097741123
2010-05-14,7.612325191497803,7.692101579735852,7.482764140560176,7.652513302872212,759362800,7.736128783226013,7.271388254165649,7.622071032556065,7.286483190326557,41.546272045583635,-1.7572635253432112
2010-05-17,7.624322414398193,7.683105399713419,7.429080672161162,7.6387184436624604,762834800,7.746850609779358,7.2925439548492434,7.622285449874363,7.299731787348974,45.43654895242577,0.15760260628105982
2010-05-18,7.568540096282959,7.754184502689804,7.505558263327263,7.707098687260399,782678400,7.758502268791199,7.312505989074707,7.61716684477042,7.310273289660111,44.69581900009766,-0.7316364010248599
2010-05-19,7.447975158691406,7.5853340696832285,7.343306830829454,7.482764762359822,1025726800,7.742187118530273,7.32769344329834,7.601053350858133,7.315673362955455,37.928191505455075,-1.592974814928494
2010-05-20,7.13067102432251,7.313316252071593,7.084184244083757,7.25423294545981,1282915200,7.699135160446167,7.335443134307861,7.556255034045217,7.308418369283575,36.60895632226874,-4.260273800707015
2010-05-21,7.267430782318115,7.33281115691852,6.938428286787931,6.982514931917738,1223891200,7.656383061408997,7.345532150268554,7.528747962452159,7.3068110129319885,36.095361339274525,1.917908672677826
2010-05-24,7.400587558746338,7.524750885580487,7.385592498557725,7.416183254223429,754238800,7.622283172607422,7.357624483108521,7.5165422097182715,7.310488524532551,42.834727153731585,1.8322400366329816
2010-05-25,7.354404449462891,7.400590115716195,7.112676691978241,7.178356583889812,1048006400,7.5970608472824095,7.370448627471924,7.501100518265378,7.3122107176670745,43.43531372805551,-0.624046522209798
2010-05-26,7.321112632751465,7.561641475983034,7.310315611131356,7.5001596374726285,850654000,7.57083375453949,7.382241125106812,7.483958814883101,7.312559812376267,48.542260727316524,-0.4526786219087642
2010-05-27,7.59822940826416,7.614424939900074,7.471067696585528,7.515754165939846,666282400,7.5479055643081665,7.399773826599121,7.494841728538439,7.323762541626773,62.103781340994956,3.7851729568125547
2010-05-28,7.704099655151367,7.779677215402906,7.598230847083165,7.77937769851724,815614800,7.541592597961426,7.419106073379517,7.5147710548825275,7.338677722549306,52.506512113427306,1.393354177646411
2010-06-01,7.822565078735352,7.975819237403902,7.766481736789026,7.788375302434159,876472800,7.5333150863647464,7.442247219085694,7.544084771439939,7.357653697301701,53.648285499879954,1.5376932917108954
2010-06-02,7.916136264801025,7.9416280331360625,7.807567807703352,7.933830183609555,688548000,7.54121766090393,7.465760183334351,7.579518246998138,7.379554974458538,51.64255744064985,1.19617011969686
2010-06-03,7.891245365142822,7.964123281314877,7.80996896206517,7.953025938600003,650106800,7.55190954208374,7.486610012054443,7.609206543964298,7.399621264289294,54.43043369525165,-0.31443243048859815
2010-06-04,7.676507472991943,7.854653535933648,7.636619675193198,7.74398686027731,758304400,7.566470313072204,7.502559223175049,7.615616156252645,7.410479546983516,51.89922964085088,-2.72121676889453
2010-06-07,7.525953769683838,7.772179906728725,7.514256592655253,7.746387815575597,886942000,7.589083576202393,7.517128868103027,7.60707688134133,7.4150079478737245,47.309757972893884,-1.9612265582726884
2010-06-08,7.477668762207031,7.611729022858751,7.367301573225111,7.594933650235495,1000770400,7.582095742225647,7.52818359375,7.594752298566635,7.417465234710325,47.50456540225168,-0.6415799107258535
2010-06-09,7.293822765350342,7.554746061579189,7.272529834215436,7.541849214768728,854630000,7.562121820449829,7.5346676540374755,7.566092343022226,7.412616510421699,45.908977822142326,-2.458600436888403
2010-06-10,7.513055324554443,7.5271502341772925,7.263829292772641,7.343005845884725,776356000,7.544756984710693,7.543461027145386,7.5610411984062464,7.416555287446513,60.70528045896975,3.005729180116301
2010-06-11,7.603029727935791,7.613526432513859,7.418884518713865,7.444676604442198,545759200,7.537484145164489,7.554563722610474,7.565040105980489,7.423868010602955,59.64821803210909,1.1975740826410508
2010-06-14,7.626125812530518,7.772181996882457,7.61802844235784,7.676511139838798,602960400,7.538174176216126,7.565546531677246,7.570857792318587,7.431799689109918,56.922109221654196,0.3037747506084987
2010-06-15,7.788372039794922,7.793170715279237,7.662709528514058,7.666908369562834,585074000,7.546376657485962,7.578262672424317,7.5915734349353805,7.445782918548546,62.43333158465359,2.1275052530318472
2010-06-16,8.015103340148926,8.030098397737314,7.816562178700101,7.830657885205828,783678000,7.56870481967926,7.594883642196655,7.63190961638429,7.468109209591699,67.89911195855152,2.911151383055577
2010-06-17,8.153665542602539,8.184556624474785,8.082586342862538,8.11557644543805,872855200,7.6039893388748165,7.613640022277832,7.681600656976504,7.494993771670555,65.42824037895568,1.728763767268382
2010-06-18,8.219646453857422,8.247539168652224,8.140170355886303,8.165063096245396,784621600,7.658438110351563,7.63410590171814,7.732843113822305,7.523411523913177,64.64476972122951,0.8092177795389732
2010-06-21,8.102680206298828,8.367800689721607,8.059492916434637,8.328212407416704,776490400,7.7002005815505985,7.651128797531128,7.768065694058165,7.546127942830262,57.96381332072378,-1.4230082548587264
2010-06-22,8.213046073913574,8.27662692907467,8.142567522441736,8.162361260049575,717262000,7.74082350730896,7.67005913734436,7.810444777853918,7.572281595029608,58.36144586079123,1.3620908736957205
2010-06-23,8.12667465209961,8.237342157798432,8.034602023053035,8.234942818875561,768457200,7.779437017440796,7.687178077697754,7.840561908734459,7.594022499228432,56.408157798213715,-1.0516368840094437
2010-06-24,8.067591667175293,8.19355373746872,8.040599108529005,8.127572728291774,714277200,7.8167609691619875,7.701159915924072,7.862183790490729,7.612593839147917,61.63044597299267,-0.7270253511262648
2010-06-25,7.998610973358154,8.10567944702384,7.971918734160604,8.09938158416607,549942400,7.836780047416687,7.71182469367981,7.875176855525722,7.627731765979691,64.7731052860626,-0.855034521613196
2010-06-28,8.046598434448242,8.090086050470907,7.933232076875107,8.005510157263997,584948000,7.853904986381531,7.724360971450806,7.891502720185009,7.644157909841203,67.7854509939074,0.59994743149685
2010-06-29,7.682806491851807,7.929332932310984,7.626723152155622,7.921234763940174,1133344800,7.846917057037354,7.729819383621216,7.871626888915181,7.645673540508286,60.930375896730894,-4.521064963786536
2010-06-30,7.54364824295044,7.73679020412312,7.498062409131126,7.699001420268053,739452000,7.828292655944824,7.733982210159302,7.840390827394729,7.641672548447194,50.900164492791475,-1.8112944670538589
2010-07-01,7.452172756195068,7.641716441461671,7.294420297332279,7.6267205799504385,1022896000,7.8063390254974365,7.727540102005005,7.803417677756666,7.63424118404515,45.56510963516624,-1.2126160156109567
2010-07-02,7.405990123748779,7.525654344429008,7.29382263560986,7.512457180071755,693842800,7.792813158035278,7.715825700759888,7.76556743451782,7.625290162072743,43.6151232862162,-0.6197203682361874
2010-07-06,7.456674098968506,7.581736016788241,7.382595722677696,7.527752501231366,615235600,7.789349174499511,7.702509727478027,7.7361490216083615,7.618677767441205,39.71365307192566,0.6843646072008491
2010-07-07,7.757781505584717,7.760781479004671,7.490262519714828,7.5124547950592895,654556000,7.803354811668396,7.696013650894165,7.738209258177538,7.624132815995853,42.37202174224633,4.038092621720768
2010-07-08,7.74038553237915,7.88464290084767,7.644414432095679,7.872046378601963,738144400,7.825682950019837,7.693644342422485,7.738416522387216,7.6286917460501,36.800646450961686,-0.224239019789918
2010-07-09,7.786278247833252,7.794675134721896,7.652517481434684,7.704401993676422,433322400,7.839344096183777,7.692456817626953,7.742974781953505,7.634871608865126,35.97915970514302,0.5928996076762116
2010-07-12,7.716396808624268,7.853155915014958,7.643518895662477,7.753585758682033,562878400,7.845012450218201,7.685648889541626,7.740443546398339,7.638068675522347,37.10977839374849,-0.8974947591736893
2010-07-13,7.551744937896728,7.689703698114369,7.390692945064203,7.687305160464154,1190924000,7.841293406486511,7.680076608657837,7.722472250350567,7.634683430909578,28.704035556308995,-2.1337921676541582
2010-07-14,7.579633712768555,7.671706297141635,7.467767392733122,7.479165047934069,812047600,7.830856490135193,7.671906976699829,7.708868580104661,7.63252461843346,31.694050456297234,0.36930239436283596
2010-07-15,7.54124927520752,7.706799650191749,7.4167863764038335,7.444678289870669,824866000,7.807163786888123,7.667570266723633,7.692904836781124,7.628945193208914,32.139274244387565,-0.5064154682880351
2010-07-16,7.494760513305664,7.646814951532713,7.450074045416925,7.593130966363558,1039858400,7.7742185354232785,7.663917322158813,7.67403394883108,7.623683048898982,32.63747462541579,-0.6164596899706276
2010-07-19,7.365198612213135,7.49416062306499,7.185852907507122,7.49416062306499,1024478000,7.731496143341064,7.663515453338623,7.644621059629371,7.613546404323067,27.769019169683972,-1.728699681097401
2010-07-20,7.554443836212158,7.584735084491709,7.198150876627488,7.284824978224337,1074950800,7.704084324836731,7.6731305599212645,7.636032752637255,7.611228656554012,45.273830466338715,2.5694517413992424
2010-07-21,7.624921321868896,7.952123422523127,7.617724108959041,7.950323919083887,1185671200,7.674678087234497,7.673280477523804,7.634974521135506,7.611765623821262,53.15178542369965,0.9329275216648503
2010-07-22,7.768282890319824,7.797673995367211,7.657015534407869,7.728094758617155,645318800,7.656758499145508,7.674780111312867,7.6476705562959175,7.617903555840814,61.784564275934684,1.880171117828544
2010-07-23,7.795870304107666,7.809066662932498,7.686102994606107,7.710395891110078,533388800,7.643172430992126,7.6734904766082765,7.661784817992275,7.624882644008142,64.73905726333518,0.35512885121908866
2010-07-26,7.776074409484863,7.800666815988887,7.72898861619308,7.797667644360726,420551600,7.632045602798462,7.674042234420776,7.672669540991569,7.630811732850367,62.36336420032226,-0.2539279625056401
2010-07-27,7.920034885406494,7.941628129664355,7.806668551146423,7.823763436431009,584771600,7.625717425346375,7.6801964282989506,7.6962281452215615,7.642153817264332,57.15041014989656,1.851325853389918
2010-07-28,7.826464176177979,7.977319807979727,7.805171244509745,7.90774058091491,519985200,7.632900309562683,7.684239263534546,7.708631576741221,7.649381674476632,53.554769282634524,-1.1814431449150398
2010-07-29,7.74098539352417,7.877144597738943,7.680704038971712,7.81896226314453,643806800,7.642767167091369,7.68768816947937,7.711712892625311,7.652973977184379,48.18877085985428,-1.092176246254184
2010-07-30,7.7151970863342285,7.788674833484173,7.644717711776429,7.67440992925143,448210000,7.655918383598328,7.693032608032227,7.712044720597588,7.655414099111824,49.950270232662575,-0.33313985079360675
2010-08-02,7.853152275085449,7.87534534755628,7.7862727400424525,7.810865150169266,428055600,7.678276491165161,7.707482233047485,7.725483535310718,7.6631685373853,62.77642464582195,1.7880967551117788
2010-08-03,7.855555057525635,7.895442862277263,7.78027780767644,7.827963463229494,417653600,7.698220539093017,7.719244718551636,7.737871299331187,7.670713106802568,61.95438711167543,0.030596407098948397
2010-08-04,7.887044429779053,7.926032074439952,7.806968518228846,7.882845587863865,420375200,7.704683685302735,7.72897385597229,7.752078264135745,7.679196688095764,65.07174189461446,0.4008548348630292
2010-08-05,7.8486552238464355,7.893042177023511,7.81416513972416,7.849554575193623,289097200,7.710097169876098,7.738858871459961,7.761276069822478,7.6858421208703,65.53444817901608,-0.48673753868649916
2010-08-06,7.80037260055542,7.842360231038501,7.726593729207801,7.791074761765656,444897600,7.710801887512207,7.74844407081604,7.764999548939901,7.6903335122305005,70.57005791728575,-0.6151706491619002
2010-08-09,7.850157260894775,7.862153955528808,7.784776876834179,7.842059091593085,303128000,7.717489910125733,7.753482627868652,7.773109807221318,7.696601110217335,66.10070482577709,0.6382343881343733
2010-08-10,7.779976844787598,7.811168245406865,7.724193025296591,7.793173206588057,451920000,7.728901505470276,7.755000171661377,7.773763810799059,7.699870746867149,58.445037847170504,-0.8940001298671896
2010-08-11,7.503460884094238,7.6684122338932035,7.49206482490319,7.659715030603338,620054400,7.72509286403656,7.748618087768555,7.748020674922409,7.692168399307428,37.40360573520927,-3.554200304318622
2010-08-12,7.551444053649902,7.590732013161718,7.381394572242987,7.398489455518685,534920400,7.725602602958679,7.741324243545532,7.729299091944075,7.686649797516937,38.59502745786982,0.6394805050210728
2010-08-13,7.470769882202148,7.554144494859925,7.470469564457627,7.54724679690375,354869200,7.724403071403503,7.732914733886719,7.704677262444844,7.678183918484985,36.520245632295996,-1.068327738040531
2010-08-16,7.426980495452881,7.498059677609129,7.396388938028663,7.425180992074986,318430000,7.727492165565491,7.727924194335937,7.678229951302752,7.668332803856275,26.118295056765845,-0.5861428934330948
2010-08-17,7.5568413734436035,7.636617749774318,7.473765507372562,7.50015822190707,422640400,7.727612042427063,7.7285419464111325,7.666669134363786,7.663960590898916,37.3840008139354,1.7485016699616995
2010-08-18,7.589830875396728,7.637816829579543,7.54514441104574,7.568537954122797,339696000,7.725857520103455,7.730785188674926,7.659351204938352,7.661053543232164,42.56192025289006,0.4365514680386928
2010-08-19,7.494161605834961,7.602129424014063,7.458172333108594,7.582934718108156,426706000,7.712151455879211,7.734791965484619,7.6436188621666,7.65450876137345,39.82309938760104,-1.260492771609567
2010-08-20,7.486965179443359,7.615326599031527,7.467770469465388,7.479467646281904,384230000,7.6967061996459964,7.734270162582398,7.628699463812006,7.6479384248271725,30.832072028178658,-0.09602710443284979
2010-08-23,7.371798992156982,7.557743732508825,7.355304740279013,7.551445869002884,414041600,7.676492428779602,7.729645547866821,7.604232752225813,7.637109427467557,27.351634014943045,-1.5382225578206787
2010-08-24,7.19575309753418,7.287824929887025,7.157364473883828,7.2779288576548895,602565600,7.640278339385986,7.721038093566895,7.565329927969467,7.619801336097621,21.493793393646072,-2.3880994966100078
2010-08-25,7.284523963928223,7.317514865301815,7.113875433300917,7.139067684411709,596867600,7.613181328773498,7.710961132049561,7.538586502822682,7.606653203855684,27.665410741801125,1.2336563691222713
2010-08-26,7.206246376037598,7.370297500407164,7.206246376037598,7.361299983322255,466505200,7.58644437789917,7.694783992767334,7.506935062176483,7.590950975313798,27.02358213435997,-1.074573826350811
2010-08-27,7.246435165405273,7.276126574150473,7.064689307456441,7.250334490265162,548391200,7.563006281852722,7.676639385223389,7.4821255481982725,7.577440551395817,26.477904858371005,0.5576938016067956
2010-08-30,7.272828578948975,7.370299707776544,7.218244426466603,7.220643765074501,383289200,7.533990097045899,7.65770302772522,7.462192503507863,7.5654949838488825,29.542578953746215,0.3642261738530994
2010-08-31,7.290822982788086,7.334610107716913,7.20834772745128,7.253333720732189,420786800,7.505753493309021,7.641465883255005,7.445871596772646,7.554723532826891,39.16218588775805,0.24741960633027915
2010-09-01,7.507660865783691,7.541550332397823,7.386197115709283,7.42188608681291,697037600,7.486784315109253,7.627358179092408,7.4517562890594125,7.552877938040884,48.09614252183361,2.974120802377289
2010-09-02,7.562841415405273,7.562841415405273,7.454873586453164,7.535549340645718,415427600,7.4724936246871945,7.6160815143585205,7.462335824901875,7.553268662643409,54.09439361888009,0.734989907083694
2010-09-03,7.760783195495605,7.761082712395557,7.632721301277757,7.650416022947364,520788800,7.470514154434204,7.609945344924927,7.49075938400604,7.561406487461142,63.05432902798223,2.617293808212473
2010-09-07,7.73198938369751,7.783573544655015,7.6852030974884435,7.696899468828945,342557600,7.464605760574341,7.604612913131714,7.513733669690942,7.568096012803745,57.43762159395195,-0.3710168300385841
2010-09-08,7.885244369506836,7.9293310052335615,7.770677578459456,7.79107195203651,526551200,7.469869136810303,7.601385831832886,7.54911564110198,7.58053320326269,61.38209126661452,1.9820899668131498
2010-09-09,7.889742851257324,7.993211504086944,7.885244492733311,7.948825350831665,438575200,7.489183235168457,7.605524559020996,7.581556327783441,7.592659071811499,66.39319448286767,0.057049363845762535
2010-09-10,7.899942874908447,7.93263346790923,7.839660684635349,7.8933446927493724,387542400,7.506608176231384,7.612650451660156,7.611878856081061,7.604709417030987,67.07161833620532,0.12928207982718654
2010-09-13,8.008809089660645,8.045998038213357,7.970421272619799,7.972219975775674,388780000,7.533510136604309,7.623783178329468,7.649681735469593,7.620556463016464,76.47051363900982,1.3780633161028844
2010-09-14,8.039402961730957,8.072692597376308,7.963225531202149,7.983919434807708,408150400,7.564131259918213,7.6364514350891115,7.68679804273258,7.6369818159072285,89.87784625704133,0.38200276380429
2010-09-15,8.104177474975586,8.10897695143304,8.032798776965189,8.042696445835148,429368800,7.591498064994812,7.649401502609253,7.7265484648509615,7.655303214302066,89.64289206596969,0.8057129808390906
2010-09-16,8.294623374938965,8.29762254823187,8.082587028638423,8.104780911005907,652103200,7.6267376899719235,7.660138339996338,7.780650837240295,7.680374593150572,97.48737341163809,2.3499719811349795
2010-09-17,8.258631706237793,8.336308262393805,8.20794689844179,8.328210097208176,634477200,7.664961194992065,7.670503263473511,7.826172824763867,7.703051342683405,94.32586052805232,-0.43391564721209086
2010-09-20,8.494361877441406,8.51085692540106,8.273027756945744,8.279925453118803,658677600,7.715331029891968,7.684664936065674,7.889809877399823,7.734083128360189,95.20499768658306,2.8543489961607715
2010-09-21,8.510560035705566,8.617928049523556,8.481168934867782,8.513259692406498,668074400,7.772269082069397,7.7005482006073,7.948928940095608,7.764533203158047,95.1986144133804,0.19069305614560772
2010-09-22,8.629923820495605,8.636821518708784,8.469771168577198,8.478768688538311,585289600,7.843977618217468,7.722111778259277,8.013785595371798,7.7984700901124615,94.82475433152814,1.4025373687425402
2010-09-23,8.665008544921875,8.780174339373504,8.577435130999689,8.587331997505258,786116800,7.913001847267151,7.743819274902344,8.075806828662282,7.832451990301066,94.74032012177425,0.40654732482046096
2010-09-24,8.766982078552246,8.803271673819566,8.713898715072991,8.76038469836484,649488000,7.9910386323928835,7.768333930969238,8.141633042937517,7.869100229056015,94.29589710993247,1.1768428513568185
2010-09-27,8.732192993164062,8.83926067976371,8.72769463352197,8.816768080705884,482834800,8.065326523780822,7.793082580566407,8.197876847720998,7.902947004119076,93.80076050708826,-0.39681939664610866
2010-09-28,8.603232383728027,8.75048820372998,8.24753920395597,8.75048820372998,1035042400,8.131846714019776,7.817843255996704,8.236482136864526,7.930409175868447,82.12558448751571,-1.4768410356595596
2010-09-29,8.618528366088867,8.691706605334097,8.577440886176456,8.614329522756234,469644000,8.198231983184815,7.8391249465942385,8.272867492028748,7.957394242151601,82.29664222471104,0.1777934348230703
2010-09-30,8.509960174560547,8.697404104262299,8.434982442510375,8.667413171611702,673391600,8.248346948623658,7.856825723648071,8.295447747507968,7.979063494402932,74.86544891373687,-1.2597068422435242
2010-10-01,8.473065376281738,8.594828533774102,8.43797547073735,8.581932496961493,448142800,8.29385814666748,7.87092137336731,8.312363712153088,7.998436117221709,70.10350574930993,-0.4335484246929977
2010-10-04,8.356705665588379,8.484466440631445,8.330612458128726,8.445478790433231,435302000,8.323654270172119,7.882138080596924,8.3165867553374,8.012485903432166,62.79002003558122,-1.3732894239088411
2010-10-05,8.665611267089844,8.680905845665924,8.452074187974356,8.457473499355649,501967200,8.370335364341736,7.899928817749023,8.34982718502811,8.038098662791292,68.90907292204672,3.6964997196621496
2010-10-06,8.67310905456543,8.757084293641004,8.555244363164224,8.685105746104007,670868800,8.409728598594665,7.914990301132202,8.380615934507855,8.06300103109616,64.53909283205883,0.08652346896820262
2010-10-07,8.6740083694458,8.71179714329687,8.604729484616941,8.707598301663735,408399600,8.44894187450409,7.931941184997559,8.408558071168612,8.086962103188304,66.39832716385902,0.010369002334842392
2010-10-08,8.819462776184082,8.832358815199228,8.697400081122817,8.74868391956366,658403200,8.494917869567871,7.953510732650757,8.447691852598657,8.115687619776374,63.81942997430644,1.6768995433604106
2010-10-11,8.858154296875,8.914537950587311,8.835362182896557,8.839561025257378,427753200,8.53738512992859,7.976369876861572,8.48678351395831,8.144803960054752,64.49832891662403,0.43870609438252384
2010-10-12,8.95352840423584,8.982320472582934,8.772081993987054,8.859656266847853,558544000,8.583091402053833,7.99837739944458,8.531235408270456,8.176518644140284,63.77334565121033,1.0766814865088348
2010-10-13,9.001514434814453,9.05609779633587,8.991317243883923,9.003313939096312,630092400,8.627958250045776,8.021296586990356,8.576023886988931,8.208871420245153,64.16687142969562,0.535945477717048
2010-10-14,9.066591262817385,9.071389137915777,9.009307469141396,9.047996393528525,435296400,8.666556644439698,8.044887523651123,8.622744589448784,8.242507492502888,63.01795130828836,0.7229542148067702
2010-10-15,9.439379692077637,9.447177540903368,9.14456783021333,9.22044489551505,922194000,8.72559404373169,8.076702013015748,8.700519361127723,8.289443657192095,73.7509696868368,4.111671282558849
2010-10-18,9.537152290344238,9.567142418589336,9.4258849743864,9.55124800299223,1093010800,8.777733564376831,8.111437606811524,8.780198687719773,8.338373407511787,82.03698323963863,1.0357947392312328
2010-10-19,9.281926155090332,9.410287532070855,8.997911332362236,9.099280958243128,1232784000,8.81630187034607,8.140072984695434,8.827982256040778,8.37537547604428,69.54048786681446,-2.676125194229173
2010-10-20,9.313118934631348,9.424685773002803,9.203352400992893,9.267232786816963,721624400,8.850461626052857,8.17073582649231,8.87418574923988,8.412149729322204,74.78701380194123,0.33605933746745364
2010-10-21,9.282828330993652,9.439381162179286,9.201252424575577,9.368002444275293,551460000,8.881352615356445,8.206323175430297,8.913104090359287,8.44629398821128,75.09312049100004,-0.32524661018832335
2010-10-22,9.221345901489258,9.29842264297728,9.186256779795462,9.26933106624217,372778000,8.904070806503295,8.239721212387085,8.942460453324045,8.476688180888848,77.73703445587881,-0.6623243187544037
2010-10-25,9.262433052062988,9.345207818810774,9.250436360861624,9.269931384487446,392462000,8.930582809448243,8.275554475784302,8.972934034156326,8.507501705248618,73.11793002409269,0.44556565833946404
2010-10-26,9.238741874694824,9.289426699710353,9.166762519869014,9.20335243233618,392929600,8.962358283996583,8.31178970336914,8.998249066588563,8.53617779032494,71.63836927026063,-0.25577704297562454
2010-10-27,9.23214340209961,9.294224282288171,9.16526304417049,9.226744890594674,399002800,8.99303903579712,8.34529574394226,9.020524717589616,8.563470559414142,71.25884230707479,-0.07142176591476979
2010-10-28,9.154468536376951,9.237243325745473,9.024307604660548,9.23574333851178,551051200,9.025264453887939,8.376588497161865,9.033281271759838,8.586646950667586,63.45476927885317,-0.8413524610654699
2010-10-29,9.026707649230955,9.173663977745552,9.023408157274618,9.12417880602853,430511200,9.0529465675354,8.407239418029786,9.032655212471374,8.603904232964188,56.317580102416066,-1.3956122809130278
2010-11-01,9.122674942016602,9.165262395583415,9.063292921359082,9.063892755928295,423889200,9.091245031356811,8.43995361328125,9.04122852004711,8.624248182338793,56.33699555174445,1.0631483428381827
2010-11-02,9.27802562713623,9.302918354723865,9.20724756930824,9.20724756930824,433930000,9.12186574935913,8.478078145980835,9.063780625484169,8.64988651350732,59.58803046286221,1.7029071638201776
2010-11-03,9.38119888305664,9.38359822155028,9.253136993924148,9.338311107906478,508348400,9.157270240783692,8.521787061691285,9.094010935729166,8.678565429960235,60.62822819262444,1.1120173630330354
2010-11-04,9.545249938964844,9.602532943570733,9.44807833278461,9.460674859731345,642488000,9.200832319259643,8.567001581192017,9.136986078894468,8.712553057764337,54.16379423513305,1.7487216501133496
2010-11-05,9.511059761047363,9.584237985608008,9.499663703707384,9.536852650629143,361253200,9.235412168502808,8.613097848892211,9.17261214386141,8.743867046128377,48.919775995653836,-0.35819049407928016
2010-11-08,9.555747985839844,9.59023727986018,9.499964159520228,9.51316052293608,281758400,9.27029185295105,8.659284105300904,9.20910127166888,8.775705514352357,63.72954719554259,0.46985536749017953
2010-11-09,9.479568481445312,9.636122100277513,9.4321831522759,9.628623767755192,383544000,9.296593856811523,8.70341890335083,9.23486005355235,8.80330798365012,57.98559860762746,-0.7972113172869055
2010-11-10,9.538052558898926,9.56024564034084,9.403691998392492,9.496364450698188,384227200,9.323420763015747,8.748363494873047,9.263735530252024,8.832121496404975,61.92214003531795,0.6169487310322852
2010-11-11,9.496665000915527,9.549149328944097,9.424685647294924,9.447179045142496,361284000,9.344924449920654,8.788143577575683,9.285919289362834,8.858182025993624,63.10688339176408,-0.4339204227259641
2010-11-12,9.23813819885254,9.492162074958973,9.106178627784242,9.47716701497607,795846800,9.3348623752594,8.82164951324463,9.281368709314235,8.873082268066524,49.04179251563794,-2.7222904255131963
2010-11-15,9.208450317382812,9.313418971676438,9.185357085302652,9.251037773880206,403606000,9.318427276611327,8.850602855682373,9.27442410055886,8.886233956275007,48.810902722610855,-0.3213621709341363
2010-11-16,9.044997215270996,9.22524307569971,8.97691720160832,9.168860235070287,657650000,9.306580829620362,8.876863012313843,9.252573921007635,8.892459966431712,43.459058828705665,-1.7750337622310375
2010-11-17,9.012309074401855,9.116977409451737,8.930133335648836,9.033302484617831,479449600,9.291540336608886,8.899404306411743,9.229691554664226,8.89715993145015,44.870069757277776,-0.36139470351579384
2010-11-18,9.25013542175293,9.287324357911974,9.13796957965504,9.153264157314352,494491200,9.289905691146851,8.926612157821655,9.231638589625055,8.911002107540455,57.469232745884625,2.6389058052456837
2010-11-19,9.199151039123535,9.249236015620577,9.154464572805043,9.236339975062023,384843200,9.288795948028564,8.952596321105958,9.228544537196338,8.922302065641752,52.635886661245294,-0.5511744456140333
2010-11-22,9.397994995117188,9.397994995117188,9.173362116407672,9.197654219304331,393075200,9.295574045181274,8.980380039215088,9.244682676045944,8.940956690327063,54.0145971424833,2.1615468117435865
2010-11-23,9.259135246276855,9.349709480480108,9.194055186786033,9.310720226981502,519447600,9.296593713760377,9.004774684906005,9.24605911130603,8.953434280756467,46.01060364738041,-1.4775465289402434
2010-11-24,9.441182136535645,9.459177177892704,9.349710145936536,9.357206878564194,413725200,9.307045650482177,9.031514778137208,9.264642256565994,8.972561647649767,46.638304164728424,1.9661327480013924
2010-11-26,9.447175979614258,9.528152025420018,9.385394635438086,9.409387211628038,237585600,9.321681022644043,9.054565830230713,9.282026420665828,8.991173974393472,47.898076460853645,0.06348615027156335
2010-11-29,9.503256797790527,9.521550541699389,9.338605894989406,9.462168550844506,445785200,9.345508480072022,9.079458332061767,9.303095980391989,9.011255653742376,48.28577034598531,0.593625209240134
2010-11-30,9.331713676452637,9.427985130860971,9.323315991771192,9.403391911436744,501858000,9.355960416793824,9.096205368041993,9.305821475254907,9.023822635025132,45.454556115798475,-1.8050982414552164
2010-12-01,9.48916244506836,9.52965006266867,9.447174841160482,9.455272204511155,461750800,9.366517257690429,9.115777416229248,9.323282519999045,9.042071255026828,48.58320026221781,1.6872438876154527
2010-12-02,9.541651725769045,9.56714349782246,9.443880276831177,9.52305685110886,462837200,9.37453989982605,9.134011974334717,9.344079587215235,9.061662646036327,51.29534760086647,0.5531497748567427
2010-12-03,9.520357131958008,9.556645924715964,9.487367029142677,9.507461088222628,342092800,9.373295259475707,9.151118946075439,9.360867924809785,9.07965066509208,59.41206105588298,-0.22317513175970083
2010-12-06,9.601632118225098,9.667012479694398,9.549746832284884,9.556345012053692,448481600,9.377823877334595,9.167811946868897,9.383797847992195,9.100120525999257,62.67651235025312,0.8536968218793461
2010-12-07,9.543451309204102,9.716798724169076,9.540752453606256,9.711101496061335,391454000,9.377209043502807,9.184037113189698,9.399002939536187,9.11750604690925,67.24091636291661,-0.6059470755035656
2010-12-08,9.627422332763672,9.627722650416146,9.510457816866223,9.58603455601733,321935600,9.384601736068726,9.20452091217041,9.420757167462614,9.137502764001582,70.54708072191434,0.8798810916401445
2010-12-09,9.589935302734377,9.672110233109768,9.567741424501325,9.661014495264032,294151200,9.387195873260499,9.22394905090332,9.43686937082183,9.155245216500907,63.104515115360506,-0.3893776416322825
2010-12-10,9.613927841186523,9.62862338709541,9.555144856703787,9.586635769849796,262511200,9.393059015274048,9.24602840423584,9.453732082285134,9.173232770410147,66.33613161304862,0.25018457053933574
2010-12-13,9.647217750549316,9.74888850760997,9.627124493978812,9.728194615629825,439815600,9.413512992858887,9.269511451721192,9.472159288786484,9.191820416690115,61.28773932491865,0.346267518466048
2010-12-14,9.605830192565918,9.673310375529782,9.567141266028324,9.649017477628904,351008000,9.433381986618041,9.294493942260742,9.484889851051191,9.208056094175442,67.22312132594004,-0.429010301763344
2010-12-15,9.607933044433594,9.68710882436822,9.572843113986869,9.597135218702968,417312000,9.461528778076172,9.313340377807616,9.496608250420945,9.223737543205173,60.08732102823742,0.021891412043739678
2010-12-16,9.634625434875488,9.6754133987065,9.600136136602408,9.629826756678016,322030800,9.492644596099854,9.332570705413819,9.50975274417852,9.239850793858912,61.06241508524962,0.27781615794417736
2010-12-17,9.615428924560549,9.650818365856132,9.60403206692132,9.646019688955404,386929200,9.510909271240234,9.351399116516113,9.519817142310142,9.254579348004073,56.92120299159143,-0.1992450090010922
2010-12-20,9.663413047790527,9.694604444275184,9.544049176170711,9.645118494506775,385610400,9.534122371673584,9.368278121948242,9.533492942832083,9.270612042113346,74.14844602682217,0.499032581972636
2010-12-21,9.72309684753418,9.728794876172172,9.65861662606012,9.687107570097394,256354000,9.550377464294433,9.385576972961426,9.551550457565616,9.288356544286712,69.85768408781826,0.6176264995450875
2010-12-22,9.751890182495115,9.768685555931604,9.703604685136442,9.727897592719048,265921600,9.575015211105347,9.40154420852661,9.570630431368425,9.306534334020375,68.59426477708062,0.29613337614997626
2010-12-23,9.70509910583496,9.751585072233503,9.692203066195438,9.747086714495492,223157200,9.588211059570312,9.415615901947021,9.583436971793809,9.322164325071927,65.63416019937767,-0.4798154592034587
2010-12-27,9.7374906539917,9.760284366904948,9.642719197578206,9.682607794752792,249816000,9.602726793289184,9.429033889770508,9.59810875105075,9.33845163208839,62.53435866753497,0.33375803588924224
2010-12-28,9.761185646057127,9.796874604652274,9.748889436779017,9.774381206840994,175924000,9.615623235702515,9.435470008850098,9.613639883908501,9.355029436557752,71.45340522336609,0.24333776439326993
2010-12-29,9.755785942077637,9.79057554491486,9.750087113464351,9.78367704720901,163139200,9.636826848983764,9.439842681884766,9.627177603734133,9.370745377950689,64.96472257243974,-0.05531811580360424
2010-12-30,9.706900596618652,9.762383289853478,9.688606043439432,9.76148393846054,157494400,9.647713756561279,9.448342170715332,9.634770269723134,9.383927935545511,63.282886371955975,-0.5010907962641697
2010-12-31,9.673910140991213,9.701501728167436,9.636420883774324,9.685606513751456,193508000,9.654326677322388,9.455557994842529,9.63849787651057,9.39529978673946,56.675327101217036,-0.3398660087127303
2011-01-03,9.884143829345703,9.904837713436413,9.74228661322638,9.766279185729225,445138400,9.672516012191773,9.46758430480957,9.661892729161535,9.41447014135147,68.91693710623852,2.1732028237854806
2011-01-04,9.935731887817385,9.97202067508498,9.841559469668423,9.970221171521093,309080800,9.689221000671386,9.481872024536132,9.68797264903352,9.43491177846778,75.91823095469697,0.5219274361277337
2011-01-05,10.017008781433104,10.027205970452176,9.882049188981778,9.883549176025896,255519600,9.712898874282837,9.496963539123534,9.719309423547767,9.457739111917402,78.58263267245357,0.8180262363497892
2011-01-06,10.008909225463867,10.054495043415235,9.984016495423068,10.03859983040974,300428800,9.731973218917847,9.512366886138915,9.746890357063586,9.479353626174126,76.84927627051215,-0.08085803003636816
2011-01-07,10.080588340759276,10.08748603734418,9.9540256590582,10.016707165386263,311931200,9.756505870819092,9.52933578491211,9.778671117415557,9.502931458118642,81.03165928446312,0.7161531159963763
2011-01-10,10.270432472229004,10.293825219830584,10.112080148503978,10.16186481658519,448560000,9.789331102371216,9.55165506362915,9.825505532159696,9.533029537103362,84.05050018723627,1.8832643993815568
2011-01-11,10.24614143371582,10.345710780184184,10.18106057679672,10.34331224248071,444108000,9.819277286529541,9.576043739318848,9.86556609421266,9.560994709519537,80.55313535471517,-0.23651427122339808
2011-01-12,10.329517364501951,10.32981768230608,10.256939760990264,10.294429033115142,302590400,9.855461645126343,9.600180587768556,9.909751929478308,9.591132852852182,81.71888157591587,0.8137300399912117
2011-01-13,10.367303848266602,10.396095910381616,10.312420981978104,10.351708948801605,296780400,9.893430185317992,9.621966152191161,9.95332830269624,9.621570931103728,86.72643415526899,0.36581073859758284
2011-01-14,10.45127773284912,10.45127773284912,10.330114357289071,10.373601160839025,308840000,9.934262800216676,9.643367729187013,10.000752057948896,9.654108452740802,87.44479286945041,0.8099876863988831
2011-01-18,10.216448783874512,10.339711993708985,9.777079941054495,9.882648430253736,1880998000,9.964313793182374,9.656791706085205,10.021294603275145,9.676161014746047,69.55172312108076,-2.2468922458784513
2011-01-19,10.162166595458984,10.454878702819318,10.103384400291644,10.447380369122426,1135612800,9.989251470565796,9.669813842773438,10.03471098348313,9.695220057126946,66.7491834143697,-0.5313214950111167
2011-01-20,9.977418899536133,10.145968390948676,9.90064168470737,10.08988506608732,764789200,10.001967573165894,9.678247261047364,10.029254594535796,9.706286678397895,60.02663787965879,-1.8179951508117131
2011-01-21,9.798672676086426,10.043399559175825,9.795973020269242,10.01010914307836,754401200,10.00430669784546,9.684629344940186,10.007294411826333,9.709909658699406,54.17334720801751,-1.7915076559331111
2011-01-24,10.120475769042969,10.120475769042969,9.79867139204385,9.803170550867186,574683200,10.025075531005859,9.696277809143066,10.018073588704107,9.726010290477586,57.3563008207311,3.2841498394154955
2011-01-25,10.238943099975586,10.240143570154894,10.03410476705178,10.08688941681052,546868000,10.050148153305054,9.711123371124268,10.039108780253772,9.746125302614763,59.06080434088733,1.1705707679770416
2011-01-26,10.312419891357422,10.364904214433,10.241941332210295,10.285727653684862,506875600,10.077709865570068,9.732609004974366,10.06513840988269,9.768332933545848,58.869060946537935,0.7176208585631283
2011-01-27,10.29322624206543,10.33761320350816,10.28183018502745,10.310321128469695,285026000,10.104581880569459,9.754304523468017,10.086861060566761,9.788916984860341,58.47949923034655,-0.18612168137255303
2011-01-28,10.079988479614258,10.328915020478648,10.002912540521022,10.322017323363948,592057200,10.123236274719238,9.775004348754884,10.086206529047475,9.800331553282064,49.98350266921047,-2.071631939651064
2011-01-31,10.176563262939451,10.198157313814368,10.02600874579887,10.07099475009336,377246800,10.14836893081665,9.798289432525635,10.094811932275283,9.81508573797451,47.27881546128453,0.958084262898784
2011-02-01,10.34780979156494,10.366403863030229,10.226346089908091,10.235943443359725,426633200,10.171552228927613,9.820242919921874,10.118906966493345,9.835976877330998,52.7158763374048,1.6827540319935608
2011-02-02,10.32651710510254,10.354408215112358,10.30342387145499,10.330416430759009,258955200,10.19109148979187,9.842790241241454,10.138679360646602,9.855213749008314,49.9171042452324,-0.20576998312972217
2011-02-03,10.30012321472168,10.324116598054216,10.153467262914138,10.31092023722132,393797600,10.2052472114563,9.860832805633544,10.15405496579661,9.872661179036289,48.132071289094604,-0.25559334393412403
2011-02-04,10.391894340515137,10.397892685214762,10.302221089373464,10.306119613004672,321840400,10.224396467208862,9.883487987518311,10.176706334817421,9.893023263800165,48.35599859330005,0.8909711454935909
2011-02-07,10.553251266479492,10.594337943684907,10.426088705274482,10.433586239033977,485021600,10.248029613494873,9.905729370117188,10.212567756880475,9.918914558022884,59.719620663898745,1.5527190777457012
2011-02-08,10.652817726135254,10.662415079274478,10.56134575699231,10.60723190041839,381040800,10.267148876190186,9.929842205047608,10.25449632538093,9.947695074419448,63.79880884243798,0.943467156628941
2011-02-09,10.74159049987793,10.766783549192084,10.642920526362476,10.652517077635014,482745200,10.29192132949829,9.954608879089356,10.300886246761598,9.978828228358996,72.71750963937406,0.8333266936961126
2011-02-10,10.633026123046877,10.79677779050508,10.436884183081554,10.71850136535017,928550000,10.307096767425538,9.980635128021241,10.332518615931624,10.004483047758521,75.88397458238403,-1.0106918228942607
2011-02-11,10.70230197906494,10.730792915403825,10.603031375406324,10.639320960780177,367572800,10.323846673965454,10.004897918701172,10.367736079087178,10.031848496045047,71.4034022936891,0.6515159016482475
2011-02-14,10.772184371948242,10.781181091313249,10.698106790984763,10.700506129708064,310416400,10.33989200592041,10.029508571624756,10.406254964121565,10.060881275492232,70.34330953888258,0.6529659975956781
2011-02-15,10.793780326843262,10.7958801491765,10.72330173628771,10.772486590756886,284174800,10.368758583068848,10.05497703552246,10.443162141523631,10.0896224147609,69.12095063979845,0.2004788829205184
2011-02-16,10.890649795532228,10.94373316303843,10.811772735722604,10.820769455150591,481157600,10.40518274307251,10.080757389068603,10.485780013333974,10.121035253222521,72.35195722883758,0.8974563661265256
2011-02-17,10.745787620544434,10.80487010879872,10.692403158775129,10.714297515215437,530583200,10.443601179122926,10.10480411529541,10.510542642592114,10.145535346058676,76.2533834829625,-1.3301518064351203
2011-02-18,10.51366138458252,10.781781063639992,10.482469983098236,10.758087995628475,816057200,10.47935061454773,10.122528896331787,10.51083966563882,10.159971661294906,62.00853809426428,-2.160160280090795
2011-02-22,10.155269622802734,10.358909116450796,10.128578177609262,10.261437971367007,872555600,10.481090307235718,10.133835582733154,10.476975852035382,10.159787267628547,43.948026160781296,-3.408819712468003
2011-02-23,10.275530815124512,10.336111700878938,10.155265992456908,10.160065469604758,671854400,10.482919692993164,10.147067642211914,10.457790610424823,10.164326230275448,48.49125365665609,1.1842245138596885
2011-02-24,10.283329010009766,10.351409036346691,10.148069910513527,10.3175195824648,499900800,10.481465148925782,10.159789867401123,10.441175219909104,10.168993005951304,49.49750894553922,0.07589092014377297
2011-02-25,10.441680908203123,10.449778273982943,10.34091110910224,10.354706502527536,380018800,10.488887882232666,10.176506881713868,10.441223380699011,10.179686649176865,51.43256214721042,1.539889446688103
2011-02-28,10.593135833740234,10.648319010748684,10.53045432441921,10.534053331725918,403074000,10.514545249938966,10.1962109375,10.455691233369604,10.195900342689155,51.15421851938122,1.4504841401361546
2011-03-01,10.476167678833008,10.668410196058757,10.42728237734667,10.66091266661157,456136800,10.529525470733642,10.21304178237915,10.457641371032786,10.206891218616365,44.938902668872196,-1.10418819075907
2011-03-02,10.560444831848145,10.627325180371653,10.448878012311331,10.49566430459378,602590800,10.540157222747803,10.231942100524902,10.467432176824724,10.220756066194081,44.79669741156618,0.8044654839328036
2011-03-03,10.783581733703612,10.790479432431043,10.67441421924526,10.71250332283,500788400,10.563010454177856,10.254345474243165,10.497541658432237,10.242827660998376,54.057550916970584,2.1129498369475197
2011-03-04,10.79677963256836,10.805476836658892,10.72929941950461,10.79887865392391,453266800,10.58784327507019,10.275819129943848,10.526040513111868,10.264551267726612,52.62558366475477,0.12238882396096162
2011-03-07,10.657615661621094,10.84685903679593,10.536151981491294,10.83876087083273,546123200,10.601129341125489,10.293933639526367,10.538571479636555,10.279965557683258,46.93413392486187,-1.2889396253627283
2011-03-08,10.669615745544434,10.71880139175844,10.564346754257128,10.64412317035704,356316800,10.606947565078736,10.313223972320557,10.551051885913497,10.295245957207227,46.660195489740175,0.11259632833779953
2011-03-09,10.57094383239746,10.639623699424927,10.514861294027536,10.637523877699556,453306000,10.602853870391845,10.329893035888672,10.552946357007206,10.306057638587236,41.40881352874297,-0.9247935024106146
2011-03-10,10.396994590759276,10.489967350309565,10.343910430932322,10.470472325753969,507539200,10.585624074935913,10.342609214782716,10.538093807840736,10.309623793574374,40.77144815209939,-1.6455412534221447
2011-03-11,10.556549072265623,10.56644674573245,10.34691284052651,10.356808912298462,471080400,10.581800222396849,10.358624477386474,10.539851452071678,10.319307137836777,51.1800630717484,1.534621184165652
2011-03-14,10.603631973266602,10.691206211371668,10.536152591977435,10.592235117402298,435957200,10.576866722106931,10.376559104919433,10.545925787423576,10.330457131383044,64.88716404752824,0.44600655648610044
2011-03-15,10.3598051071167,10.432083163579302,10.199952813736372,10.259934663146202,721081200,10.556247758865355,10.390277004241943,10.52820000834673,10.331608032392207,52.58599801239153,-2.2994655676906506
2011-03-16,9.897348403930664,10.286932749857971,9.784882166820172,10.256941806685017,1162011200,10.511426162719726,10.390541095733642,10.468118903164248,10.314578243040774,40.73984249518381,-4.463951767474361
2011-03-17,10.036200523376465,10.185255773680195,9.91683587574066,10.101880390577332,659422400,10.468703699111938,10.392550468444824,10.426983819374936,10.303661469720605,40.1801390652521,1.4029224169844978
2011-03-18,9.917139053344728,10.14297159146223,9.89704499318023,10.110880838409283,753214000,10.427271270751953,10.390553073883057,10.378427174991106,10.288503727901944,33.36785682776802,-1.1863201592516637
2011-03-21,10.175960540771484,10.189156100603354,10.05479635889598,10.076690721355376,409402000,10.410386228561402,10.39389410018921,10.359144638398762,10.284090269583102,43.09568093487625,2.6098402577048097
2011-03-22,10.232942581176758,10.27553083342104,10.171161225389978,10.273731329805084,325922800,10.414269876480102,10.396941184997559,10.347125394853808,10.282084477880892,42.372166808304975,0.5599671910771153
2011-03-23,10.172663688659668,10.2035539736496,10.075492071436337,10.175362544317036,372996400,10.40912652015686,10.394985809326172,10.33050999426389,10.277793466538883,34.60310440471676,-0.5890670453674862
2011-03-24,10.346010208129885,10.376901288890842,10.162765146733612,10.252438415238707,404712000,10.412260580062867,10.396983184814452,10.33198620510827,10.280468632875785,39.48789208067978,1.7040425671740245
2011-03-25,10.543047904968262,10.558642798093956,10.40748773682368,10.438978641537313,448910000,10.417328929901123,10.401253795623779,10.35208731938065,10.290765859232353,47.39846064092463,1.9044800157218544
2011-03-28,10.510061264038086,10.626427579812988,10.510061264038086,10.591337654607948,309355200,10.413175201416015,10.404108943939208,10.367132456967074,10.299365679028657,46.41113326288811,-0.312875756873221
2011-03-29,10.52565860748291,10.52565860748291,10.37870310537591,10.426688281262816,352900800,10.41564974784851,10.405596561431885,10.382230185587629,10.30823991151706,48.9418521164518,0.14840392508645994
2011-03-30,10.455777168273926,10.523258161590284,10.420088210189022,10.51605934541074,329406000,10.4104163646698,10.410383129119873,10.389234660129182,10.314025686291838,51.44374550278831,-0.6639151222262107
2011-03-31,10.45217990875244,10.490868043398825,10.378702164361012,10.387698883494457,274019200,10.393846273422241,10.416183395385742,10.39522944571235,10.319443498937353,47.22394289955523,-0.03440451593020866
2011-04-01,10.333715438842772,10.544552936905564,10.295926652573304,10.530157704565596,418661600,10.37069306373596,10.423309326171875,10.389370968867627,10.320003182855213,43.08328755232226,-1.133394860630632
2011-04-04,10.232644081115724,10.334913878000132,10.148969156777234,10.326216676749056,460084800,10.349444484710693,10.43198875427246,10.37444459860554,10.316577335728175,46.48422544748095,-0.9780737463229938
2011-04-05,10.16366958618164,10.264439444552098,10.076995447217508,10.106686873669952,482731200,10.324147176742553,10.432852630615235,10.354370787898503,10.310580953393016,59.410953530598825,-0.6740632664178681
2011-04-06,10.138171195983888,10.313918712775568,10.111179442407035,10.233543286587777,402539200,10.302508544921874,10.4308371925354,10.333780350573301,10.303819786435795,53.91712936301046,-0.2508777954806751
2011-04-07,10.139371871948242,10.209849629189067,10.077889230489983,10.139970905655984,373447200,10.289627408981323,10.427376232147218,10.315265257370914,10.297370848612754,59.386903419161456,0.011843121813037705
2011-04-08,10.048797607421877,10.201451884954295,10.015507993703888,10.194554188578405,377535200,10.264239835739136,10.422487659454346,10.289887385947196,10.287622878369975,43.73884788039299,-0.8932926582656431
2011-04-11,9.921035766601562,10.067091059399663,9.89764302247606,10.018805584508913,398946800,10.230110025405885,10.419308605194091,10.25475866029523,10.273246913202586,35.64323578317838,-1.2714142110490045
2011-04-12,9.969021797180176,10.008909589550363,9.90304080403489,9.91173800372851,425639200,10.210570859909058,10.415157775878907,10.227545625712844,10.261316516495825,40.51927455361104,0.4836796450241154
2011-04-13,10.080890655517578,10.081190172414573,9.97262250488001,10.047600233348714,346220000,10.219747972488404,10.409819393157958,10.213578485694248,10.254240992535893,36.90768627953312,1.1221648484011304
2011-04-14,9.96962070465088,10.076988674611073,9.958824484799509,10.040999406463255,301800800,10.216418981552126,10.402681465148925,10.190344411309164,10.243079412618833,19.061898636480493,-1.1037710324314998
2011-04-15,9.82086944580078,10.006214381619465,9.801075699651976,9.996017190742592,453605600,10.211605501174926,10.393096389770507,10.155156319355985,10.226522159018126,16.945161544105005,-1.4920453170370607
2011-04-18,9.952528953552246,9.963925812319635,9.60193399668433,9.780080890021976,609898800,10.200433921813964,10.38430908203125,10.135858474993725,10.21577732743123,25.265426336680278,1.34060948959831
2011-04-19,10.132773399353027,10.136371605731629,9.948327882844032,9.990015982785746,419378400,10.195425462722778,10.375899524688721,10.13556465826604,10.212522271428163,37.2725209347629,1.8110416622947767
2011-04-20,10.269232749938965,10.369402721005894,10.241941478160753,10.302222850579604,700666400,10.200253915786742,10.368227825164794,10.14829495271108,10.21474621176192,43.4744924408693,1.3467127429756864
2011-04-21,10.51785945892334,10.6507200300007,10.452479084226628,10.646820704379389,753810400,10.208846378326417,10.363753204345704,10.183491572350343,10.22663300576825,56.010129715388175,2.421083590552109
2011-04-25,10.587136268615724,10.609330144450402,10.505859897572892,10.507060367384035,266546000,10.21105079650879,10.36283540725708,10.221933924375618,10.240770388625014,61.81520434526108,0.6586588265696136
2011-04-26,10.509462356567385,10.646520966472812,10.477371604107317,10.605433495359948,338800000,10.211020851135254,10.358978614807128,10.249317584584357,10.251307328544323,61.458803422693016,-0.733663099044024
2011-04-27,10.501365661621094,10.567346679696408,10.409893670171453,10.564047188326562,356213200,10.209806203842163,10.353562240600587,10.27332216334976,10.261113537684588,62.17588220211141,-0.07704195201985176
2011-04-28,10.399394035339355,10.489366014242137,10.362504611023414,10.382598667978264,360959200,10.206987047195435,10.345674514770508,10.28532900830115,10.266536302298501,58.1653903861185,-0.9710320501876257
2011-04-29,10.50076961517334,10.615334875415536,10.396999781222185,10.400299273530724,1006345200,10.20941653251648,10.33787691116333,10.305847161336597,10.27572192241124,64.09749353170417,0.9748219895263865
2011-05-02,10.385297775268556,10.510960313289424,10.361905028151766,10.48906675215698,442713600,10.21199564933777,10.330667114257812,10.313413886472974,10.280019014680155,64.59271080884699,-1.0996512078307985
2011-05-03,10.442880630493164,10.493565451455654,10.365503571026672,10.436582767799033,313348000,10.22250747680664,10.329251499176026,10.325744052570135,10.286405744712038,64.80504056155084,0.5544651339871587
2011-05-04,10.48397159576416,10.551751319343284,10.403295024917142,10.444682820918432,389250400,10.238522577285767,10.335825538635254,10.340813342398137,10.294153425145455,63.17644220067821,0.3934830505580189
2011-05-05,10.399394035339355,10.525356087158755,10.378399826137992,10.448878383481723,335969200,10.25158371925354,10.33830280303955,10.346392456011587,10.298280507898157,64.29852360168582,-0.8067320638199371
2011-05-06,10.39669704437256,10.496867037124908,10.3832011639931,10.487569999661988,280134400,10.264449977874756,10.340570163726806,10.351183369188822,10.302139979916761,71.21998604075466,-0.025934116522852158
2011-05-09,10.424885749816896,10.47287171261656,10.392795002051654,10.432682798062318,204747200,10.283254384994507,10.340234260559082,10.358202643534353,10.30695353952069,68.84401042142245,0.2711313537754112
2011-05-10,10.48037052154541,10.48756853696986,10.3966955943544,10.463575152221694,282091600,10.3112211227417,10.337978954315185,10.369837679535406,10.313754205482443,65.39983234690675,0.5322338590568076
2011-05-11,10.413790702819824,10.496866604401212,10.354109154513566,10.467475506044469,336000000,10.333459568023681,10.336731414794922,10.37402368175297,10.317677205378027,56.827177553458114,-0.6352811533591463
2011-05-12,10.393991470336914,10.41048731568426,10.265031086984994,10.380496398487798,322000000,10.349114608764648,10.333402347564697,10.375925375903822,10.320669921650925,42.536880343009855,-0.19012512396229253
2011-05-13,10.21195125579834,10.384399316170343,10.207452896264645,10.366705394942384,326116000,10.361231136322022,10.321969738006592,10.360308793036634,10.316406444558668,30.099046963841076,-1.7513985369152274
2011-05-16,9.996015548706056,10.233545268557746,9.975021335643552,10.172963569700636,449775200,10.369988441467285,10.305954456329346,10.325614198338483,10.303842095701704,26.248943442638705,-2.114539148134642
2011-05-17,10.08118724822998,10.08118724822998,9.918935628632717,9.95702471688378,452334400,10.376421356201172,10.294425888061523,10.302335441185292,10.295110533055754,31.857073323796158,0.8520564929988428
2011-05-18,10.193059921264648,10.228449376028433,10.076994682522722,10.09109040085939,334776400,10.379435682296753,10.284894771575928,10.291928248811898,10.291108548279633,41.16621032680894,1.109717241432162
2011-05-19,10.212849617004396,10.269232463553177,10.157065804164189,10.25933559380643,261170000,10.376616525650025,10.277732887268066,10.284396950544517,10.288039570582566,36.747464992757095,0.1941487236670092
2011-05-20,10.053598403930664,10.225447421846578,10.047600057622503,10.18375931542852,337968400,10.353403472900391,10.270864963531494,10.262416136581294,10.278845799341315,35.32384324818797,-1.5593220212366532
2011-05-23,10.029006958007812,10.07639310137668,9.879652112753115,9.896147167594568,383600000,10.325497007369995,10.260314121246338,10.240186691002867,10.269048197720394,31.137328945149378,-0.24460342391672274
2011-05-24,9.962722778320312,10.073990070274254,9.937230213794823,10.061993380886475,321927200,10.298160028457641,10.247495937347413,10.213761556461671,10.257035436175293,26.776905434240334,-0.6609246555021486
2011-05-25,10.100383758544922,10.153768239074417,9.982519058245968,9.999913461442796,294224000,10.278110933303832,10.242307510375976,10.20296367094579,10.250892233130966,37.279918470742174,1.3817606219473477
2011-05-26,10.047000885009766,10.103684060085897,10.029905997328743,10.076092466097595,222560800,10.260491275787354,10.245300559997558,10.188110072285216,10.242896493988958,35.73871587264661,-0.5285232206151957
2011-05-27,10.119277954101562,10.125876134818984,10.026305991988808,10.041001539526702,203599200,10.241416692733765,10.24696210861206,10.181554632458202,10.238048708111021,37.969348687772055,0.7193894966171843
2011-05-31,10.431785583496094,10.431785583496094,10.226946448879234,10.229946423068862,417754400,10.243741083145142,10.257255039215089,10.205386151604667,10.245646232635927,48.40928804672625,3.0882403943441883
2011-06-01,10.362205505371094,10.560745959100826,10.336414218458485,10.462976119630175,554682800,10.239707326889038,10.26097993850708,10.220321328153851,10.250217184507894,48.314368643161956,-0.6670006545675289
2011-06-02,10.37989902496338,10.43628267175551,10.32591551721586,10.39189571595047,338783200,10.234503698348998,10.263919067382812,10.235519204040473,10.255302746878698,49.53887153498335,0.17075051815094167
2011-06-03,10.30012321472168,10.356806381573934,10.257236243285632,10.292326165985846,313250000,10.229540157318116,10.266468257904053,10.241671966962492,10.257060412284305,53.09207221512835,-0.768560561618592
2011-06-06,10.138171195983888,10.408390651141728,10.131273499165784,10.367903020776453,461941200,10.216613864898681,10.262311477661132,10.231814750678817,10.252398090076447,55.18138911463701,-1.572330887326845
2011-06-07,9.958226203918455,10.14357109882834,9.954027361542972,10.142071912689316,529785200,10.193280887603759,10.250615043640137,10.2057586986064,10.240861937678094,45.807853276490334,-1.774925561887497
2011-06-08,9.964224815368652,10.04100204772635,9.916539963524755,9.950429419472192,333723600,10.167473602294923,10.239698314666748,10.182755471631378,10.230013423077724,41.59121158238762,0.06023775045234103
2011-06-09,9.941729545593262,10.00710990219924,9.919535669839988,9.994513378123058,275088800,10.143870544433593,10.228019733428955,10.15980062153251,10.218708172980294,40.05717587281691,-0.22576035960865104
2011-06-10,9.77408218383789,9.946830558774606,9.76238500774103,9.913540136128404,433955200,10.112875080108642,10.214385833740234,10.12306553222826,10.201271859680592,39.812003103387916,-1.6862997628987242
2011-06-13,9.795074462890623,9.84635911825541,9.749188318750644,9.813068699459402,329473200,10.092031240463257,10.201243724822998,10.091828287529438,10.185342550002554,41.4510397628975,0.21477493904691336
2011-06-14,9.970223426818848,9.99451633000284,9.876351305119927,9.897045200362047,334569200,10.090741634368896,10.193973884582519,10.080246872223668,10.176906505956135,50.25390510244336,1.788133051890406
2011-06-15,9.799571990966797,9.906039808318535,9.743487867448929,9.889544760524023,399196000,10.076660871505737,10.18531244277954,10.053515931151585,10.162109073995769,40.039661487937394,-1.7116109493897191
2011-06-16,9.751890182495115,9.857458698696298,9.54705181555518,9.80407500625386,510591200,10.05460238456726,10.17707685470581,10.024789669374778,10.146022058642803,40.191400906035284,-0.4865703166998969
2011-06-17,9.604928016662598,9.874548374024116,9.577936269502889,9.866750526822178,615020000,10.024206304550171,10.166411991119384,9.984802845306952,10.1248026844475,33.71312438282703,-1.507012108240502
2011-06-20,9.456774711608888,9.528153417024848,9.312217797236368,9.51795623029481,640645600,9.994365119934082,10.152760047912597,9.934514451621421,10.098605509042065,15.539467856548384,-1.5424717894469753
2011-06-21,9.756088256835938,9.771083323946195,9.453178931717597,9.497565900024908,493382400,9.980719184875488,10.14690586090088,9.917521480689471,10.085173459935943,31.570385491999645,3.1650700619907823
2011-06-22,9.675410270690918,9.864054642527426,9.668511772588555,9.751887177619746,390583200,9.966353559494019,10.141993350982666,9.894463270213418,10.069104315259668,29.369491949546813,-0.8269501466275697
2011-06-23,9.933932304382324,9.947727697414027,9.54074998857722,9.565341602058266,559759200,9.95803098678589,10.141291561126708,9.898222225848551,10.063803452088008,40.292593197466026,2.6719490590960238
2011-06-24,9.787577629089355,9.991516595931971,9.749788848667938,9.938132916151714,439807200,9.945059823989869,10.135425300598145,9.887684645204818,10.052971066872376,40.62856886481544,-1.4732803768796043
2011-06-27,9.958226203918455,10.01401002320259,9.814569415027233,9.824766603653403,339813600,9.937007236480714,10.135197410583496,9.89440288889183,10.049255582050654,50.0,1.743522057203628
2011-06-28,10.054795265197754,10.097982549148115,10.00021192638408,10.006509788326811,294299600,9.918157720565796,10.139875926971435,9.909678353301919,10.04947282452701,52.320155572819715,0.9697415915426832
2011-06-29,10.018206596374512,10.08808531224874,9.953425272387824,10.078188443600467,352545200,9.900957775115966,10.141189479827881,9.92001437645169,10.048246697932795,51.94507831540384,-0.36389272837692443
2011-06-30,10.067092895507812,10.080889892060297,9.98221910315628,10.038002118878548,322954800,9.885317468643189,10.139875869750977,9.934021854457034,10.048985764504364,57.931423662202796,0.48797455575524395
2011-07-01,10.294722557067873,10.301919769159918,10.02300317454747,10.075487484290926,435313200,9.885047435760498,10.140385665893554,9.968374302324733,10.058622501467639,62.164060972727476,2.26112606611224
2011-07-05,10.479772567749023,10.491769262276174,10.27193504057446,10.286930107885969,355054000,9.902127504348755,10.139623928070069,10.017078899031809,10.075138190341418,62.34558801442744,1.7975230479048143
2011-07-06,10.549647331237791,10.619827166897789,10.3981927237845,10.46537258609706,444626000,9.931698560714722,10.13887414932251,10.067799702099045,10.093746391945198,69.10618322342674,0.666758396110656
2011-07-07,10.71280002593994,10.736792607142425,10.616828099435612,10.63692295732582,399663600,9.969127321243286,10.142940902709961,10.129228304369606,10.11802300504303,73.1167604181628,1.5465227374857227
2011-07-08,10.788077354431152,10.796775355923891,10.562844683975092,10.597034452847954,489633200,10.011444711685181,10.148675136566162,10.191975832946897,10.144299646195506,79.47999596991892,0.7026858366527611
2011-07-11,10.616827011108398,10.789876458437291,10.581437577060075,10.687006845562406,442674400,10.053581953048706,10.153023796081543,10.232437849914659,10.16283013109405,78.57559334615988,-1.58740373929942
2011-07-12,10.609333038330078,10.72719774323146,10.455478254690677,10.602734056380784,451609200,10.094294881820678,10.155195064544678,10.268332629763746,10.180340049024876,74.54708077260756,-0.07058580468984887
2011-07-13,10.737397193908691,10.796779234639878,10.688210742606206,10.746693431603166,391638800,10.13265357017517,10.162237052917481,10.313005445396598,10.202185427255614,79.74149719457633,1.2070895985255126
2011-07-14,10.729896545410156,10.84506239425774,10.687009569731384,10.827067354978125,430533600,10.17916979789734,10.16797737121582,10.352709359683605,10.222879980908735,75.93831209797168,-0.0698553696308335
2011-07-15,10.944330215454102,10.946729553584236,10.771882192009969,10.83186404356904,484467200,10.238791799545288,10.17718454360962,10.409054203090319,10.251172146969337,86.09392956681083,1.99846912909587
2011-07-18,11.210655212402344,11.236146988019998,10.955131214695763,10.959629574899475,572653200,10.319078159332275,10.193409767150879,10.48539715635813,10.288798933849062,86.87744407309293,2.433451766396577
2011-07-19,11.30212688446045,11.356110404920212,11.196258063686969,11.336616177899211,819145600,10.411345767974854,10.211518363952637,10.563180939986923,10.32853728485343,86.8379338432368,0.8159351110621049
2011-07-20,11.603532791137695,11.88454925457034,11.576541038857028,11.88005089613928,941340400,10.503717994689941,10.235091304779052,10.66226206866795,10.378537108629285,90.48710640799759,2.6668069626050395
2011-07-21,11.615233421325684,11.698307723266202,11.51356344307137,11.605036231553782,526534400,10.600709152221679,10.257788562774659,10.753021245111544,10.42703500324483,90.30292557773942,0.10083679167887105
2011-07-22,11.795475006103516,11.847959321131514,11.629024543939757,11.646119425967765,516728800,10.69378628730774,10.285422248840332,10.852302555682208,10.480699317082426,90.05761524703993,1.551768942042142
2011-07-25,11.951428413391112,11.99641439577066,11.685107521604396,11.70700027791632,589806000,10.801978826522827,10.316570987701416,10.956981208797341,10.538374967918061,89.90074607222218,1.3221460535238982
2011-07-26,12.098687171936035,12.13137775738902,11.986820821397076,11.99641737420166,476582400,10.909001874923707,10.35430570602417,11.065715110048645,10.59956368180112,90.30746400512193,1.2321435852799434
2011-07-27,11.774185180664062,12.075595295419008,11.760988817911697,12.014113442957424,659324400,10.994971370697021,10.38986909866333,11.133188450107257,10.645627269991824,75.47879931705081,-2.68212564438135
2011-07-28,11.751090049743652,11.906143683246505,11.64042337385136,11.74509250485334,594034000,11.081615543365478,10.423267154693603,11.1920362215012,10.688978751550719,73.71138474832577,-0.19615056639620265
2011-07-29,11.71090316772461,11.850961752484,11.516561550440626,11.625729051821374,632584400,11.163806056976318,10.453624019622803,11.241452121141524,10.729054218851656,78.79703400254027,-0.34198429123534213
2011-08-01,11.898947715759276,11.981422175325278,11.767586332887255,11.92983799827287,612836000,11.244017314910888,10.487345981597901,11.304070749200358,10.774932395200976,80.99761098205553,1.605721995489806
2011-08-02,11.663818359375,11.93343804565642,11.647023788934662,11.925940512469522,639539600,11.303219604492188,10.519550380706788,11.338332426359848,10.80979066830584,71.177769144673,-1.9760516812160178
2011-08-03,11.773581504821776,11.80297259324302,11.463774606601891,11.725895064493631,732508000,11.364416313171386,10.554441871643066,11.379784719546699,10.847586387384897,72.79274153204426,0.9410567111459711
2011-08-04,11.317721366882324,11.736096037510338,11.317121532213909,11.678813828795024,871407600,11.394662380218506,10.581541843414307,11.373873924054854,10.866023053247542,57.376536476202226,-3.8718901105220804
2011-08-05,11.205249786376951,11.501562385468194,10.873849676497883,11.409789320425151,1204590800,11.415521001815796,10.603639163970946,11.357814482371245,10.879326062389872,49.886301359970496,-0.9937652364767069
2011-08-08,10.593135833740234,11.02980497594049,10.587437005081016,10.84745927663664,1143833600,11.414336442947388,10.614561862945557,11.284987944406387,10.868102916168318,37.76642783069334,-5.462742592145597
2011-08-09,11.21695327758789,11.234948320419694,10.646822750336163,10.83576669583271,1082583600,11.444717454910279,10.636515369415283,11.278508452328435,10.881783322498498,43.99747079868267,5.888883647283483
2011-08-10,10.90744400024414,11.236145388145472,10.87175503895257,11.131176724326949,878656800,11.453219795227051,10.646028537750244,11.243168980701359,10.882789623586563,39.94030635688501,-2.759298979716418
2011-08-11,11.20765495300293,11.260139287301268,10.938334782126992,11.112282838634416,741969200,11.477107715606689,10.662937526702882,11.239786692349128,10.89552944042642,41.920924482361585,2.7523492465518995
2011-08-12,11.306324005126951,11.3857992865608,11.223548432126398,11.338713471791374,528976000,11.495207405090332,10.681466026306152,11.246123579280349,10.911639031198991,40.99175270637209,0.8803719648559083
2011-08-15,11.498865127563477,11.545651421474249,11.339312341136624,11.385498800499215,460544000,11.509617900848388,10.705440864562988,11.27019420292636,10.934667505566226,41.72867931406422,1.7029506880327894
2011-08-16,11.410993576049805,11.497668489842846,11.278433309341317,11.442184980778771,498750000,11.515061235427856,10.730897312164307,11.283603667033354,10.95334695931068,44.642060236549916,-0.7641758603032733
2011-08-17,11.409794807434082,11.532157885206924,11.336616574316048,11.46587815169577,442061200,11.505374336242676,10.75992868423462,11.295621870881043,10.971246874923363,44.93234421667522,-0.01050538331945905
2011-08-18,10.978219032287598,11.176161213222214,10.837860963156071,11.121876591581406,851435200,11.473523616790771,10.780208568572998,11.265393029110239,10.971520292859216,40.25368888884376,-3.782502511485042
2011-08-19,10.677712440490724,11.006714956603542,10.676813088890755,10.86185768376134,775888400,11.417635488510133,10.794928226470947,11.209423449241713,10.959998416295745,34.22681514590738,-2.7372981984879807
2011-08-22,10.690008163452148,10.943133582809557,10.649520525505627,10.932036241267008,535315200,11.354564476013184,10.813246746063232,11.159955326785564,10.949410563243056,36.654302690014426,0.11515315691399408
2011-08-23,11.2046537399292,11.205853409095264,10.706802247873634,10.805772551532266,656835200,11.309862804412841,10.841438331604003,11.16421231851353,10.959420099583689,42.981897237293495,4.814267385094828
2011-08-24,11.28203296661377,11.365407587129006,11.114682289190256,11.200756566271334,626267600,11.285255193710327,10.867674522399902,11.175433332618315,10.97207158456526,49.514417978913734,0.6905990000281692
2011-08-25,11.208253860473633,11.260138355787518,10.94673156223145,10.949130900801848,871346000,11.258113384246826,10.89584815979004,11.178559097175965,10.981333634600883,50.04130885331347,-0.6539522296953648
2011-08-26,11.503965377807615,11.510562757710783,11.12067906814067,11.13177560807006,641477200,11.247766494750977,10.93088966369629,11.209550171521837,11.00182899707958,63.718503750391406,2.638337077435593
2011-08-29,11.695609092712402,11.741496047145583,11.636527376485777,11.641925087974476,405269200,11.237599563598632,10.972703285217285,11.25584149734951,11.029036059653416,58.28830343321545,1.665892660581969
2011-08-30,11.696207046508787,11.751690546436256,11.582840708223651,11.64402223649921,417922400,11.239218997955323,11.017491931915282,11.297781073459916,11.055199627765392,65.29424687283414,0.005112634935433569
2011-08-31,11.541455268859863,11.75889013773154,11.452381819818653,11.713603820062849,522586400,11.227612686157226,11.053199272155762,11.320988139688483,11.074268476435764,56.85937819069902,-1.3230936921137748
2011-09-01,11.427486419677734,11.616729814996038,11.418189384603211,11.571143991022224,343725200,11.233100938796998,11.088240795135498,11.331130833020792,11.088120160484468,52.474250254342564,-0.9874738196112065
2011-09-02,11.218149185180664,11.336613707797598,11.151569150725106,11.238842276226736,438939200,11.233745908737182,11.113925132751465,11.320370676083638,11.093219337923536,44.306572957382066,-1.8318747168808658
2011-09-06,11.388800621032717,11.4064945425533,10.991118242697995,11.017810485129475,509698000,11.273529148101806,11.145949592590332,11.326887813697835,11.104810760790564,49.564509844798536,1.5212084724054664
2011-09-07,11.514461517333984,11.564546503844072,11.456577880382016,11.563346834675666,350576800,11.288404560089111,11.177074298858642,11.344751975948897,11.120875496341286,51.958213269338856,1.1033725190447097
2011-09-08,11.520759582519531,11.654819811479635,11.46587591837125,11.468574773623974,416158400,11.31907033920288,11.206393585205078,11.3615146051461,11.136557225211021,62.071330327887324,0.054697001471293305
2011-09-09,11.32102108001709,11.576544246994816,11.247242215202318,11.51446335971461,564813200,11.32473864555359,11.23244987487793,11.357658078943338,11.143791101870082,64.98534250726209,-1.733726852572337
2011-09-12,11.394797325134276,11.42298794890818,11.153668627275362,11.186659529419218,467832400,11.329162311553954,11.259003963470459,11.361195150009141,11.15363448317456,65.96033246472325,0.651674832117477
2011-09-13,11.535154342651367,11.58283918556485,11.40409250024902,11.460775661940124,440560400,11.33097677230835,11.283812599182129,11.377762692165543,11.168596046291299,59.01208858478316,1.2317640543504593
2011-09-14,11.675514221191406,11.762788162456644,11.569345888483287,11.60713467136905,534724400,11.34420280456543,11.307727432250976,11.406119980644197,11.188475190405029,60.37315658024613,1.2168010446211186
2011-09-15,11.7852783203125,11.806272527723063,11.693506044744836,11.739392182528666,417818800,11.36297698020935,11.33244005203247,11.442230298707845,11.211879234715127,64.9285762222082,0.9401221825576567
2011-09-16,12.01141357421875,12.01141357421875,11.847363199379998,11.862658582785317,698513200,11.414636707305908,11.358412322998047,11.496438229708883,11.243233522538798,63.618815074173106,1.918794344606134
2011-09-19,12.34521198272705,12.393197947012474,11.8524603014031,11.906443009635671,823860800,11.498011684417724,11.389555015563964,11.577273825234423,11.286448364114808,66.19799296109582,2.7790102009705553
2011-09-20,12.399794578552246,12.682010699387227,12.332014882962136,12.453778080889792,775754000,11.58350100517273,11.425214366912842,11.655609135074215,11.3301089999751,67.08416562191589,0.44213575191389687
2011-09-21,12.36051082611084,12.643925911501595,12.356311983257603,12.585443230174008,605976000,11.641293859481811,11.460237922668457,11.722742629458656,11.37051691472552,71.069362601993,-0.316809703520049
2011-09-22,12.050997734069824,12.290926710806309,11.897444117941076,12.02730547438581,968480800,11.679742097854614,11.48650993347168,11.754005020374006,11.397202437052748,64.57308464393964,-2.504047740382931
2011-09-23,12.125377655029297,12.19855586433047,11.991917278105038,12.004813319783125,546277200,11.725598287582397,11.514419555664062,11.789373842722128,11.425758327953789,72.63206227458295,0.6172096501951163
2011-09-26,12.0914888381958,12.115781738563518,11.735495419445948,11.992218216092514,812876400,11.754974460601806,11.537362728118897,11.818146699433907,11.451865406786808,68.81323873205415,-0.2794866914470062
2011-09-27,11.974225044250488,12.273834839274134,11.938235766650578,12.258239939460983,632497600,11.76890525817871,11.55263412475586,11.833011303702152,11.47235009845205,62.36495543099614,-0.9698044261918226
2011-09-28,11.906744003295898,12.108583126511023,11.891747338502038,12.002114494607794,429637600,11.779432106018067,11.564726467132568,11.840033465568224,11.489385153543967,60.049989968236055,-0.5635524696188332
2011-09-29,11.713601112365724,12.062696811578846,11.582839583162729,12.05399961103778,651086800,11.788039398193359,11.566927833557129,11.827992289072748,11.49817793624286,60.25695075666975,-1.6221302051737219
2011-09-30,11.43618392944336,11.663216907441482,11.43198508749196,11.610131948908112,547640800,11.78847427368164,11.563346843719483,11.790677207203283,11.49574679872131,50.97731261887897,-2.368333873256989
2011-10-03,11.23464584350586,11.475774583214832,11.19175966539367,11.407695348183944,669099200,11.7892991065979,11.552130260467528,11.7377218392321,11.485507545575606,43.103012028678314,-1.7622844051906505
2011-10-04,11.171663284301758,11.450579969779923,10.624027902511743,11.23374496485565,1233677200,11.778442239761352,11.536534957885742,11.683811500667305,11.473199927486435,38.010237659299634,-0.5606100991648821
2011-10-05,11.34411334991455,11.391198366185474,10.80577338252799,11.032506067267224,786469600,11.76992483139038,11.521443481445312,11.65145929583371,11.468137708758126,39.80605288128661,1.5436382320537456
2011-10-06,11.317721366882324,11.539954906022531,11.150671015541649,11.196557166404418,812582400,11.75977292060852,11.512314205169679,11.619674731171674,11.462239028684566,32.34083814553176,-0.23264914778399204
2011-10-07,11.090685844421388,11.328814530868213,11.051397886622365,11.2700323525803,535458000,11.748256158828735,11.499106121063232,11.569294837195457,11.447668315576207,16.228086840345995,-2.0060179527416344
2011-10-10,11.66081714630127,11.66081714630127,11.342912024444496,11.369304746137336,442514800,11.761557149887086,11.498104400634766,11.578011247586486,11.4560270932517,34.42881222555086,5.140631606355139
2011-10-11,12.005111694335938,12.091786572431625,11.741491256681492,11.773581198982484,605687600,11.785055017471313,11.500227680206299,11.618687480610244,11.477559822705985,43.36424627839171,2.952576510848348
2011-10-12,12.062100410461426,12.27383646069927,12.000618552929712,12.216554247055177,622286000,11.804384326934814,11.508193321228028,11.660917283453214,11.50048298301012,50.228884689458404,0.4747037560040024
2011-10-13,12.249244689941406,12.249244689941406,12.081894008478068,12.145774403265785,426185200,11.82758264541626,11.51770658493042,11.716948465023519,11.529846187203503,52.44010394357349,1.5515065628012081
2011-10-14,12.656221389770508,12.656221389770508,12.454380643735748,12.50116774414618,573367200,11.859823036193848,11.544476585388184,11.806403029285137,11.574017763774759,59.699179894223235,3.322463630457917
2011-10-17,12.595941543579102,12.797181691401928,12.47447701252942,12.648425881331272,686044800,11.87235951423645,11.572290420532227,11.88159717350361,11.614093206120026,60.89104792236836,-0.47628628114966265
2011-10-18,12.663416862487791,12.74049439936774,12.475972973979196,12.649020833572482,881602400,11.885540628433228,11.613696041107177,11.956056191502103,11.655243153428566,63.255200563200134,0.5356909499400375
2011-10-19,11.955029487609863,12.248941213429818,11.930436270729787,12.03690490266576,1104059600,11.865266561508179,11.628457565307617,11.955958410179033,11.666999480259205,53.58256183540558,-5.593967114644616
2011-10-20,11.855761528015137,12.006916677349148,11.822772219393322,11.99641996994483,549270400,11.855504751205444,11.647423915863037,11.946415849972947,11.674401913504536,56.5736812489485,-0.8303447490247251
2011-10-21,11.782578468322754,11.97062297632631,11.718997614347284,11.939432383826023,621244400,11.838364791870116,11.658922386169433,11.930812289815785,11.678644131340544,58.94440990143465,-0.6172784390058084
2011-10-24,12.169466972351074,12.1913597357516,11.858460315135414,11.881853065580945,502138000,11.84226369857788,11.676185245513915,11.953541307200098,11.697892085889977,64.73035974091471,3.2835639929618354
2011-10-25,11.929537773132324,12.192859574709644,11.917842198898937,12.147272942821996,430427200,11.840029335021972,11.684798698425293,11.9512552563365,11.706976230487717,58.47366802367862,-1.9715670354656267
2011-10-26,12.014413833618164,12.0728965130818,11.79097982213846,12.049202643027147,456304800,11.845412826538086,11.69686710357666,11.957270358934753,11.719032607081068,59.91631869589216,0.7114781989038699
2011-10-27,12.137072563171388,12.266334892260229,12.05309813801468,12.2231468094441,494664800,11.866586399078368,11.711412658691406,11.974394378385862,11.735426330849316,65.34974868860331,1.0209297869364864
2011-10-28,12.144872665405272,12.186860286199597,12.07169444652446,12.086389993675386,322842800,11.902020835876465,11.73474573135376,11.990630405721044,11.751483049851512,58.50368833988683,0.06426675125559278
2011-10-31,12.139774322509766,12.276233888201684,12.027907174058289,12.068995442878723,385501200,11.94727725982666,11.763986968994141,12.00483458827235,11.766710158583209,52.685781585950956,-0.04197938534200585
2011-11-01,11.891751289367676,11.981424583443331,11.7930812747822,11.91874385343955,531790000,11.983281660079957,11.78802183151245,11.99406475028143,11.771613732339462,46.84303471912439,-2.0430613168994527
2011-11-02,11.918740272521973,12.00961320880968,11.849760097021578,11.999116504136918,327350800,12.012013006210328,11.802303562164306,11.986890990494814,11.777383400581915,43.48845275525897,0.22695549627267386
2011-11-03,12.08849048614502,12.098387357086226,11.857259442491728,11.968525963052294,441386400,12.050551462173463,11.818432712554932,11.99656713293769,11.789583678447135,37.66127872238023,1.42422948853409
2011-11-04,12.003615379333496,12.0995865132294,11.971225111633036,12.057299375007435,302229200,12.096197938919067,11.834339942932129,11.997238394499195,11.797977078481894,37.26290947525395,-0.7021150151774624
2011-11-07,11.988320350646973,11.996418518987142,11.880353315149712,11.993719663438648,270275600,12.112573099136352,11.844027042388916,11.99638905698946,11.805441520527584,35.14980054006067,-0.1274201830296584
2011-11-08,12.183260917663574,12.236345877313994,12.04320314772146,12.062697371053844,400442000,12.121480560302734,11.85378007888794,12.01418637705366,11.820257967474094,56.48541392961051,1.6260874026950756
2011-11-09,11.854859352111816,12.02310935083066,11.823369237400868,11.905544173706929,558684000,12.111118507385253,11.856953125,11.999012374678246,11.821614884518711,49.97731754289046,-2.6955145077426135
2011-11-10,11.553150177001951,11.912742617839916,11.461077566219018,11.907344106334312,744752400,12.076313781738282,11.857187023162842,11.956549308232885,11.811086856772956,44.82625135541186,-2.5450253448693894
2011-11-11,11.535154342651367,11.65751738311686,11.404392817936952,11.594835876138788,653786000,12.020260429382324,11.859340381622314,11.91641645436798,11.800265973866228,32.84103673288692,-0.15576560569953157
2011-11-14,11.37440013885498,11.554046948692822,11.342609714582071,11.502161670382838,432905200,11.959183359146119,11.8624654006958,11.86479585289055,11.783565352885395,34.31076175701007,-1.3936025389967743
2011-11-15,11.661417961120604,11.681511218720434,11.380101943708713,11.420589577475823,430810800,11.90908341407776,11.86791774749756,11.845426529864842,11.778775259090697,41.046661767615596,2.5233666721919734
2011-11-16,11.539655685424805,11.730698627560312,11.52615900461521,11.674015451210565,349210400,11.888314723968506,11.868421630859375,11.816305497061029,11.76939802090772,34.84030749319851,-1.0441463988492328
2011-11-17,11.31891918182373,11.533954669713369,11.261636181645825,11.51595963260905,479900400,11.861472606658936,11.864384822845459,11.768935371800334,11.751732184080899,31.08516746913064,-1.9128517316151505
2011-11-18,11.24484157562256,11.396296211033825,11.243042071790194,11.364206260627572,371938000,11.834585762023925,11.862861232757568,11.71902167692626,11.731854121004101,30.133160466216168,-0.6544583012848659
2011-11-21,11.06699562072754,11.147071537714728,10.974022859415856,11.108682123312166,447980400,11.779462194442749,11.856305198669434,11.656923957288287,11.705781238640315,31.102230578314106,-1.5815781280597796
2011-11-22,11.291930198669434,11.334517662755712,11.1248798336936,11.127279172563105,409021200,11.747581815719604,11.851440715789796,11.622162646943634,11.689551786092437,36.83225468323264,2.032480951927096
2011-11-23,11.006409645080566,11.27183036527767,11.003110155400512,11.23194177741744,428271200,11.697181606292725,11.838058624267578,11.563519503909056,11.662761898209618,28.32254406202877,-2.5285362959692304
2011-11-25,10.903843879699709,11.13117558857662,10.896345546729645,11.049300167287765,254760800,11.63552017211914,11.820429935455323,11.500693253984357,11.633000407287662,28.123207277429188,-0.9318730511425288
2011-11-28,11.280230522155762,11.298225559690296,11.10658281460734,11.167164505945786,346413200,11.592288064956666,11.805806274414062,11.479696803334015,11.619166294145234,37.68389085581732,3.4518711622127496
2011-11-29,11.19266128540039,11.361511180631831,11.102688466426828,11.271837878639552,375855200,11.544932413101197,11.78275526046753,11.452360087340336,11.60244060752779,32.101550090791505,-0.7763071559874102
2011-11-30,11.462573051452637,11.464972389124908,11.34560774247048,11.435281786701085,405938400,11.523473501205444,11.764010829925537,11.453332750589126,11.596955605328764,42.75900674912069,2.41150660392373
2011-12-01,11.63442325592041,11.666513199457356,11.419087481826784,11.472771466729595,387181200,11.509257650375366,11.749489078521728,11.470579465382583,11.59842492495981,51.57571380550946,1.4992288703101986
2011-12-02,11.687509536743164,11.805374231051378,11.65391960045392,11.691408061165738,379055600,11.489208602905274,11.742219314575195,11.49123947217883,11.601918439147392,52.91419402713904,0.4562863122221428
2011-12-05,11.786776542663574,11.888746797199722,11.708200632462608,11.801172569425496,357210000,11.478366661071778,11.735447292327882,11.519385859844043,11.609167776540183,58.07779044761044,0.8493426731189802
2011-12-06,11.724997520446776,11.835365479139227,11.6779125090302,11.771783815850522,283598000,11.465200519561767,11.7281174659729,11.538967922758589,11.613710119438482,51.36595496372643,-0.5241384019895712
2011-12-07,11.669217109680176,11.72470061825958,11.599337568274697,11.69440936627841,304746400,11.439498329162598,11.722017307281494,11.55137260722731,11.615886864153842,52.86474071518673,-0.47573921162308297
2011-12-08,11.716300010681152,11.861456768755891,11.703403968247454,11.739993075041893,376356400,11.432570362091065,11.718208427429198,11.56707997898482,11.619824634605893,59.517383653682785,0.40347951844961205
2011-12-09,11.805075645446776,11.817672173721204,11.727399056539564,11.781983211548049,296993200,11.445166635513306,11.72003791809082,11.589746232933578,11.627089380129064,63.323958484540526,0.7577104946501212
2011-12-12,11.751688957214355,11.813470311742554,11.680010733423607,11.746890281002898,301067200,11.455993366241454,11.72634801864624,11.605169349531748,11.631975638053978,67.30862233151319,-0.45223503716396163
2011-12-13,11.66081714630127,11.858459037893027,11.60953249064627,11.786479688668884,338928800,11.470314216613769,11.734871444702149,11.610469139700273,11.633106677593089,60.00325850832734,-0.7732659641004225
2011-12-14,11.40229606628418,11.617932232742868,11.327018814785191,11.597537853276789,406887600,11.457358121871948,11.739484100341796,11.590643132708264,11.624055281071172,60.89495031465726,-2.2170065508581582
2011-12-15,11.364809036254885,11.50876617670856,11.34591464154915,11.496469964428991,256200000,11.448615789413452,11.739898014068604,11.569135123522228,11.613888761666612,63.157232848209134,-0.3287673799327262
2011-12-16,11.427186965942385,11.521059077725283,11.383700159176042,11.40739322520028,421478400,11.454029178619384,11.742087326049806,11.555616251371767,11.606567122618603,55.11065033062777,0.5488691405945101
2011-12-19,11.46287727355957,11.542053842019524,11.410991979147097,11.470675123650548,235530400,11.464930963516235,11.74953115463257,11.546783967770605,11.600932226577074,59.74897948510452,0.3123280272175233
2011-12-20,11.874954223632812,11.879453383790509,11.614332082728769,11.629327147661602,337215200,11.505328893661499,11.7538138961792,11.57803827785272,11.611678187245927,63.4938546140169,3.594882333982108
2011-12-21,11.889947891235352,11.915440457924948,11.756787030268,11.897145104631914,262948000,11.535229778289795,11.751510620117188,11.607743955317732,11.622590724657277,59.31771345189091,0.12626295074635863
2011-12-22,11.95292854309082,11.97032374363977,11.87945081875188,11.906441769633572,202358800,11.582555723190307,11.749327182769775,11.640618677962788,11.635545148909573,59.609172479798524,0.5296966179464402
2011-12-23,12.09628963470459,12.104087485707849,11.98112377627556,11.98712212320114,269399200,11.642178010940551,11.74626808166504,11.684015911938198,11.653613560117222,60.858849808015876,1.1993804789926399
2011-12-27,12.192258834838867,12.269036061523751,12.086989865233695,12.089390004467807,265076000,11.687779426574707,11.736988830566407,11.7324199998335,11.674736904223954,66.00916846648755,0.7933771679783375
2011-12-28,12.075593948364258,12.243843150027969,12.036605499974309,12.20305599867434,228662000,11.7319260597229,11.72658187866211,11.765103233026906,11.690456788307888,63.365550311871374,-0.9568767203436024
2011-12-29,12.149972915649414,12.165868935528056,12.011715422786873,12.09838873345268,215978000,11.76629605293274,11.716312999725341,11.801757488514763,11.70847702859579,64.01172360540312,0.6159445871002589
2011-12-30,12.146371841430664,12.184760452092906,12.10108553381142,12.101684567519056,179662000,11.791893482208252,11.720139846801757,11.834577903078182,11.72564937419716,61.66935242471464,-0.029638537005394205
2012-01-03,12.333218574523926,12.371307676590316,12.2663390092779,12.278335702975562,302220800,11.82417893409729,11.729688987731933,11.88206749083492,11.74947561734723,68.22038557615312,1.538292549680853
2012-01-04,12.39950180053711,12.436691561483752,12.274739354300069,12.296332608195677,260022000,11.854815196990966,11.74202745437622,11.931346948901796,11.774966840217422,73.50653118526405,0.5374365629917666
2012-01-05,12.537158966064451,12.552753868770171,12.376406455906098,12.44478681679183,271269600,11.89542326927185,11.749381294250488,11.989043331488716,11.804856727505541,89.12325045271578,1.1101830359134146
2012-01-06,12.668216705322266,12.678713410282658,12.572845407517791,12.589340458411913,318292800,11.945373249053954,11.764154872894288,12.053726509949055,11.83871398153757,92.21044907216952,1.0453543710545743
2012-01-09,12.64812183380127,12.828668030563978,12.636724977259822,12.76118864526552,394024400,11.991964340209961,11.776829032897949,12.11033558841117,11.870455465940069,90.65293366382974,-0.15862431144356703
2012-01-10,12.693408012390137,12.776183578418514,12.641223207499063,12.773483922525696,258196400,12.036380958557128,11.787955741882325,12.165866295456786,11.902728114820464,90.71228393671083,0.35804666640577576
2012-01-11,12.672717094421388,12.681714614763308,12.575546277270773,12.676615619479197,215084800,12.08243236541748,11.798512630462646,12.214137800120081,11.932923761079325,85.61866358956468,-0.16300522246311955
2012-01-12,12.637927055358888,12.683213371608757,12.55875048072566,12.664619297712427,212587200,12.131287860870362,11.808475685119628,12.254498681571397,11.960570949090288,82.81581191324364,-0.27452707105577456
2012-01-13,12.590540885925291,12.609735595290228,12.556051593806204,12.587242996524225,226021600,12.190700101852418,11.822451477050782,12.286502701033672,11.985275652495583,78.36181597748639,-0.37495207264631736
2012-01-17,12.73719310760498,12.775882029419638,12.685008311014489,12.72219724627235,242897200,12.259319305419922,11.838820533752441,12.329425596897606,12.014762611519481,78.42498490003561,1.1647809495113126
2012-01-18,12.86945915222168,12.880255376022763,12.78518437861174,12.804978122953225,276791200,12.331432914733886,11.854439907073974,12.380857364071327,12.048280122919568,79.09795423961334,1.0384237994925938
2012-01-19,12.828670501708984,12.937237373654217,12.791481552994194,12.900649060457138,261738400,12.399722576141357,11.870941009521484,12.423506234322533,12.07888366718582,84.6152969437673,-0.31694145053215994
2012-01-20,12.605237007141112,12.821172692216068,12.588741953455417,12.82087317529232,413974400,12.436236715316772,11.883279342651367,12.440813926971922,12.099524974635049,68.40440584001249,-1.7416730325882757
2012-01-23,12.81847095489502,12.849662352017251,12.665216828616495,12.676313367553684,306062400,12.482662868499755,11.895983543395996,12.476781262964598,12.127718934645245,73.2324321188133,1.6916298172982236
2012-01-24,12.60853385925293,12.749192262796376,12.582741773618809,12.749192262796376,547638000,12.515443134307862,11.911057033538818,12.489329129277772,12.146574421884761,59.36728354001409,-1.6377701863257044
2012-01-25,13.395798683166504,13.62942824105721,13.307924921069224,13.629128724196809,958314000,12.580418586730957,11.947910003662109,12.57565956298146,12.195563608601692,72.7409034688218,6.24390458638322
2012-01-26,13.334918975830078,13.459680575769232,13.290232496759266,13.446785332377804,323985200,12.637551593780518,11.983905296325684,12.647969983252757,12.2402442112381,68.87062135677027,-0.45446866421581245
2012-01-27,13.414398193359377,13.450387479038309,13.309129993235812,13.32622408306462,299709200,12.704491806030273,12.024705257415771,12.720963146120054,12.286289465438934,68.09202554990941,0.5960232504851115
2012-01-30,13.586243629455566,13.612935870993873,13.357712233420338,13.3673087869863,379341200,12.776305341720581,12.06320177078247,12.803370811199626,12.337268060106252,71.18676119265392,1.281052147246231
2012-01-31,13.69031047821045,13.743094319387902,13.58804068476419,13.66361823990906,391683600,12.85350227355957,12.106214866638183,12.887841255676847,12.39032854709073,71.93197639726839,0.7659721965331379
2012-02-01,13.681614875793455,13.765590124843149,13.66242176874655,13.748195720893431,270046000,12.920922088623048,12.153468780517578,12.963438743307,12.4409672266477,72.31364552151899,-0.06351647342720534
2012-02-02,13.649520874023438,13.711001905103544,13.615331110067832,13.672913617515034,186796400,12.983423042297364,12.201562366485597,13.028779898613328,12.488361487329103,72.39998665376518,-0.23457758503933057
2012-02-03,13.78628635406494,13.79588371006074,13.66272359900888,13.714908421388571,286599600,13.045879411697388,12.255948181152343,13.1009233705611,12.539260501710901,75.46954412678805,1.0019800790354694
2012-02-06,13.914941787719728,13.945233030149272,13.741894736530648,13.747292446290988,249412800,13.10821566581726,12.30840841293335,13.178448934100016,12.593208787436737,75.28002394210333,0.9332131246269526
2012-02-07,14.06070327758789,14.088295673194796,13.933240408696175,13.953335271137936,316223600,13.178844738006593,12.369494285583496,13.262473157289337,12.650757590972077,75.42241453000148,1.047517784061447
2012-02-08,14.296128273010254,14.299426161384746,14.086790043399107,14.11078342263655,407890000,13.258980751037598,12.437339973449706,13.360916501643711,12.715281931444164,78.91499589785177,1.6743472269813209
2012-02-09,14.790684700012209,14.898052702295477,14.412497353365447,14.418495700003731,884214800,13.364879131317139,12.507549057006836,13.49708490148833,12.796670275309577,88.90551540969491,3.4593731782305737
2012-02-10,14.79818058013916,14.924142642085588,14.652123658775112,14.724403327270164,631302000,13.472891807556152,12.579659442901612,13.620998775645552,12.875160875498972,88.02859422824821,0.05067973713850371
2012-02-13,15.073500633239746,15.110389263538655,14.908248987465374,14.981427214250866,517216000,13.597039794921875,12.651877994537353,13.759332285892617,12.961370277763317,96.18974231223827,1.8604993472649989
2012-02-14,15.279240608215332,15.282238981116262,15.055507852517549,15.13528347168238,460398400,13.724142169952392,12.724774341583252,13.904085459447161,13.052267153467318,95.127934673523,1.364911708179406
2012-02-15,14.925637245178224,15.783978574706792,14.902242904748189,15.423187423953124,1506120000,13.82695107460022,12.789536895751953,14.001376105707262,13.125732647259902,83.42541414321167,-2.3142731507675984
2012-02-16,15.061800956726074,15.14217718608537,14.594540245420076,14.740597157839764,944552000,13.938607597351075,12.855037384033203,14.102368948661434,13.201656894689949,83.81106654103363,0.9122807241736863
2012-02-17,15.059102058410645,15.228551717340803,15.004517914445197,15.088792667779686,535805200,14.06130084991455,12.92171947479248,14.193486387685168,13.274497881502525,82.48414288274363,-0.017918828718976876
2012-02-21,15.440890312194824,15.440890312194824,15.119085837845605,15.201861415748535,605595200,14.192421817779541,12.997152938842774,14.312286761447991,13.359454447412027,84.3957265424914,2.535265730342462
2012-02-22,15.386600494384766,15.460078210270346,15.26753536161558,15.387800163250123,483302400,14.331325149536132,13.070558948516846,14.414602355061017,13.438950370822722,82.91023408918468,-0.35159771692168107
2012-02-23,15.48707675933838,15.530264857455355,15.280438912050611,15.44778878801694,568027600,14.435889053344727,13.144198970794678,14.516742774516004,13.519269052725297,84.55689264752465,0.6530114627352646
2012-02-24,15.667620658874512,15.682316206309933,15.55455543936348,15.585445720326916,415072000,14.552524137496949,13.22251760482788,14.626350192073957,13.603518135319385,84.80705738874646,1.1657713223850674
2012-02-27,15.76809024810791,15.850265178806602,15.483775078565102,15.6346290630291,547582000,14.670208740234376,13.304663066864014,14.735087340267667,13.688403316213053,84.64693298471855,0.641256202335283
2012-02-28,16.05750274658203,16.05750274658203,15.77078825427516,15.83406959453868,600387200,14.793771696090698,13.397767200469971,14.861031664678558,13.781309176227523,85.42957896624898,1.835431519735553
2012-02-29,16.26834487915039,16.42340015975965,16.06620617452438,16.24195375187035,952011200,14.922673416137695,13.495837917327881,14.995061494628256,13.878839988106852,85.30135437830077,1.3130443500203537
2012-03-01,16.329214096069336,16.44138230537907,16.15826533081355,16.440181035127576,683270000,15.05505337715149,13.59387845993042,15.122123647146454,13.974933090379892,82.59991860452432,0.3741574042787521
2012-03-02,16.350513458251953,16.399097646699424,16.270736276364516,16.322322039636454,431712400,15.190103006362914,13.691631183624267,15.239113152966025,14.068093104806248,82.70111093119496,0.13043715427643043
2012-03-05,15.990030288696287,16.41950077689176,15.775292642056058,16.35772019744232,809124400,15.300290203094482,13.773932704925537,15.310629070654622,14.143463190448996,68.63865160293592,-2.204720790427128
2012-03-06,15.903056144714355,16.00592501303956,15.481981712630008,15.70511545985075,810238800,15.399695920944215,13.854194869995117,15.36705069675555,14.212466835714304,63.32987987339308,-0.5439273247869747
2012-03-07,15.915939331054688,16.12857538600366,15.694304960712149,16.099184305997984,798520800,15.492457723617553,13.933455085754394,15.41932580478404,14.279269678668829,74.76753166401674,0.08101075807755986
2012-03-08,16.254844665527344,16.284834790355987,15.958832331099297,16.035909066145432,516457200,15.590393543243408,14.01662618637085,15.498899029616735,14.356743207565241,77.09079270318252,2.129345478286626
2012-03-09,16.3502140045166,16.42729073037582,16.28843185609036,16.321421950486318,418919200,15.668370008468628,14.099785289764405,15.579976646273865,14.434918532935884,78.13362792172626,0.5867133211768794
2012-03-12,16.555063247680664,16.555063247680664,16.4051061424217,16.464488989527958,407282400,15.756214141845703,14.189374675750733,15.672842036884036,14.518061462925875,76.30661079424553,1.2528841708584038
2012-03-13,17.037906646728516,17.04030598440276,16.66751650131374,16.72120208219847,690855200,15.854434442520141,14.287133350372315,15.802848190202559,14.616878921114214,82.42660977577488,2.9165904824646205
2012-03-14,17.6821231842041,17.83627670214628,17.25684917942025,17.33632687895278,1418844000,15.97457857131958,14.397848377227783,15.981826761059848,14.737084578490288,85.51899826515503,3.781077985887915
2012-03-15,17.561555862426758,17.994926361908426,17.351319035019934,17.982929669588074,1159718000,16.106374502182007,14.50241512298584,16.13227715166622,14.847848158252503,81.25321630671834,-0.6818599809611636
2012-03-16,17.561859130859375,17.670726333957187,17.33482688570564,17.536366554656567,825487600,16.231377410888673,14.605662269592285,16.26842781635128,14.954279961099832,80.61229040241369,0.0017268881811638437
2012-03-19,18.02762031555176,18.04771357767077,17.66622830079092,17.94574487728953,901236000,16.379803323745726,14.715471496582031,16.43596995913228,15.074803112254811,81.71300304692711,2.652117758272876
2012-03-20,18.173376083374023,18.20156591046256,17.739105390296256,17.979933005147277,816662000,16.51642761230469,14.825574684143067,16.601437209060066,15.196315777788898,81.32161776013828,0.8085136322541819
2012-03-21,18.06960678100586,18.284043287310563,18.03691779110309,18.07680479759771,644042000,16.65057792663574,14.934004383087158,16.741262882578713,15.308993856346426,78.21666107982341,-0.5709962854017925
2012-03-22,17.97482681274414,18.129580886126984,17.860560360501772,17.92803972906923,623870800,16.77496542930603,15.03963275909424,16.858745161642087,15.413536325224769,75.72182631708347,-0.524527010523268
2012-03-23,17.876155853271484,18.04860383841682,17.826669915751282,18.009315886532008,430488800,16.88539218902588,15.14370153427124,16.955641417987746,15.51010964005013,82.56827041261958,-0.5489396949443726
2012-03-26,18.20396614074707,18.209065936988317,17.852472615326754,17.98832996990557,595742000,17.007185983657838,15.255022315979003,17.074529486821966,15.61575107145001,86.67975333574756,1.833785127889187
2012-03-27,18.428892135620117,18.482875633662545,18.17636744167081,18.17996644831991,607129600,17.12575545310974,15.371789340972901,17.203516405755124,15.726070328868445,87.52324713074158,1.235587855602427
2012-03-28,18.523073196411133,18.637938747635737,18.30383800077605,18.545865315130037,655460400,17.23849186897278,15.487506942749024,17.329188481055695,15.835756715830904,86.53949794965486,0.5110511261226636
2012-03-29,18.29033851623535,18.49127911290365,18.2114630654129,18.37791277045747,608238400,17.33654808998108,15.595924530029297,17.420726579644235,15.932014825650686,79.92939470583875,-1.256458243769576
2012-03-30,17.981130599975586,18.311331140464436,17.932844314794306,18.25764714469633,731038000,17.41807894706726,15.698973731994629,17.474098391104363,16.01237230699676,71.31304090033181,-1.6905532720747574
2012-04-02,18.55335235595703,18.557550395607027,18.006015117744614,18.049502708182235,598351600,17.546245050430297,15.817936038970947,17.576884482995094,16.112018583426575,72.05949313668873,3.18234580856791
2012-04-03,18.873964309692383,18.960640014679853,18.66972582044222,18.813381811947835,834559600,17.6947904586792,15.939045906066895,17.700415895061504,16.22033018053504,69.1534178754771,1.7280540334933647
2012-04-04,18.723705291748047,18.77019126499858,18.504470183020036,18.72490496076795,572980800,17.835178756713866,16.061349334716798,17.79787202807927,16.318501753523787,68.4997130772991,-0.7961179510505567
2012-04-05,19.004724502563477,19.034115595717207,18.69641593961699,18.803783925364513,641298000,17.972672748565675,16.173527851104737,17.912810358982526,16.42384382211358,71.08398677563224,1.5008739265901738
2012-04-09,19.08119773864746,19.189465860397927,18.753396603531055,18.77828853323287,597536800,18.109221935272217,16.288453426361084,18.024085347522043,16.528053779624713,67.37188510700925,0.4023906585631787
2012-04-10,18.847572326660156,19.31423244303904,18.774394105674283,19.192168902435107,889725200,18.22384738922119,16.3971169090271,18.10251267886853,16.61901529127316,60.803420193149954,-1.2243749851934882
2012-04-11,18.78039169311523,19.100395837712583,18.69461614789237,19.080302580288706,696614800,18.310971641540526,16.500999870300294,18.167072584987263,16.70377515016893,61.524863491403664,-0.3564418397264735
2012-04-12,18.677520751953125,18.934245143473728,18.60944072935819,18.744401105405046,614336800,18.360741519927977,16.600744075775147,18.21568669612687,16.781176938474193,61.36385788931455,-0.5477571652556024
2012-04-13,18.151477813720703,18.735404354927624,18.099893642355937,18.71770883467556,859644800,18.390237617492676,16.690141334533692,18.20957156446914,16.834914227699546,53.91175118803982,-2.816449491442341
2012-04-16,17.39870262145996,18.302931149416317,17.342319777504,18.296333770453344,1050786800,18.382079792022704,16.76512496948242,18.132345950849217,16.857023576474464,39.79162032245897,-4.147184047415243
2012-04-17,18.28553771972656,18.294534437279953,17.152177146912642,17.363014590107024,1025528000,18.394975662231445,16.855109996795655,18.14693564312325,16.91304373895494,48.443842806983795,5.097133490704953
2012-04-18,18.244749069213867,18.60194291226071,18.07589845742965,18.406100548344188,954531200,18.398544311523438,16.941706142425538,18.15625120751283,16.965267477396466,46.94327114103744,-0.22306508639715616
2012-04-19,17.61794090270996,18.136486380372663,17.530366639589616,18.001226460627493,834719200,18.375961017608642,17.01285089492798,18.104983559436366,16.990862513683272,43.20360161110095,-3.4355537811236903
2012-04-20,17.184267044067383,17.83327362087217,17.107489822302483,17.73610202412589,1030985200,18.336433029174806,17.070613670349122,18.017296272258367,16.998447005070883,42.143223048922756,-2.461546789363289
2012-04-23,17.145877838134766,17.294934725537395,16.693613787627246,17.11318885643439,966529200,18.29991912841797,17.117717533111573,17.93430404043707,17.004228606367505,34.49013821630345,-0.22339740085609572
2012-04-24,16.803380966186523,17.025614465278785,16.64502784565048,16.873259690345957,1076149200,18.22988986968994,17.15782154083252,17.826597080984637,16.996352228321193,27.292442876661752,-1.997546437584452
2012-04-25,18.294530868530273,18.534459840659576,18.174567183312675,18.463680978076255,905777600,18.22317180633545,17.22224214553833,17.87116220360803,17.0472611946039,46.363008333637744,8.8741063798077
2012-04-26,18.22555351257324,18.435191259584176,18.05850321298007,18.422593934602393,536068400,18.208295822143555,17.28116840362549,17.904913756842813,17.093468736485054,43.15085259318968,-0.3770381238673237
2012-04-27,18.08459091186523,18.179963773185523,18.009614020249415,18.14667416785038,406722400,18.198008441925047,17.34434747695923,17.922025866844947,17.132336272774474,41.33773562196636,-0.7734338526989681
2012-04-30,17.514171600341797,17.946643595388487,17.484780501863202,17.928648554984836,506144800,18.17466049194336,17.393394889831544,17.883182603368457,17.14731020718888,39.05140788777992,-3.154173153837747
2012-05-01,17.45868492126465,17.89745307847841,17.43169316764938,17.54176000343668,610999200,18.11992712020874,17.441386547088623,17.842754252691904,17.15952098028989,39.126546037239535,-0.31681018288107765
2012-05-02,17.57415008544922,17.6167375386968,17.360613785493804,17.402001569611954,427389200,18.054936408996582,17.48405174255371,17.817172903430695,17.1757809451981,40.941530621448535,0.6613623231377153
2012-05-03,17.449386596679688,17.73670172909128,17.403800774336496,17.70970997623202,390549600,17.991220474243164,17.52530746459961,17.782145636121076,17.186510578589534,43.82938776331273,-0.7099261595178374
2012-05-04,16.95244026184082,17.345622699422115,16.95004092303181,17.307234880172768,529992400,17.88860626220703,17.554614734649657,17.703126076665814,17.17733135048174,45.89316218612889,-2.8479301096660192
2012-05-07,17.079301834106445,17.177972636670678,16.831875234559057,16.839973403148186,460118400,17.78851146697998,17.582848358154298,17.643714244041114,17.173487055721925,37.09408239755408,0.7483381171452086
2012-05-08,17.04030990600586,17.13987923901349,16.756894885211185,17.082296723273807,497252000,17.698148345947267,17.608292751312256,17.586247164228233,17.168264422399726,37.10834961445887,-0.22829930918324415
2012-05-09,17.070301055908203,17.214259756432735,16.820476755300568,16.90595118262499,480704000,17.612643814086915,17.62854871749878,17.537109439626324,17.164422721753002,43.279792496293744,0.17600119990641705
2012-05-10,17.110483169555664,17.271235580577972,17.04810359720228,17.23224714658665,333200000,17.53429193496704,17.645391483306884,17.49647836628626,17.162307445196245,48.99779683183174,0.2353919448512265
2012-05-11,16.996217727661133,17.228948654684945,16.925438874745623,16.94493309105779,399546000,17.476528930664063,17.658731555938722,17.44883449594101,17.155794122939966,48.008228543114306,-0.667809557230048
2012-05-14,16.741600036621094,17.020216403147373,16.723005964733012,16.872061260105284,352626400,17.44367380142212,17.666553287506105,17.381478833148638,17.13955121759413,49.15808707902405,-1.4980844274879557
2012-05-15,16.590145111083984,16.891555187275703,16.547557655770184,16.838471827840976,476336000,17.35890417098999,17.67855558395386,17.306113716761526,17.118005880083928,13.415553821475854,-0.9046621900285046
2012-05-16,16.377506256103516,16.70170999347179,16.226351166742067,16.616535096870436,560896000,17.265542030334473,17.68804458618164,17.217674910984574,17.08896667914352,12.636232452997831,-1.2817178726086231
2012-05-17,15.898855209350586,16.420099558672597,15.898855209350586,16.354418859319278,717220000,17.179587745666502,17.68770290374756,17.092073034638478,17.042295641112425,11.118085550356781,-2.922612510525202
2012-05-18,15.906648635864258,16.297431649938456,15.660722868021818,16.014016621754347,732292400,17.115706825256346,17.680738983154296,16.979175472850457,16.997760464436027,14.247232231259801,0.049018790416366365
2012-05-21,16.8333740234375,16.841172674926746,16.016717947277762,16.03021542850591,631106000,17.100081634521484,17.690402183532715,16.965289620525414,16.991313937338045,39.97689914071896,5.826025385911793
2012-05-22,16.704118728637695,17.211266666367827,16.572457785873365,17.081404427253386,694870400,17.095118522644043,17.693383293151854,16.940416202250393,16.98005138013411,36.115658255751164,-0.7678513803580866
2012-05-23,17.1116886138916,17.17886847938244,16.591943607283092,16.720003874445407,584897600,17.03597640991211,17.694858932495116,16.956727860501935,16.98521362459519,45.05703432668561,2.4399364724052353
2012-05-24,16.954540252685547,17.28984064695948,16.83187605697102,17.270945453226528,496230000,16.972425746917725,17.680307273864745,16.956519516900375,16.9840107472654,50.034133459657106,-0.9183685184551482
2012-05-25,16.863664627075195,16.970433591614757,16.749098613040008,16.93264481003087,328507200,16.911379432678224,17.666349449157714,16.94767619405988,16.97929129157167,46.45352338887774,-0.535995811481571
2012-05-29,17.162967681884766,17.214852956135545,16.95423172118494,17.12188102833531,380508800,16.89381923675537,17.658371620178222,16.9681801452813,16.986494287270222,51.8581852267513,1.7748399379873048
2012-05-30,17.36991310119629,17.39450551959713,16.991725784825896,17.070902352417967,529429600,16.889380645751952,17.645217475891112,17.006440426797013,17.00153031918889,54.30795651317785,1.2057671094373168
2012-05-31,17.32672691345215,17.439792136695722,17.138683162769127,17.41699842089655,491674400,16.8770094871521,17.628284492492675,17.03694390171655,17.014283126807058,53.10656594773634,-0.24862638916234303
2012-06-01,16.824674606323242,17.17437096221683,16.810579694827915,17.069701829113622,520987600,16.845773887634277,17.603385848999025,17.01672777834576,17.00684749855279,47.78265929015907,-2.8975599929327855
2012-06-04,16.923641204833984,17.019912632656442,16.45008431617082,16.839967101402163,556995600,16.844333934783936,17.58236213684082,17.00786239039226,17.003584506642248,52.451689071511574,0.5882229572127695
2012-06-05,16.879858016967773,16.989026311378446,16.74489923755753,16.83307252033149,388214400,16.834361743927,17.562436180114744,16.995671497685166,16.998732487439327,54.01832695503658,-0.2587102109781525
2012-06-06,17.1386775970459,17.210355008645507,16.95993013984707,17.028010146551757,401455600,16.839280128479004,17.541130409240722,17.009291126195713,17.00422053095331,60.42393357068041,1.5333042482819303
2012-06-07,17.1464786529541,17.31442752796123,17.10988954492447,17.31352897737444,379766800,16.843089008331297,17.5154821395874,17.022356604934608,17.009799280835697,69.61533063764503,0.04551725688304309
2012-06-08,17.404401779174805,17.41220042975374,17.06490340702194,17.142880302644222,347516400,16.857784938812255,17.493108711242677,17.05874185962415,17.0252738886137,71.8308762775967,1.5042337930783578
2012-06-11,17.129985809326172,17.649729294424144,17.113789473712448,17.626336545053256,591264800,16.864473342895508,17.469901657104494,17.06552699769101,17.02938023844556,55.338497325087054,-1.5767044069103564
2012-06-12,17.27963638305664,17.29343177549039,16.99592187668719,17.22865285390783,435380400,16.891375160217287,17.455871772766113,17.08591836772583,17.039194204900898,60.28282654790896,0.873617616478084
2012-06-13,17.15967559814453,17.349218524192246,17.106291120287104,17.230454478328145,293580000,16.91985168457031,17.427998237609863,17.092942865860945,17.043918965420257,50.955599328167224,-0.6942321137598406
2012-06-14,17.140783309936523,17.199866626845942,17.012723007484272,17.13208610730103,345573200,16.958015537261964,17.393334617614745,17.097499098630045,17.047717567165993,53.92491275515249,-0.11009700095991892
2012-06-15,17.218759536743164,17.23345508573424,17.081399799857536,17.12488741300813,335255200,17.024010753631593,17.363235702514647,17.109047711783674,17.054425095384705,57.52422907488986,0.454916355902113
2012-06-18,17.568147659301758,17.631428989910255,17.1059868468178,17.123682362790433,440412000,17.107085704803467,17.334504165649413,17.152771516309205,17.074571078283412,58.40705583069299,2.029113199548638
2012-06-19,17.617036819458008,17.694712584520346,17.487775287211512,17.496772003896503,361404400,17.146268844604492,17.305220947265624,17.196987259466233,17.095844244603985,55.48747947976438,0.2782829533560127
2012-06-20,17.56694984436035,17.672217984563726,17.41879314170204,17.641026593995424,358943200,17.189410400390624,17.27960849761963,17.23222179136091,17.114318974006196,55.3179468990677,-0.2843098735102578
2012-06-21,17.32492446899414,17.64132958723696,17.318025971220116,17.55795498702125,326351200,17.20007219314575,17.250499153137206,17.24105061780217,17.122578013025333,62.51513841449623,-1.3777313506926792
2012-06-22,17.45778465270996,17.46048350771463,17.25744472156211,17.366012370690626,284471600,17.22523441314697,17.226104431152343,17.261691954460055,17.13572337144434,63.14023729332086,0.7668730905788124
2012-06-25,17.117990493774414,17.388809840574808,17.105993800389893,17.313831307768908,304382400,17.237950706481932,17.205434684753417,17.24800610106142,17.13502796447689,55.11346695107127,-1.9463761622400377
2012-06-26,17.155776977539062,17.229554229422746,17.014818251707023,17.134781966082954,276536400,17.237591171264647,17.200576171875,17.23922237501167,17.135841651263643,50.40568878398351,0.22074135266281214
2012-06-27,17.2298526763916,17.297032544473872,17.152476421779713,17.24484773933384,202997200,17.230588150024413,17.1794624710083,17.238330022762142,17.139528358131408,51.917768312950024,0.431782827146332
2012-06-28,17.0664005279541,17.21485676922394,16.963232193531013,17.14497804951006,282836400,17.217571830749513,17.155895500183107,17.221955785161377,17.13666060008524,41.87205539166043,-0.9486566803990293
2012-06-29,17.51477813720703,17.51477813720703,17.22236463847869,17.334830875929505,421500800,17.2520770072937,17.153832244873048,17.249843628213345,17.151488738795898,58.53873671628853,2.627253523779105
2012-07-02,17.770286560058594,17.7987774919158,17.50276683262513,17.536657074764026,400092000,17.29440927505493,17.16555263519287,17.299409621722415,17.175755320021885,60.39921282888407,1.4588162113728487
2012-07-03,17.976930618286133,17.994626139188192,17.814680566524945,17.841071686899966,241712800,17.34926290512085,17.1821736907959,17.36393543091896,17.207173959169502,66.70760933056015,1.1628628358306914
2012-07-05,18.292734146118164,18.4246945344802,17.984126098974848,18.011417367816193,484383200,17.406965732574463,17.211960754394532,17.452392451414124,17.249744946892978,71.00055078486844,1.7567155068774376
2012-07-06,18.170974731445312,18.24775196615467,18.042014283909605,18.20726432791574,418930400,17.458190536499025,17.209489631652833,17.52082885903614,17.285871605110717,67.0865211447988,-0.6656162698274959
2012-07-09,18.41120147705078,18.41150099392704,18.11788956538074,18.15357852279712,379405600,17.50853052139282,17.213202590942384,17.60562625122801,17.330002188324055,65.74453700332913,1.3220355493079428
2012-07-10,18.240854263305664,18.590549044976022,18.153879042379973,18.533565555696192,511957600,17.564073944091795,17.21632785797119,17.666124157140167,17.36572187753902,61.14458036596585,-0.9252368128036204
2012-07-11,18.12748908996582,18.224359586467283,17.91125389635333,18.178173117599624,469322000,17.606466579437257,17.22859420776367,17.710063674552135,17.395595101555756,59.79269936009106,-0.6214904834139001
2012-07-12,17.961631774902344,18.098690342947577,17.775087265144084,18.00181988221467,428041600,17.646564388275145,17.238653144836427,17.734022541252155,17.417792618157584,61.42748967541928,-0.9149491925789288
2012-07-13,18.143674850463867,18.210254063538535,17.99461961210884,18.083093981138347,311427200,17.696708965301514,17.25004364013672,17.773037046891368,17.446258588051947,62.09665374487512,1.0135107870092863
2012-07-16,18.20186996459961,18.343126648210056,18.14518597928378,18.14818595397993,301260400,17.745864486694337,17.265093307495118,17.813878277149296,17.475890406740092,71.22389054177103,0.32074601543168324
2012-07-17,18.2027645111084,18.339523593098168,18.08909705852281,18.318229064907243,293624800,17.77759532928467,17.29009979248047,17.85091506133588,17.504395273578066,70.8020406291662,0.004914585756998768
2012-07-18,18.182371139526367,18.244752338116943,18.101394266926576,18.19226801030181,252700000,17.805862045288087,17.312161178588866,17.88248230687783,17.530982562438783,69.33758863490627,-0.1120344745963453
2012-07-19,18.424095153808594,18.454985429115876,18.17456880828095,18.332921912010583,436861600,17.848719310760497,17.339836883544923,17.934064482775998,17.566006585629758,76.71428646487362,1.329441646676921
2012-07-20,18.12358665466309,18.42769555993524,18.105591618397,18.385407625133535,397471200,17.888652420043947,17.36090259552002,17.952114213431912,17.587872470689888,62.7191748561283,-1.6310624572701715
2012-07-23,18.10948944091797,18.171571112360077,17.626034030492644,17.826673471579806,487975600,17.921237659454345,17.380882720947266,17.967102330335347,17.608328038149814,57.881623196010615,-0.07778379640706046
2012-07-24,18.02222442626953,18.28494565694893,17.949944734652483,18.215965457093606,565132400,17.966449356079103,17.401402854919432,17.97235205375765,17.62455926905647,51.114249651606364,-0.4818745163033933
2012-07-25,17.24395179748535,17.418799191061918,17.094896492681304,17.228657215377122,877312800,17.970858097076416,17.41144989013672,17.902980600779337,17.609633485857604,28.981890905087795,-4.31840493368707
2012-07-26,17.241254806518555,17.4068043806183,17.105695366083452,17.38760966998825,406632800,17.971428203582764,17.42447208404541,17.839959096564023,17.595187263138424,30.434255556741917,-0.01564021402095106
2012-07-27,17.549556732177734,17.56965158944645,17.142579012336896,17.24514831488545,403936400,17.995586013793947,17.447913093566896,17.812301728527235,17.59339783055173,32.37196996893877,1.788164081552912
2012-07-30,17.84557342529297,17.977833368234577,17.629336627268966,17.72231020169139,379142400,18.012125778198243,17.48684745788574,17.815470461552543,17.60328706956119,42.30860871998557,1.6867474069728328
2012-07-31,18.317319869995117,18.34551288241921,18.076192892641114,18.09148746573722,462327600,18.03947744369507,17.53506088256836,17.863265643308978,17.631288355852718,53.24163160973526,2.6434927780663475
2012-08-01,18.198862075805664,18.486476716461155,18.08459560398144,18.47178117141711,384501600,18.050574016571044,17.562370643615722,17.89522720830866,17.65354614879205,54.11770470332808,-0.6466982889974715
2012-08-02,18.228256225585938,18.315229841431343,18.002124183710063,18.07980156437809,332158400,18.047350120544433,17.592853393554687,17.926944257573165,17.676083798862397,51.5502653752275,0.16151641601456213
2012-08-03,18.465486526489254,18.533866070720396,18.34132316406075,18.403404845275,344920800,18.062075710296632,17.61992935180664,17.978233997469935,17.707040768573254,54.53416923374696,1.301442650176976
2012-08-06,18.670923233032227,18.740502441112515,18.45228873885909,18.513169144446707,302103200,18.075061798095703,17.654257011413574,18.04420440085682,17.74484008090498,57.5229381418021,1.112544238941493
2012-08-07,18.62173843383789,18.74440099920308,18.535663374585507,18.67752064613009,290446800,18.094106006622315,17.689418487548828,18.099207642093113,17.77922825160823,56.995552219061864,-0.26342992566815715
2012-08-08,18.59025764465332,18.710822055966595,18.50748203086524,18.576161124201523,244706000,18.11724443435669,17.7179642868042,18.14597430900361,17.811033325845294,52.835450338527714,-0.16905397579511927
2012-08-09,18.696269989013672,18.726390489506905,18.60801893328282,18.60952455616462,221642400,18.153976345062254,17.744491424560547,18.19838342138552,17.8457484891068,60.467258246359144,0.5702575315885472
2012-08-10,18.725481033325195,18.727287458544364,18.63512277523397,18.63542357800867,194938800,18.183066654205323,17.772466506958008,18.2485831939512,17.880247804566345,61.1969659462904,0.15623995764229015
2012-08-13,18.97547721862793,18.97547721862793,18.772168304346756,18.77638597786184,278832400,18.22174701690674,17.815482559204103,18.317811196301367,17.9231979776668,66.35958155944328,1.3350588156203935
2012-08-14,19.026376724243164,19.234807305799784,18.98180000592484,19.031799216934097,340169200,18.262927627563478,17.857537269592285,18.38529362753392,17.966459889297244,90.7678723493362,0.26823834272409197
2012-08-15,19.00048065185547,19.095960631958125,18.90771272334661,19.014637689860816,257342400,18.303833103179933,17.89994972229004,18.443882867945494,18.00700972312306,89.81473567523187,-0.13610616862589353
2012-08-16,19.16644287109375,19.179092678284324,18.99054234770824,19.011928307346935,254534000,18.34095048904419,17.940505027770996,18.512698106340565,18.052477689710145,89.1133229488107,0.873463268004615
2012-08-17,19.52095413208008,19.52336377253159,19.24084066816445,19.27668286345191,442761200,18.41081886291504,17.987994537353515,18.608722489744327,18.110065001175634,89.41293977019419,1.849645567362912
2012-08-20,20.03418731689453,20.03418731689453,19.574859865086037,19.578173521365937,613384800,18.507053756713866,18.04059024810791,18.744481044711012,18.18552077826265,89.61563547733749,2.6291398532155785
2012-08-21,19.760400772094727,20.327256470618423,19.587813940748248,20.204969663655913,812719600,18.593962574005126,18.093198547363283,18.841235304461843,18.24728077802077,83.6214600170839,-1.3665967102589938
2012-08-22,20.146236419677734,20.150151682309932,19.520949352745316,19.71100527325457,565322800,18.739076805114745,18.150530548095702,18.965521124958595,18.3217496267132,85.80089120035774,1.952569950544114
2012-08-23,19.95828437805176,20.177254313930757,19.9137060516873,20.063100468847935,420128800,18.874928283691407,18.20650272369385,19.060070006205564,18.385927460099026,78.38668119388187,-0.9329387271678757
2012-08-24,19.976064682006836,20.164615031265008,19.74504642929892,19.864320417893857,437340400,18.99625368118286,18.263208351135255,19.147307594377114,18.448285782526785,76.72562210196105,0.08908733645778266
2012-08-27,20.35135269165039,20.507673648706017,20.286895631862613,20.48116761114312,427008400,19.12154264450073,18.325860214233398,19.26197855602219,18.522915857394377,81.24477999487311,1.878688398429107
2012-08-28,20.324848175048828,20.364004020093063,20.20045252289183,20.33026906067035,267416800,19.221919059753418,18.38099422454834,19.363204234024725,18.593579869851414,81.3911120101013,-0.1302346679512678
2012-08-29,20.28478622436523,20.411289092032927,20.25858259894013,20.33839990364202,202806800,19.326215267181396,18.434349212646485,19.450973947390487,18.659901687675486,79.45057929421014,-0.19710824080240164
2012-08-30,19.99563980102539,20.226960432741905,19.96491769299609,20.199551982105156,302699600,19.41458444595337,18.482923011779786,19.502846885831907,18.71228357447352,71.47821341557426,-1.4254349054589999
2012-08-31,20.036903381347656,20.13810504624634,19.79624500506428,20.097443576854648,338321200,19.49315528869629,18.537162590026856,19.55370940921436,18.7642294492529,69.31185092798694,0.2063628907745585
2012-09-04,20.329965591430664,20.335085673528663,20.014611643901855,20.052562663989217,367892000,19.57610740661621,18.59460620880127,19.627638569425436,18.825630866593205,71.79707482602683,1.462612283471998
2012-09-05,20.18719482421875,20.371527397938152,20.16821851331096,20.34803421994304,336375200,19.654380226135252,18.655990295410156,19.680929641310513,18.879025531598128,69.09645277051726,-0.7022676283923168
2012-09-06,20.369123458862305,20.429966061611793,20.20436875546206,20.275752326269327,391196400,19.743323516845702,18.720257225036622,19.74647190964878,18.937460744432016,69.25444159917728,0.9012080986373183
2012-09-07,20.49472427368164,20.556168483155385,20.354064358156688,20.42273587882907,329666400,19.8332462310791,18.785554656982423,19.817734039556672,18.998529902441806,66.82270090589046,0.6166235629775585
2012-09-10,19.96160888671875,20.58056962533148,19.942331762134796,20.49503060213381,487998000,19.89505262374878,18.843458824157715,19.83143640595306,19.036297705746787,48.754701124342695,-2.6012322968769652
2012-09-11,19.89684677124023,20.18328509272132,19.77365593385995,20.03298821751727,503983200,19.941121101379395,18.89110019683838,19.83766596455184,19.070044727923,52.52203968730184,-0.32443334525810164
2012-09-12,20.173952102661133,20.17726576067028,19.7586011569328,20.085400222368097,712233200,19.998499870300293,18.93917350769043,19.869693215800343,19.11333521320685,50.533744823619216,1.3927097826447632
2012-09-13,20.571231842041016,20.647133905495057,20.32394772571993,20.40225942955574,598360000,20.07703742980957,18.991059532165526,19.936506418299455,19.170507630023877,60.92337144174043,1.969270757451036
2012-09-14,20.821218490600582,20.992901281141336,20.719111224647666,20.78146104797897,600474000,20.159776210784912,19.041629219055174,20.020764710899563,19.23524138926218,63.91027436049724,1.2152244964187098
2012-09-17,21.077241897583008,21.07784350330228,20.921522530577843,21.06428968033278,398031200,20.23759059906006,19.099754562377928,20.121381585821794,19.307476703313977,62.435522839275805,1.2296273971573957
2012-09-18,21.14139938354492,21.154049191058068,20.97604143431599,21.080255966278624,373503200,20.29295120239258,19.154358520507813,20.2185261379859,19.379395239793624,63.81052354487345,0.30439222680871403
2012-09-19,21.147119522094727,21.20404525597076,21.070916668357427,21.091699411065,326874800,20.36228713989258,19.212483825683595,20.306963603139124,19.448717760668178,64.75626481383932,0.02705657485597701
2012-09-20,21.044713973999023,21.08567785865342,20.891705033756704,21.0585686012875,336568400,20.407211017608642,19.270828323364256,20.37722554322102,19.511305847465465,69.17741207776997,-0.4842529404002649
2012-09-21,21.086584091186523,21.236580204001225,21.064596521843864,21.156462063226495,571589200,20.463626003265382,19.33332736968994,20.444783500170114,19.57308146486629,69.18424558734634,0.1989578819613813
2012-09-24,20.80646514892578,20.93688491761274,20.571832460159964,20.688095190140817,639766400,20.505146026611328,19.38658317565918,20.479229371480177,19.62144945247647,58.75003064680518,-1.328422569769483
2012-09-25,20.28689765930176,20.86640321536248,20.270631784886028,20.73026016284568,518789600,20.501923274993896,19.428283729553222,20.46091206555842,19.647545460587263,51.60829607933031,-2.4971444495983763
2012-09-26,20.03508758544922,20.261286407079258,19.91521046195303,20.14231330032137,576503200,20.487435245513915,19.46493019104004,20.42035735316707,19.66274319097401,44.73050285152398,-1.241244857057211
2012-09-27,20.52122688293457,20.546828902704924,19.889614953372625,20.008287296207367,594090000,20.499257278442382,19.511707305908203,20.429963975049688,19.696409218109718,50.3753845023339,2.4264395921004933
2012-09-28,20.092927932739254,20.51490611839752,20.082385354741216,20.44382334120291,535110800,20.504121685028075,19.545083961486817,20.397865304353456,19.7119589716246,51.9169290823386,-2.0871020657711736
2012-10-01,19.860698699951172,20.3835792417199,19.77365247868896,20.21520848691085,543594800,20.49531145095825,19.579826202392578,20.346706580124668,19.717791902147212,49.49692506328258,-1.1557759703586523
2012-10-02,19.918535232543945,20.07033936443566,19.597457879705026,19.93359468113855,627992400,20.474739933013915,19.6160071182251,20.30592835654555,19.725664189613752,46.21430057625677,0.29121096627338083
2012-10-03,20.223949432373047,20.236300045864592,19.95829381657095,20.025461336361644,424281200,20.47657766342163,19.66004161834717,20.298120839957694,19.74520478736902,44.708606607877286,1.533316563007614
2012-10-04,20.083885192871097,20.308277643583303,20.04623658637552,20.217917770851734,370725600,20.46231575012207,19.716840286254882,20.277717444997066,19.758486371898513,38.37620823388136,-0.6925662070621286
2012-10-05,19.655881881713867,20.059787625971374,19.616425243611737,20.03569284093604,594006000,20.42037363052368,19.76513282775879,20.218495010398666,19.754462666401075,28.745291005049552,-2.1310782602419587
2012-10-08,19.221559524536133,19.50438498123811,19.159512100172194,19.483903041683863,637994000,20.38337116241455,19.798572883605956,20.123548773649855,19.733564503975,24.152624850996503,-2.2096304800335087
2012-10-09,19.151670455932617,19.291426274611585,18.781197376220018,19.236006196563817,838597200,20.34611234664917,19.82469482421875,20.03098893386726,19.710745129541966,23.590983993893204,-0.363597285195838
2012-10-10,19.3040828704834,19.4266704598143,19.186314559946805,19.26884229644278,510356000,20.302618885040282,19.844430084228517,19.96175978497356,19.694797589971042,27.264342822634404,0.795817862997783
2012-10-11,18.918251037597656,19.493540477625046,18.918251037597656,19.47245693358512,546081200,20.219969844818117,19.858817863464356,19.86237799950919,19.664344783995617,24.012879823819077,-1.9987058461901408
2012-10-12,18.96674537658691,19.1375241811159,18.83391759623897,18.962226899626607,460014800,20.127246189117432,19.873587646484374,19.77707965446897,19.636987944489395,26.655158943567713,0.2563362696312632
2012-10-15,19.118850708007812,19.129994890666445,18.79024369957557,19.046262315015113,432502000,20.02932662963867,19.886654930114744,19.71439118337743,19.61666883717639,33.65385385353319,0.801957997541658
2012-10-16,19.571544647216797,19.586906499133352,19.005593111189544,19.137217640694857,549771600,19.950833892822267,19.904667358398438,19.70078675136213,19.614899261099545,43.85830043001753,2.367788451945896
2012-10-17,19.41552734375,19.661907355612435,19.397154244482586,19.54383823582356,389037600,19.86425428390503,19.92054313659668,19.673619188732403,19.607080754536817,33.94564774889294,-0.7971639759613125
2012-10-18,19.054996490478516,19.338724351384897,18.975479981998856,19.264329534143865,476624400,19.764768409729005,19.929837913513182,19.61470274127965,19.585430391240415,34.627086611503984,-1.8569202210597768
2012-10-19,18.368261337280273,19.028787250963383,18.361634024634615,19.007102104901215,744086000,19.62885227203369,19.923277740478515,19.495994036136853,19.53769827147727,30.518268286088045,-3.603963682393707
2012-10-22,19.096866607666016,19.137528082884774,18.395978141656347,18.445977375544494,546730800,19.543372344970702,19.93070545196533,19.457981900092012,19.52041075524938,40.87261953240902,3.966653440992607
2012-10-23,18.474288940429688,19.092950408389505,18.424291317563704,19.00560175267659,707145600,19.4527419090271,19.920681686401366,19.36429685631465,19.47938637035449,31.843527429687967,-3.2601037648051
2012-10-24,18.578798294067383,18.871563059087404,18.39235686129075,18.717651759566817,558527200,19.37992744445801,19.911730117797852,19.289487469433958,19.44406919089225,34.26539375248997,0.5657016298417972
2012-10-25,18.359230041503903,18.734524255682732,18.239052054218742,18.674283252030936,656325600,19.271827602386473,19.89890510559082,19.20089152391681,19.40152647915153,35.82675178995322,-1.1818216070174636
2012-10-26,18.192371368408203,18.493570033268472,17.80081439094742,18.355921313672734,1018432800,19.176799774169922,19.879423675537108,19.104841985296943,19.3541086316714,38.05167272728883,-0.9088544166530377
2012-10-31,17.930925369262695,18.13092065791556,17.7014127957269,17.917672349635964,510003200,19.0803111076355,19.84762310028076,18.993040402817492,19.29829752334165,36.43130021836376,-1.4371188552115832
2012-11-01,17.967679977416992,18.162252862938505,17.896296371755714,18.01828083108639,361298000,18.98276834487915,19.806292953491212,18.895387028969825,19.24611644310931,34.753757052361124,0.20497886973140922
2012-11-02,17.37310218811035,17.980016017116736,17.311357191220846,17.94808910039763,599373600,18.840225982666016,19.758546981811524,18.750407520316543,19.172664903697587,33.173718613109116,-3.3091517104820833
2012-11-05,17.6086483001709,17.703525084618303,17.397206357116104,17.575516545919378,529135600,18.716464138031007,19.707795219421385,18.64166854696934,19.11133091924556,35.7895825050972,1.3558091670107686
2012-11-06,17.55533218383789,17.792977718630727,17.472202814806714,17.77761746891849,374917200,18.611436653137208,19.65973617553711,18.53820794095682,19.05031136099428,33.29480381328128,-0.302783697102349
2012-11-07,16.883615493774414,17.384071811822746,16.815535245745025,17.36289197249016,793648800,18.49453945159912,19.59788719177246,18.38062770789183,18.96534289561311,22.565207928324725,-3.826282994985908
2012-11-08,16.270910263061523,17.01161193033052,16.196477807320314,16.963199000496676,1056146000,18.350501441955565,19.516278343200682,18.17970223695561,18.859678870807166,20.6409508949543,-3.6289930372959356
2012-11-09,16.552602767944336,16.789215247170016,16.14896895471536,16.35169400751512,929913600,18.212927436828615,19.440833435058593,18.024740382764058,18.769205298145877,26.287862877616647,1.7312645717327602
2012-11-12,16.42461395263672,16.77771799519155,16.298137629133063,16.767127265474258,515802000,18.088245582580566,19.363629989624023,17.872347389418596,18.67726053949846,29.401189156016187,-0.7732247133694248
2012-11-13,16.426734924316406,16.656085500946944,16.2288511330389,16.306008020371955,532949200,17.96124505996704,19.292251892089844,17.734670011789817,18.589004633020732,16.5512617603095,0.01291337309847762
2012-11-14,16.244579315185547,16.564400215042205,16.223399476289732,16.50539819645649,477170400,17.817531490325926,19.2164054107666,17.59275661211322,18.49706638526249,18.60410028554179,-1.10889723350448
2012-11-15,15.90388298034668,16.323855312717352,15.813111998664484,16.26424893240455,789910800,17.634148406982423,19.12788375854492,17.43191150432593,18.395372918403044,14.684264442065029,-2.097292445858423
2012-11-16,15.966218948364258,16.036416080206884,15.302674180782065,15.891180523572562,1266893600,17.461682987213134,19.04346424102783,17.292321737091488,18.300111978401524,17.03761036487998,0.3919543931165226
2012-11-19,17.117504119873047,17.171058876475847,16.335351297519097,16.36046428021067,823317600,17.364808368682862,18.978431854248047,17.27567244021354,18.253735199635702,38.35296344888193,7.210756505545346
2012-11-20,16.971660614013672,17.305703156590074,16.7801323322731,17.30449283410367,642754000,17.29497833251953,18.907970581054688,17.24671893295641,18.203457764905426,39.33850666890525,-0.8520138499049867
2012-11-21,16.995573043823242,17.167131894833688,16.84125927662321,17.07272992742326,373002000,17.18991365432739,18.848649864196776,17.22280027684849,18.156089736627695,39.16484544410902,0.14089622903386
2012-11-23,17.292089462280273,17.307219304509022,17.022799923912594,17.161075661321146,272826400,17.130803680419923,18.79655471801758,17.22939924688961,18.122207372927797,49.03276052886871,1.744668553937312
2012-11-26,17.83763313293457,17.851853214486752,17.35896094911276,17.42522491322757,630579600,17.09374542236328,18.749828338623047,17.287326283655798,18.111047598810416,52.545503736390856,3.154874209067149
2012-11-27,17.693906784057617,17.864559041915804,17.55230226912612,17.838234120908982,533330000,17.060479259490968,18.69228183746338,17.326048236075017,18.094689135486778,51.51010638275761,-0.805747869158624
2012-11-28,17.638235092163086,17.724770743275215,17.315085387693557,17.466674673449994,520864400,17.03277244567871,18.62862216949463,17.355780317607213,18.076788976925066,59.49877411318878,-0.314637646586291
2012-11-29,17.832489013671875,17.980447354308946,17.70813277785165,17.858511764320273,514698800,17.02785062789917,18.563727111816405,17.401181145803847,18.067208586209254,71.97089929341423,1.101322895934742
2012-11-30,17.70903968811035,17.803443261648173,17.630370312815245,17.754728167222456,391319600,17.01491861343384,18.495079917907717,17.430501006975895,18.05316274706812,67.02896271247374,-0.6922719843925118
2012-12-03,17.736572265625,17.99073522048309,17.71569460010422,17.96229344100699,364280000,17.03309211730957,18.42686897277832,17.459650650656762,18.04074743407035,69.90805486607638,0.15547188328417505
2012-12-04,17.423709869384766,17.603740939998346,17.311153082141235,17.603740939998346,557068400,17.023845195770264,18.354448890686037,17.456227719107048,18.016549882514052,63.82465736033896,-1.7639394554639476
2012-12-05,16.302370071411133,17.224008922249023,16.301764102148287,17.21372198804295,1044638000,16.961197090148925,18.258764610290527,17.34633651456458,17.94932714482374,50.63576615287513,-6.435712063502286
2012-12-06,16.558053970336914,16.741714460635293,15.692388459913143,16.00434321248089,1177212400,16.94491901397705,18.17379638671875,17.271261986542896,17.894767412490925,57.333825998523714,1.568384828744418
2012-12-07,16.134748458862305,16.798897400450397,16.03641174233316,16.744434485424545,787040800,16.93811092376709,18.09075340270996,17.163022602954268,17.825747061368233,51.747895396102315,-2.5564931255384504
2012-12-10,16.03097152709961,16.29390740067603,15.781649770972496,15.885129990939104,630484400,16.912029361724855,18.01067108154297,17.055208214777632,17.75536370708319,35.602807985207946,-0.6431890278753905
2012-12-11,16.38104248046875,16.62824566745886,16.2594074595882,16.332025213674672,592345600,16.909850788116454,17.927867393493653,16.991001954367263,17.70146875701988,42.575782859378776,2.1837163940897852
2012-12-12,16.308719635009766,16.581035687494797,16.22611715833962,16.574075930324753,487144000,16.903950023651124,17.85218322753906,16.926022685857024,17.646851144392034,41.4698980913989,-0.44150331424398503
2012-12-13,16.02702522277832,16.267572365590468,15.909323384585011,16.071201184179888,625259600,16.89307231903076,17.775509757995607,16.84040387984953,17.58332855923071,34.23098540114748,-1.7272625842848832
2012-12-14,15.424906730651855,15.677253357592583,15.297523902441988,15.574983513439667,1009579200,16.86912350654602,17.685637187957763,16.70559462754499,17.49868456595311,20.343662398453418,-3.756894893200191
2012-12-17,15.698431015014648,15.733832545048346,15.16590202899743,15.398883460379963,757607200,16.85573410987854,17.595126819610595,16.60967428349448,17.428086387484935,26.230793523131823,1.7732637813572927
2012-12-18,16.154415130615234,16.184671586185836,15.741400938362192,15.885123950077668,625685200,16.807579660415648,17.516537418365477,16.566316268934553,17.37813849505867,33.86422410038189,2.9046477011904104
2012-12-19,15.92475700378418,16.148359654843222,15.900248375718329,16.080885383496366,449369200,16.755234479904175,17.441914920806884,16.50521538653928,17.321143142459672,29.41292098290957,-1.421643092455982
2012-12-20,15.78618621826172,16.042466078206605,15.6999527162033,16.03641446263069,481689600,16.6947651386261,17.373207454681395,16.436736418131893,17.26094875327544,29.317240320968494,-0.870159497501477
2012-12-21,15.713570594787598,15.72385753471318,15.43852988100917,15.50600419196308,596268400,16.615839195251464,17.304445457458495,16.367863482575295,17.20026725686415,28.449030289619813,-0.4599947224119272
2012-12-24,15.738986015319824,15.862435760044276,15.69481002284277,15.744433278127644,175753200,16.510906839370726,17.233143520355224,16.307970390455726,17.142962110136924,30.881833791439206,0.16174185478032843
2012-12-26,15.52203369140625,15.717496774787032,15.465150138350552,15.703577255270476,302436400,16.40231318473816,17.165219173431396,16.23311927626054,17.079396289794545,38.857729413866586,-1.378439015718036
2012-12-27,15.58436679840088,15.620372693399132,15.269689302288324,15.53837452735518,455120400,16.29961977005005,17.097571601867674,16.17133332598819,17.020767682288913,35.284367560100804,0.4015782225053499
2012-12-28,15.418850898742676,15.566810788266505,15.374372763677112,15.440032348131938,354278400,16.178937864303588,17.023571605682374,16.09966833291719,16.95794741626749,38.26610315258805,-1.0620636808624684
2012-12-31,16.102066040039062,16.199798380613583,15.401003218763377,15.44729603952988,659492400,16.098589181900024,16.954182033538817,16.099896685976415,16.92438344072912,50.97926554821163,4.431037992280595
2013-01-02,16.612211227416992,16.79284831308343,16.388307919068655,16.75714458982828,560518000,16.042371129989625,16.898115711212156,16.148688547065994,16.912141393148254,53.04966669786813,3.168197087935254
2013-01-03,16.402523040771484,16.63157136489985,16.369239973770377,16.5774106348578,352965200,15.99131178855896,16.845066242218017,16.17286326075223,16.892156359721714,51.1942081632554,-1.262253313390549
2013-01-04,15.945634841918944,16.29752845750023,15.910233310327133,16.24730087823839,594333600,15.973475027084351,16.79661371231079,16.151222458958582,16.855037868827488,49.00806943142051,-2.7854751230457775
2013-01-07,15.85184097290039,16.015229712149477,15.58860140510791,15.794351444691426,484156400,15.938164377212525,16.731713199615477,16.12270993647685,16.81569681408525,55.93904529627633,-0.5882103155402829
2013-01-08,15.894503593444824,16.093597674732802,15.771659856401827,16.012507654708184,458707200,15.92615213394165,16.68011749267578,16.10097599904523,16.77957158974641,52.914763748996606,0.26913353860518185
2013-01-09,15.646090507507324,15.885425788189394,15.612503644890928,15.809479242309774,407604400,15.906908082962037,16.62146333694458,16.057653571279715,16.73512135122723,41.94635689283739,-1.5628867204128927
2013-01-10,15.840038299560549,15.997677568995494,15.598280800122671,15.992534101842825,601146000,15.879857873916626,16.571079502105714,16.03692830730646,16.700020055083442,48.64239687846342,1.2395926762673648
2013-01-11,15.742913246154783,15.894804707792176,15.704182919096208,15.76409308580585,350506800,15.851567554473878,16.522090339660643,16.00892687291106,16.662486454733298,49.29722268600787,-0.6131617333807848
2013-01-14,15.181644439697266,15.355623953837837,15.083609877589634,15.209782433861902,734207600,15.809298515319824,16.467104721069337,15.930138069747843,16.60441421884953,42.54455037663212,-3.5652156477112507
2013-01-15,14.70266819000244,15.098131952090428,14.625813484863444,15.077254283614243,876772400,15.773186588287354,16.401804485321044,15.813236176438757,16.529835943208468,37.113441672995364,-3.1549694869838274
2013-01-16,15.312963485717772,15.414326860557251,14.901767009791506,14.966516889108844,690804800,15.753913211822507,16.360601711273194,15.765591158274853,16.482115454679423,47.631881635778186,4.1509152476849165
2013-01-17,15.209776878356934,15.45395504806895,15.190111153673955,15.440641497891216,453678400,15.706681299209595,16.312624282836914,15.712656464949337,16.432219824235403,45.79596338162153,-0.6738513251016265
2013-01-18,15.128694534301758,15.19586504953723,15.019767059765863,15.08391257489258,472922800,15.666878175735473,16.26409152984619,15.6570410429829,16.381101185414476,46.680656050765016,-0.5330935798969816
2013-01-22,15.27302360534668,15.367123418649246,15.026728457510394,15.266669811691782,461546400,15.64122004508972,16.231879692077637,15.620467953684212,16.33764716266672,39.18208254188221,0.9540087594318125
2013-01-23,15.552597045898438,15.582249151098283,15.273018899786637,15.395258289544286,861509600,15.63317136764526,16.217513427734374,15.614004057704614,16.30686088357777,35.28816545044127,1.8305048677714764
2013-01-24,13.630950927734377,14.091770475642678,13.62338519748696,13.918395351826854,1460852400,15.527769613265992,16.159080390930175,15.425141854850306,16.20192323825058,23.917995893943285,-12.355789277462447
2013-01-25,13.309619903564451,13.80432780633224,13.161963701963884,13.666960160102782,1208026400,15.4171489238739,16.09678050994873,15.223663573775463,16.08849957806681,24.544200370592776,-2.357363223398634
2013-01-28,13.610677719116213,13.712947583555016,13.187982532280714,13.247589725070716,785517600,15.318464469909667,16.040459365844725,15.070045873331726,15.99133009340208,29.19028023162079,2.261956522673758
2013-01-29,13.866047859191896,13.92444553053223,13.679965171766458,13.873007619297676,571158000,15.240824317932129,15.992888736724854,14.9553793957946,15.907985692060505,31.88103201765331,1.87624852594237
2013-01-30,13.822480201721191,13.997065660113629,13.751980906280153,13.82762367053454,417155200,15.126845026016236,15.951260681152343,14.847484234454274,15.82620116302759,33.092042111398726,-0.314203859045703
2013-01-31,13.781933784484863,13.896609050150625,13.766503379617149,13.82701790803804,319334400,14.985331153869629,15.907574977874756,14.746003239219093,15.746033814849445,30.359184420871088,-0.29333677201635044
2013-02-01,13.725351333618164,13.902659582941508,13.56589574946556,13.89146450108933,539484400,14.851472568511962,15.839731922149658,14.648798295828527,15.666791364605082,30.595938511389235,-0.4105552366707621
2013-02-04,13.383442878723145,13.795548083460195,13.373760296632184,13.734125415259347,477117200,14.723362970352174,15.767967567443847,14.528288256104204,15.57724828672736,31.943784491897205,-2.491072516719972
2013-02-05,13.853039741516112,13.910529273581608,13.380419133835554,13.43579019676262,573347600,14.62342290878296,15.705116901397705,14.463978873762482,15.509632265346527,41.45255684543798,3.508789681760649
2013-02-06,13.838211059570312,14.115064705673875,13.693882095360912,13.811583959776964,593706400,14.520608282089233,15.636039333343506,14.404381939077513,15.444086335708244,33.144172755470365,-0.10704280231983443
2013-02-07,14.249674797058104,14.303845613517824,13.82055851846453,14.09841942334279,704580800,14.45078749656677,15.564280166625977,14.389647925551856,15.397246667525886,39.74881678736384,2.9733882198828665
2013-02-08,14.455410957336426,14.571971948868546,14.250590954967285,14.4255860365442,633158400,14.381556129455564,15.499510250091554,14.3959110714361,15.360311933792966,42.997626098750096,1.4437954774995765
2013-02-11,14.606046676635742,14.758520992203009,14.4027513816614,14.501659526756647,517490400,14.324712800979611,15.438866481781005,14.415923986217019,15.330732904100525,43.07230526804185,1.0420715104115796
2013-02-12,14.23993682861328,14.680617403630407,14.23506732223723,14.593271852011933,609053200,14.277627420425413,15.367015438079834,14.399163304540473,15.287956587414751,36.60654963722325,-2.506563590599109
2013-02-13,14.212849617004396,14.414625303751588,14.097506037083487,14.21893649955102,475207600,14.253136491775512,15.297091636657715,14.38141914382275,15.2457955297516,59.6795261677887,-0.19022002649937697
2013-02-14,14.20007038116455,14.35376053448936,14.121855958864227,14.137072355139852,355275200,14.19749183654785,15.226361598968506,14.364147833093398,15.204786700395246,66.50651117122592,-0.08991325585093746
2013-02-15,14.004379272460938,14.308716900629507,13.997075013352656,14.268847413329512,391745200,14.137221956253052,15.157974987030029,14.329884160652211,15.157711899299784,57.59483377780915,-1.3780995688808972
2013-02-19,13.999202728271484,14.08259219830372,13.8123411411147,14.032985329421836,435783600,14.080747365951538,15.111911640167236,14.298390690901666,15.112280167102597,52.843111741542586,-0.03696375318563705
2013-02-20,13.66017723083496,13.929211007897644,13.658654290801085,13.929211007897644,476302400,14.000105047225953,15.053954105377198,14.237608456609598,15.055334953915631,46.92277899706752,-2.4217486096680396
2013-02-21,13.575268745422363,13.669918590832388,13.47666364365342,13.573442679871,447182400,13.901238632202148,15.0027645111084,14.174528484115575,14.997293141817856,46.14650891176717,-0.6215767480741929
2013-02-22,13.719828605651855,13.743870581641929,13.59170252477806,13.672352529484336,330654800,13.905682516098022,14.956541652679443,14.131223733785697,14.947196493340758,49.90029403875085,1.0648765997965048
2013-02-25,13.476052284240724,13.850995374513946,13.469051961769289,13.812344882670264,372579200,13.914004135131837,14.898441848754883,14.068826452876653,14.88950456357213,51.733365701107445,-1.7768175420989407
2013-02-26,13.663830757141112,13.742045194491094,13.31962514495142,13.50709631920143,501499600,13.916661787033082,14.84554407119751,14.030255434235173,14.841438924104247,46.04091901763705,1.3934234517624988
2013-02-27,13.529919624328612,13.769433219558064,13.410619952500015,13.647393231016892,587350400,13.899855375289913,14.795601959228515,13.982604404720263,14.790006794701283,43.85540538126031,-0.9800409211195293
2013-02-28,13.433445930480955,13.630351347458827,13.433445930480955,13.514095112597316,322515200,13.880403661727902,14.755772743225098,13.930303597649853,14.736808329437741,31.395639003081428,-0.7130396670959049
2013-03-01,13.10080337524414,13.335447436462967,13.08589091797959,13.329968429003696,552448400,13.846347141265866,14.703820190429688,13.851303576468357,14.67265127241054,20.812861985822323,-2.476226553918215
2013-03-04,12.783687591552734,13.031722051065772,12.751731852825394,13.019548281518558,582755600,13.799263954162594,14.636405639648437,13.74962586361925,14.598574265318078,13.362828940052324,-2.4205827277023473
2013-03-05,13.121195793151855,13.244452355840023,12.8049898742382,12.827206595590416,638433600,13.78615159988403,14.580334415435791,13.689775380717593,14.540637854644894,27.246877733619584,2.6401474471430486
2013-03-06,12.954419136047363,13.246279141063598,12.916985204213187,13.223757669320102,460250000,13.741220569610595,14.523699073791503,13.619741452653763,14.478433199013619,25.78193537493614,-1.271047698194816
2013-03-07,13.10414981842041,13.1476706231525,12.8144207048345,12.91911264869594,468473600,13.704517507553101,14.47151065826416,13.570637487488682,14.424539733108004,29.96543853519637,1.1558270641128354
2013-03-08,13.138845443725586,13.251754283223375,13.044196441236748,13.080412990095352,391482000,13.648976039886474,14.419507846832275,13.52951443570172,14.374120349210655,33.18750791925358,0.264768228278367
2013-03-11,13.326013565063477,13.360708801875733,12.938591953674427,13.07889177749811,474236000,13.592506170272827,14.37558744430542,13.51013340040284,14.333018122381354,37.7871589473866,1.4245400947864306
2013-03-12,13.038719177246094,13.356751940814508,13.012546390175167,13.25692948679094,465911600,13.514139795303345,14.324674491882325,13.465236807721245,14.282261301003501,38.50998657829831,-2.155891455570602
2013-03-13,13.036280632019045,13.223447780456866,12.945284592104146,13.039324885631745,405549200,13.453956985473633,14.277023086547851,13.42438383860675,14.233399313984503,39.721303783241126,-0.01870233719968306
2013-03-14,13.162586212158203,13.2277134341877,13.10019605631033,13.172628351946305,303875600,13.401443815231323,14.218233489990235,13.399450731325937,14.191406643324648,39.29868220413323,0.9688774252752275
2013-03-15,13.50222396850586,13.519571179008937,13.307143022133545,13.327838424676004,643960800,13.366551494598388,14.156033744812012,13.409238658676406,14.164379871763126,50.484754683359405,2.580326927195631
2013-03-18,13.869254112243652,13.922207554235834,13.42735617601662,13.434964373130354,606197200,13.359795236587525,14.105368366241455,13.453049654254238,14.152806312566284,53.56795246484593,2.7182939980398446
2013-03-19,13.83182144165039,14.029031573271473,13.64952214159062,13.98429257724393,526775200,13.35142617225647,14.063092098236083,13.489123157815778,14.140218670569583,55.42549687204472,-0.2698967824103615
2013-03-20,13.75847339630127,13.92738153530397,13.68269374355342,13.920990715241244,308660800,13.356340980529785,14.021224746704101,13.514775561481063,14.125248267657101,55.89004656513039,-0.5302847904633534
2013-03-21,13.778255462646484,13.938032466778168,13.698215804357252,13.70186793375467,383255600,13.36649031639099,13.978899784088135,13.53986888540158,14.111640706676292,63.84666604810586,0.14378096882849967
2013-03-22,14.057641983032228,14.063423304015592,13.789825579783631,13.834562959616967,395105200,13.38338098526001,13.947130813598633,13.589180608985451,14.109523109670643,76.44666549463643,2.0277350869503996
2013-03-25,14.108465194702148,14.302328784855767,14.05368486636671,14.142246180464186,501135600,13.415001630783081,13.912499351501465,13.638636283815613,14.109481622809135,73.26435410515703,0.36153440051513996
2013-03-26,14.034205436706545,14.177243127000306,14.015640849483823,14.165069360733613,294294000,13.433520364761353,13.8783251953125,13.676309536471893,14.106529615510993,76.60446165486333,-0.5263489470384686
2013-03-27,13.75847339630127,13.90212056749754,13.71738815989598,13.891773680285098,331237200,13.444948053359985,13.84986177444458,13.684134665979451,14.092880352012573,65.17916560473483,-1.9647142950045215
2013-03-28,13.471789360046388,13.750562083906305,13.440138382953236,13.689694882778545,442839600,13.446865224838257,13.825244197845459,13.663911303509636,14.068523842523703,56.915231824284476,-2.0836907409505945
2013-04-01,13.053326606750488,13.50344145744326,13.017719559317044,13.448660321749069,389732000,13.444491386413574,13.780051460266113,13.605760380008764,14.028712186218872,44.83276835872314,-3.1062150848123027
2013-04-02,13.080108642578123,13.334229930068052,12.976938000394853,13.013459300873896,529519200,13.459312438964844,13.737458095550537,13.555698309777275,13.991512047252568,50.870219407577046,0.20517402677862062
2013-04-03,13.14706325531006,13.308057670956607,13.09593424528309,13.128193915982138,363216000,13.460605812072753,13.697825469970702,13.516780685542303,13.958396408352863,52.26769959012585,0.5118811667510714
2013-04-04,13.017108917236328,13.238666568515631,12.941937948576664,13.200929521621289,358447600,13.463740301132201,13.652707176208496,13.469192898084591,13.921483173407116,47.02654867256638,-0.9884666678031229
2013-04-05,12.87955379486084,12.932812816799728,12.772426249846982,12.91911691993791,383695200,13.452510499954224,13.599246311187745,13.413036793015662,13.880623197777851,36.12704567098181,-1.0567256005160064
2013-04-08,12.971158027648926,13.010417213199942,12.857945227981949,12.929768026214434,300829200,13.44412612915039,13.586050453186035,13.370953101075973,13.84495789698848,27.191343133778645,0.7112376270724363
2013-04-09,12.994592666625977,13.040851364857074,12.865857899984114,12.975724136786376,306614000,13.427555084228516,13.579749908447265,13.335109250175973,13.811610240895835,28.58490777755773,0.1806672845022561
2013-04-10,13.25967025756836,13.301365010845716,12.96507154355698,13.028678268779476,375928000,13.438602638244628,13.572729759216308,13.327924584213344,13.789965535667307,38.380974257151266,2.0399068885258886
2013-04-11,13.218276977539062,13.329663680852224,13.12301848179434,13.199711578874291,328364400,13.44770245552063,13.559774341583251,13.317481955006269,13.767546376525022,37.0859875553241,-0.3121742790373694
2013-04-12,13.08041286468506,13.21279891656766,13.058804835775176,13.21279891656766,238613200,13.443593788146973,13.54493299484253,13.294903946404249,13.740599964296004,25.889718944483008,-1.0429809655847389
2013-04-15,12.777595520019531,13.022282499916347,12.768465196565357,12.995196280002896,317520000,13.407362365722657,13.524846229553223,13.245636477224751,13.7028350841283,20.79602052518358,-2.3150442405612814
2013-04-16,12.972067832946776,12.98332734698026,12.79950836478889,12.829941965730058,305771200,13.362503051757812,13.509780559539795,13.219582320626849,13.674177544866279,27.860957209284535,1.5219789405804152
2013-04-17,12.258703231811523,12.800424532180406,12.115969458564177,12.790380767214431,945056000,13.28384714126587,13.487285766601563,13.12807002645396,13.618668748275896,23.562278701218446,-5.49923582209022
2013-04-18,11.931538581848145,12.34969765097019,11.861236309086824,12.32535093402313,666299200,13.192500400543214,13.448855743408203,13.014114650777216,13.552506780965004,23.23073608141479,-2.668835714322393
2013-04-19,11.885284423828123,12.16131856974656,11.720028336716998,11.807373919420238,609274400,13.097851848602295,13.409797210693359,12.906607010115398,13.487125512057675,26.682927442190902,-0.3876629799478559
2013-04-22,12.133012771606444,12.240445063076242,11.907804548449391,11.949497675234165,429920400,13.001620388031006,13.367463970184327,12.83293136835264,13.434023051647824,32.62617038249991,2.084328308388339
2013-04-23,12.360047340393066,12.428522746786433,12.137271471900222,12.294918500858564,664238400,12.914199495315552,13.325556697845458,12.787894794261252,13.391906357088814,36.36360932431251,1.8712134657760116
2013-04-24,12.339655876159668,12.637601910134274,11.94523477221678,11.976886565814205,969651200,12.829472017288207,13.280228881835937,12.745205373489673,13.350641632346495,37.798723536255956,-0.1649788521987161
2013-04-25,12.428522109985352,12.59773339603428,12.386523429459706,12.515258162084852,384837600,12.762974452972411,13.244000587463379,12.715045062679739,13.314480082449979,41.73167638534426,0.7201678451776994
2013-04-26,12.696949005126951,12.744729825209852,12.42456704293314,12.472043925152088,764097600,12.72423243522644,13.21368257522583,12.713321628627092,13.29026317745692,45.279242022887836,2.159765197874486
2013-04-29,13.090150833129885,13.196668842053109,12.782161070787216,12.795856150486726,640326400,12.72607364654541,13.191484184265137,12.749210124294025,13.282415634542135,51.459323328375746,3.0968213532570843
2013-04-30,13.475443840026855,13.55061563935242,13.14949891815121,13.241713180219003,691538400,12.745840406417846,13.180905475616456,12.818375240078105,13.289985368090555,53.17849499585997,2.9433809572448233
2013-05-01,13.36922836303711,13.54087440244364,13.220103791012196,13.52657063354876,506909200,12.756948661804199,13.168305988311767,12.870837442264676,13.293092936519832,52.18194911450505,-0.788215054366137
2013-05-02,13.558832168579102,13.652262174059391,13.41001071012938,13.44500907153756,421828400,12.784034824371338,13.16627908706665,12.936360749532717,13.303514082875099,56.81346952512604,1.4182105383598875
2013-05-03,13.69456386566162,13.793473673216075,13.669302897310436,13.735039602043653,361300800,12.824785327911377,13.168664989471436,13.008570570116422,13.31884936847457,63.71168010723935,1.0010574317532939
2013-05-06,14.021120071411133,14.066465319778136,13.826343058837026,13.868949616086123,496641600,12.877283430099487,13.17469081878662,13.105003855954013,13.34638939604071,65.09065966101232,2.3845681319456746
2013-05-07,13.95872974395752,14.174504469199348,13.807778292568068,14.150766437591546,483753200,12.925490283966065,13.184344367980957,13.186311083382918,13.37040274301784,80.09047024066538,-0.4449739188870261
2013-05-08,14.116376876831056,14.16294112962006,13.871994597489742,13.970294922411346,472598000,12.9683256149292,13.193395290374756,13.274888777997026,13.399656630618358,91.14044435154344,1.1293802213040216
2013-05-09,13.9932222366333,14.184079166286722,13.956766786271226,14.086353625241165,398487600,13.00707287788391,13.20266134262085,13.343301488343338,13.422933713207179,88.57524512532967,-0.8724238611104718
2013-05-10,13.876809120178224,14.083290747579971,13.800527866050151,14.029985163744463,334852000,13.04689269065857,13.211528606414795,13.39411173899428,13.440732748774671,83.52260081422114,-0.8319250168864922
2013-05-13,13.931035041809082,14.027842750567835,13.831778099654825,13.832084049317457,316948800,13.104564666748047,13.228133239746093,13.445247291643309,13.459960289677982,82.34990766146674,0.3907665023078488
2013-05-14,13.597726821899414,13.94512941799958,13.545339891598552,13.903772219288008,447118000,13.13584761619568,13.244414024353027,13.4597691516677,13.465362898784704,72.94883450357892,-2.392558908289022
2013-05-15,13.137887954711914,13.510105906178207,12.939066527844313,13.453737556250871,741613600,13.179806852340699,13.244747867584229,13.429113799576673,13.452520744115184,61.397239989507156,-3.3817333824277207
2013-05-16,13.313429832458496,13.413607071551658,12.833070894773376,12.966027284198182,603204000,13.248901414871217,13.251928081512451,13.418096278898751,13.44706619856002,60.209604018473826,1.3361499074409755
2013-05-17,13.272991180419922,13.48222964894841,13.204062526046949,13.450369165897564,427904400,13.318286752700805,13.255304908752441,13.404276745710291,13.440239727260408,53.428652159606244,-0.3037433069274398
2013-05-20,13.569235801696776,13.657158705756403,13.17618616891045,13.23163586797607,451578400,13.390097904205323,13.263912715911864,13.419987131994718,13.445298396846148,51.81957042833574,2.2319356447239036
2013-05-21,13.469057083129885,13.647353741503943,13.30178933704098,13.422798150337934,456022000,13.445548391342163,13.266773586273194,13.424660460674257,13.446230110033746,51.9412308395298,-0.7382782643836405
2013-05-22,13.520830154418944,13.73527713135634,13.424941936643693,13.60354535852,443038400,13.504607105255127,13.27641580581665,13.433819479126132,13.44915560197042,49.21917190837298,0.3843852689131788
2013-05-23,13.54503059387207,13.66818431050827,13.350497360684065,13.35539909882446,353021200,13.560432529449463,13.286590805053711,13.44441101386384,13.452915405574407,46.77995367809027,0.17898634312196737
2013-05-24,13.63724422454834,13.652868107825928,13.490502101598612,13.505513267531056,276166800,13.607447290420533,13.296083965301513,13.462776081548078,13.46014398671064,40.80567388846375,0.6807930778538696
2013-05-28,13.52358627319336,13.819828135820408,13.5055123398239,13.78276078410334,386145200,13.629119062423706,13.296511211395263,13.46856752837144,13.462631919513885,39.8275675258713,-0.8334378227998984
2013-05-29,13.631115913391112,13.709236141306022,13.461090545516877,13.479472064337015,330576400,13.636902666091919,13.291748447418213,13.484048326944741,13.469239134960052,38.38376828216466,0.7951266625990883
2013-05-30,13.83422565460205,13.923680733458395,13.617634614580114,13.652558678397282,353519600,13.660152530670166,13.291796531677246,13.517398548626389,13.483552331808758,46.33424508139768,1.4900448540049904
2013-05-31,13.77755641937256,14.00333748270367,13.7705097596641,13.862414105102497,384302800,13.67108874320984,13.292178192138671,13.542175488697453,13.495081903870084,47.64684761600705,-0.40963069885041614
2013-06-03,13.807880401611328,13.85812158082416,13.55544661688626,13.808186351217712,372352400,13.676754570007324,13.292770690917969,13.567480718498773,13.507348511624642,47.0466918933308,0.22009695562654752
2013-06-04,13.76468563079834,13.92153799293444,13.70586640402088,13.884469004002373,292728800,13.663932847976685,13.286911563873291,13.58626213871778,13.517440163356945,54.65088292098478,-0.31282694777649
2013-06-05,13.636014938354492,13.807878423912156,13.593125554355716,13.652557483953744,290589600,13.647797107696533,13.277462558746338,13.591000500587944,13.52209015453332,67.01547382480385,-0.9347884571802245
2013-06-06,13.432293891906738,13.693918454814025,13.297193407365196,13.647046808051828,416934000,13.613592958450317,13.265424327850342,13.575885585475447,13.518568732469532,53.98357706926246,-1.493992543780076
2013-06-07,13.534920692443848,13.578728748463854,13.25797822357118,13.372247944836692,404535600,13.590677881240845,13.260953273773193,13.571984167091486,13.519209985801858,58.4269704290667,0.7640303388458891
2013-06-10,13.445469856262209,13.757641620237235,13.381442928952897,13.624379258359214,450153200,13.569110918045045,13.26042688369751,13.559935185107745,13.51631821601599,45.406959953792935,-0.660889252432606
2013-06-11,13.405950546264648,13.564028380020112,13.274832280964898,13.34897027617076,286112400,13.542856693267822,13.267479362487792,13.545269981408403,13.511990072104172,47.547662919649305,-0.29392286338847384
2013-06-12,13.24021339416504,13.517768646373543,13.219075053167462,13.464157101651518,265227200,13.524981021881104,13.270681457519531,13.51621697309951,13.501332163165383,39.982446607864944,-1.2362954161858175
2013-06-13,13.355709075927734,13.39185858756717,13.134829751674715,13.24971222886603,285832400,13.535872077941894,13.274854373931884,13.500930506702199,13.495621453861947,43.65510690415187,0.8723098210304814
2013-06-14,13.17465114593506,13.365814836657243,13.127165968342547,13.338549328204463,271866000,13.528933143615722,13.278005218505859,13.469856281867234,13.483034382962854,35.36806085118293,-1.3556594334554029
2013-06-17,13.234393119812012,13.347743391310932,13.18415192616312,13.21723784965422,259414400,13.527003240585326,13.285102005004882,13.447431218814355,13.473283745192234,40.52973828510247,0.4534615240676443
2013-06-18,13.227346420288086,13.323234647667508,13.179556099482856,13.220913296652132,195025600,13.509908771514892,13.290225772857665,13.426470761811853,13.4636391442156,35.846215666334345,-0.05324535443470557
2013-06-19,12.958674430847168,13.22397447059176,12.958674430847168,13.216009145895272,310940000,13.484389638900756,13.28950740814209,13.381918730291407,13.443836606436447,20.657057018665085,-2.031185854698936
2013-06-20,12.7699613571167,13.049965788367532,12.718800691907612,12.845323945578278,357310800,13.446846199035644,13.279713230133057,13.323637075703338,13.417410126070967,18.977448501284087,-1.4562683454817815
2013-06-21,12.667643547058104,12.866772638683855,12.502213916978338,12.820512877767149,481118400,13.402976846694946,13.268700561523438,13.261161501546649,13.388007515129287,16.3838481647864,-0.8012382120606287
2013-06-24,12.331880569458008,12.51936799884725,12.19432837982625,12.480767621677488,480746000,13.337708663940429,13.253729915618896,13.172658555633445,13.346590772161786,13.973332105591425,-2.6505559329388695
2013-06-25,12.334639549255373,12.4927165613992,12.218225687690806,12.42868963287892,314162800,13.27826132774353,13.244870796203614,13.092847221692676,13.306906410479183,15.066041131513373,0.022372741787646255
2013-06-26,12.194938659667969,12.400806737582844,12.121107461629158,12.373541230279669,367724000,13.206452465057373,13.229328212738038,13.007332120547465,13.263299832016,15.602307776736694,-1.1325899636510872
2013-06-27,12.063518524169922,12.296652218833216,12.056166732115734,12.231093899569538,337246000,13.117917108535767,13.225424518585205,12.917445111368652,13.216249584649487,9.740455274420725,-1.0776613082334685
2013-06-28,12.147760391235352,12.262335240657386,11.91309460124646,11.989376669044711,578516400,13.036427307128907,13.22974895477295,12.84414180468929,13.174348047652854,14.391419693609748,0.6983192084187184
2013-07-01,12.53652286529541,12.629961036346865,12.291441645731426,12.336475963015932,391053600,12.972859430313111,13.242773723602294,12.814844762842254,13.149335295403542,29.980293459246695,3.200281052139875
2013-07-02,12.82050609588623,12.916701053682312,12.544178019809502,12.559189181170137,469865200,12.925650453567505,13.256523590087891,12.81538393741787,13.136440032677374,40.83478730258953,2.265247179319285
2013-07-03,12.891276359558104,12.958061725566488,12.7886490775001,12.893114511412843,240928800,12.888413524627685,13.267148170471192,12.822611787145512,13.126825770986423,39.656057920111294,0.5520083461805214
2013-07-05,12.787732124328612,12.967561001841942,12.724317917902852,12.87871943208162,274024800,12.85618543624878,13.27610969543457,12.819289914496283,13.113527980921411,41.07427129230932,-0.8032116629996922
2013-07-08,12.71512508392334,12.897404813072608,12.58033054004636,12.87014011825737,298138400,12.815195655822754,13.28184175491333,12.809369454441716,13.097904337901879,38.09183050390777,-0.5677866857027536
2013-07-09,12.938760757446287,12.973990772127037,12.572058074102587,12.670703096865152,352584400,12.789860200881957,13.286677989959717,12.821692435680246,13.09166341317813,43.979999379307515,1.758816150426279
2013-07-10,12.889130592346191,13.013816506507832,12.813156108155018,12.854513295095993,281405600,12.764019203186034,13.282657585144044,12.82811511726748,13.083720949616094,48.403382319454906,-0.3835774231433553
2013-07-11,13.090102195739746,13.119512633451098,12.902615563613873,12.957145780775672,326292400,12.756513643264771,13.2749507522583,12.853066267598171,13.08397119456212,57.30879331711732,1.5592332000491593
2013-07-12,13.066205024719238,13.16668821731226,12.97123628834946,13.101129096085902,279563200,12.742038440704345,13.268890285491944,12.873365196847796,13.083274482019261,59.43704093098209,-0.18255908672955012
2013-07-15,13.094693183898926,13.217846900206997,13.01381695893913,13.0202508992548,241917200,12.738040542602539,13.25960750579834,12.894444052757427,13.083722274249837,71.13743041325796,0.21802932929486651
2013-07-16,13.179250717163086,13.194873784366598,12.994520095483855,13.066512347512608,216538000,12.735283422470093,13.24930124282837,12.921568496986538,13.087468487697416,72.38910222541315,0.6457389423077942
2013-07-17,13.1826171875,13.241131282347618,13.118590272884484,13.16393053637103,198990400,12.733046960830688,13.232531185150146,12.94643027703544,13.091199809258303,78.22138583600665,0.025543715717701865
2013-07-18,13.227035522460938,13.32231017875529,13.191805512432497,13.27666397688892,218878800,12.746465015411378,13.217897300720216,12.973154586123583,13.096526699972133,84.9851174260891,0.3369462552781588
2013-07-19,13.018413543701172,13.295048452782297,13.000032024599394,13.268089709480154,268721600,12.7588876247406,13.195938034057617,12.977464963035734,13.0934634389419,74.35728189738718,-1.5772391206291259
2013-07-22,13.060077667236328,13.165462597210508,13.034344356604093,13.156578604666208,207796400,12.778509330749511,13.177275142669679,12.985332839626267,13.092154192992663,68.17701721659249,0.32003994492335597
2013-07-23,12.835826873779297,13.079988564734588,12.827248832202594,13.050578954518674,369395600,12.803706645965576,13.1564554977417,12.97109417621227,13.082102141258805,50.55493033059547,-1.7170709024158959
2013-07-24,13.495098114013672,13.620089189879312,13.33426347971481,13.446694258059368,591936800,12.86172957420349,13.147736759185792,13.020999313145737,13.098298061758996,65.33379638442355,5.136180525939604
2013-07-25,13.433517456054688,13.522359816815904,13.351109035123743,13.500915532173725,229493600,12.923658514022828,13.144452571868896,13.06028675532754,13.111443920358827,66.75657551229492,-0.45631871245928046
2013-07-26,13.509804725646973,13.511336110262448,13.306080670901258,13.335490290725474,200152400,12.995972824096679,13.151890907287598,13.103097990596059,13.127065912723069,70.58071826850505,0.5678875234416125
2013-07-29,13.718119621276855,13.785516885008796,13.48559873418282,13.503979434270128,248057600,13.074490785598755,13.159984703063964,13.161671479232325,13.1502444895291,70.34539143649125,1.5419534172423477
2013-07-30,13.887532234191896,14.004864728186815,13.762233597642954,13.784597368965782,309422400,13.14204125404358,13.172275524139405,13.230801074942761,13.179157734417839,74.5295132054959,1.2349550637558382
2013-07-31,13.863329887390137,14.010684713748269,13.768361162016417,13.938693295667877,322957600,13.194182443618775,13.178157405853272,13.291041914223463,13.205988014926557,70.80432966369767,-0.17427391989897068
2013-08-01,13.99046230316162,13.994138605949802,13.885690127839222,13.961973001670492,206250800,13.249141740798951,13.188585510253906,13.35765337983662,13.236751712504404,73.55913448402262,0.9170409764765131
2013-08-02,14.169987678527832,14.179485205330169,13.989853707651498,14.031210896714278,274783600,13.318254518508912,13.201568660736084,13.435018551140544,13.273349201368069,75.44947969238376,1.2831983066466934
2013-08-05,14.381677627563477,14.4190525649912,14.158041538347126,14.235854181669776,318855600,13.401582145690918,13.218301601409912,13.525176558418918,13.31681306121887,76.84302050298564,1.493931779181601
2013-08-06,14.253009796142578,14.456427025703578,14.15865297070691,14.337869094673438,334857600,13.467294597625733,13.230616912841796,13.594494009630695,13.353526658666858,72.62948380676178,-0.8946649671405349
2013-08-07,14.244738578796388,14.306622210099343,14.146399494006424,14.208589074945952,298858000,13.535074996948243,13.245039958953857,13.656422063836953,13.388476145730762,71.84950497968693,-0.05803137347473175
2013-08-08,14.216371536254885,14.311659366865705,14.122007615026748,14.304258210420464,255777200,13.591388463973999,13.256745071411133,13.709750585019613,13.420942631633668,77.87715101131377,-0.19914049236205988
2013-08-09,14.01407527923584,14.199408849509496,13.989406406892757,14.143284241686544,266865200,13.638781976699828,13.260342063903808,13.738733889230682,13.444202735461205,70.65582740884057,-1.42298093787957
2013-08-12,14.412188529968262,14.451967685192905,14.081302176902142,14.088395363188162,364434000,13.704656744003296,13.273034706115723,13.802872426443784,13.482162962696776,81.74139405696312,2.8408099913826756
2013-08-13,15.097087860107422,15.254050331620272,14.433464074633072,14.522585912736044,881941200,13.800548601150513,13.298818855285644,13.926131039173654,13.545493350830528,81.92791373612208,4.752222944593054
2013-08-14,15.372462272644045,15.549777061309518,15.215191864682296,15.353343447930415,756372400,13.910040855407715,13.33097438812256,14.06387687093274,13.617139190901646,85.60892950656871,1.8240233817826024
2013-08-15,15.354270935058594,15.49273216716715,15.081976251870396,15.308324151099264,490294000,14.016402626037598,13.36533950805664,14.18677154370663,13.685262004397998,84.61240558404822,-0.11833717502642838
2013-08-16,15.49056911468506,15.509379969263138,15.383563645821791,15.423342789708936,362306000,14.140010404586793,13.406505012512207,14.310942740942671,13.756058361664158,84.184945989732,0.8876890358581191
2013-08-19,15.657402992248535,15.842426938692798,15.542070789613025,15.552554936435495,510518400,14.269876670837402,13.4489546585083,14.43917705059085,13.830620896196878,84.16919888587255,1.0770028933624998
2013-08-20,15.45172119140625,15.744677909942324,15.444012064112805,15.718157919169762,358688400,14.40067138671875,13.489079685211182,14.535609825906603,13.894193456793325,78.65743645049848,-1.3136393113475586
2013-08-21,15.49149227142334,15.639202417265835,15.455720032847749,15.529421944395784,335879600,14.500491094589233,13.530790519714355,14.626646249289148,13.956832625994503,77.96275385007876,0.25738931944494503
2013-08-22,15.509997367858888,15.591100452406785,15.363211094401764,15.572289596058935,244207600,14.604315090179444,13.576186199188232,14.710774927248172,14.017741047244087,76.55629374382916,0.11945328514080256
2013-08-23,15.450177192687988,15.52202802607374,15.398678715563838,15.519560973987652,222731600,14.701333713531493,13.618075561523437,14.781194190623394,14.073915013732083,72.53181373375119,-0.38568784863152183
2013-08-26,15.510311126708984,15.733266441156298,15.43414212492002,15.44185125134973,330965600,14.790943288803101,13.664788761138915,14.850633898822021,14.13024427306451,77.3022847027384,0.3892119376433856
2013-08-27,15.066864967346191,15.49612374369562,14.996247668581628,15.357044934409751,424188800,14.849909925460816,13.7014381980896,14.871227333919562,14.166974496369676,65.01473497937792,-2.85904103238247
2013-08-28,15.138100624084473,15.289205083357968,14.986997811708113,14.986997811708113,307608000,14.913648462295532,13.739653282165527,14.896643837744792,14.20505787392712,66.5742808430717,0.47279680871015195
2013-08-29,15.16277027130127,15.310790083724427,15.145192939162232,15.161228775669102,239657600,14.972263860702515,13.78373519897461,14.921989212369219,14.242615222843753,72.06504981285367,0.1629639532026106
2013-08-30,15.024627685546877,15.2013250222533,15.002424206285092,15.172030000067526,272297200,15.014995861053468,13.828828525543212,14.931764305052805,14.273282378243875,63.06953265139407,-0.9110642928875423
2013-09-03,15.06655979156494,15.437225333275524,15.028630098487987,15.205944949550604,331928800,15.04923996925354,13.876806850433349,14.944601970434913,14.304391296413328,49.10213467054331,0.279089152128531
2013-09-04,15.378323554992676,15.48779774790059,15.304005675114192,15.405153156133936,345032800,15.105505657196044,13.937735710144043,14.985908788011843,14.346506286945852,50.16877437836871,2.0692431964613345
2013-09-05,15.272855758666992,15.439688043324422,15.222590823868428,15.426427230933015,236367600,15.156911516189576,13.996500034332275,15.01323707093138,14.382833717209426,47.76785947738052,-0.6858211556580396
2013-09-06,15.363831520080566,15.399602127275644,15.1088061947872,15.370616736546667,359525600,15.214284515380859,14.059877891540527,15.046627018469398,14.421304219282804,46.43671109404607,0.595669617071759
2013-09-09,15.60898494720459,15.66295046191283,15.52603240172304,15.572904731865597,340687200,15.294029998779298,14.13078722000122,15.100184916444178,14.467879934103268,48.6961256157256,1.5956529255323204
2013-09-10,15.253430366516112,15.648458343924396,15.094926424008824,15.609911075748451,743195600,15.336092090606689,14.192900619506837,15.114779721212933,14.498685833413576,45.05896504966862,-2.2778840641534126
2013-09-11,14.42297649383545,14.607382794137669,14.333546717471616,14.401388973880804,898696400,15.30238652229309,14.230629692077637,15.048893699557935,14.495716839704631,30.900633929442023,-5.4443744962684
2013-09-12,14.57655143737793,14.660119938361316,14.370555897667964,14.44734247627684,404051200,15.262590980529785,14.26575059890747,15.003908722207457,14.498886823927114,34.08351532556142,1.0647936894864873
2013-09-13,14.336325645446776,14.550028646689713,14.330159663089573,14.473243721096116,298835600,15.211693716049194,14.294651584625244,14.940329381563583,14.492511875751415,32.10812473536532,-1.6480289797156988
2013-09-16,13.880547523498535,14.234869151781414,13.791119376261143,14.216059942566146,543706800,15.131192636489867,14.316507892608643,14.839397776033579,14.468513273702282,26.773235924678616,-3.179183657096929
2013-09-17,14.040901184082031,14.176277740702169,13.799752686136015,13.81393740751616,399380800,15.050367546081542,14.343023414611816,14.763350481562002,14.451744172148548,34.09497411702644,1.1552401683869506
2013-09-18,14.32954216003418,14.381040629433471,14.205575281649372,14.283285763807193,456862000,14.994258594512939,14.370839042663574,14.722035403321257,14.446951936379357,38.256869475464676,2.055715457063223
2013-09-19,14.564519882202148,14.673376456710852,14.470465614747882,14.515180505584002,404541200,14.94790997505188,14.404346828460694,14.707033925119438,14.451562444058682,41.81150848609416,1.639813188332928
2013-09-20,14.413726806640623,14.75725466597281,14.370245436197566,14.74029492228587,699302800,14.893096446990967,14.430819320678712,14.679099913835742,14.4500786935717,41.66721301409988,-1.0353453239869248
2013-09-23,15.130084037780762,15.323434708932549,14.882150252960807,15.298456219206058,762106800,14.877091789245606,14.472096900939942,14.722050782782887,14.476745569815192,50.73183422861532,4.9699653722457215
2013-09-24,15.082592964172363,15.279026611942168,15.043121782146802,15.260833340033445,364344400,14.855705881118775,14.51185489654541,14.756388133391408,14.500504291162532,46.37211426688855,-0.31388506164149454
2013-09-25,14.84915542602539,15.099246658940023,14.846072434322618,15.085679519171094,316957200,14.844820404052735,14.545252990722656,14.765223113642262,14.514176884686567,44.96046933168784,-1.5477281572305657
2013-09-26,14.993780136108398,15.065938928201858,14.922237283493269,14.986996567361782,237221600,14.83760437965393,14.581476249694823,14.786990449115228,14.532984855330561,45.65403849492354,0.9739591642332179
2013-09-27,14.886773109436035,14.945980697385984,14.824172914015447,14.918535161707258,228040400,14.82380452156067,14.614671001434326,14.796493559621972,14.546858904511168,41.233740676876806,-0.7136761090331456
2013-09-30,14.70175075531006,14.85316152531534,14.629590316112006,14.717169005076633,260156400,14.807660675048828,14.648337745666504,14.78747043540179,14.552933094738576,43.01448212702079,-1.2428640697741078
2013-10-01,15.047439575195312,15.08382776899509,14.752015860319023,14.75417494255806,353883600,14.806704664230347,14.688084983825684,14.812229401096412,14.57232550573688,59.01368274499558,2.351344582279724
2013-10-02,15.096779823303224,15.16585563678808,14.917615512853228,14.97558959163381,289184000,14.792627477645874,14.733304042816162,14.839329441306583,14.592892341719873,57.74209673111189,0.32789796470920063
2013-10-03,14.907124519348145,15.182811737559843,14.824789564406773,15.126069557747266,322753200,14.774340915679932,14.761544570922851,14.84578611540578,14.6052151722151,58.62450769673256,-1.2562632970398724
2013-10-04,14.89540958404541,14.94382341600154,14.758799475505048,14.921004010770254,258868400,14.750919818878174,14.790782413482667,14.850512160038125,14.616595345228054,67.71073268803173,-0.07858615045127637
2013-10-07,15.040961265563965,15.192064057129356,14.966951365289772,15.004265108597645,312292400,14.722518634796142,14.821405544281006,14.868650170088205,14.633237146025541,67.54305047680323,0.9771579673408581
2013-10-08,14.830962181091309,15.130084840331088,14.818626920461307,15.108497310779944,290917200,14.701395225524902,14.843662395477295,14.865060837802787,14.640991068969297,59.04547952256771,-1.3961812730243883
2013-10-09,15.005192756652832,15.042196892561904,14.74893388658352,14.945059594765436,301725200,14.730506038665771,14.866015605926513,14.878406734836124,14.655273488094142,58.12775562082445,1.1747759412646719
2013-10-10,15.0992431640625,15.183737209308214,15.019065635581022,15.15105124661468,278602800,14.756640625,14.890733871459961,14.899438775714827,14.672684063622313,62.91394488160687,0.626785733012114
2013-10-11,15.19700050354004,15.228762562259096,14.961094012972056,15.017526591218829,267738800,14.799674367904663,14.914864635467529,14.927777987888657,14.693245492638695,51.64367792935987,0.6474320495096775
2013-10-14,15.29659938812256,15.344089297826285,15.090297594570876,15.105099901007868,261898000,14.870476961135864,14.937396869659423,14.962903835529982,14.716906429716495,55.125463091969756,0.655385150242771
2013-10-15,15.37801456451416,15.480395564688571,15.28056931471009,15.341934344589747,320073600,14.93733263015747,14.957323608398438,15.002438190671333,14.742832238924247,63.660975630184616,0.5322436335412961
2013-10-16,15.452948570251465,15.49673791100395,15.39497450679782,15.443080364234357,251101200,14.993502950668335,14.981322383880615,15.045343941107536,14.770679938191982,62.303773828878256,0.48728010643337427
2013-10-17,15.557488441467283,15.566123122534696,15.408852691763707,15.418103312315996,253593200,15.043151378631592,15.007577381134034,15.094119607808464,14.801535173614543,67.99613105290629,0.6765043625206246
2013-10-18,15.69287109375,15.70428080070701,15.594808219753425,15.603442904160987,290542000,15.10710859298706,15.037107372283936,15.151143558850515,14.836489523423777,77.32076600617563,0.8702089208812325
2013-10-21,16.077409744262695,16.168071429945144,15.773968952491748,15.78167807784469,398106800,15.154474878311158,15.078374061584473,15.239359386032628,14.885153061495892,77.79633150873056,2.4504034234108074
2013-10-22,16.03145408630371,16.29603951535047,15.666338809445328,16.233131368063216,534063600,15.201917934417725,15.11075937271118,15.314796976534636,14.930106042860904,75.2706975247491,-0.28583993746494896
2013-10-23,16.18842315673828,16.21031865291295,16.004631093737384,16.004631093737384,313723200,15.26888132095337,15.132586078643799,15.397999469887363,14.979451812032567,85.26565673587302,0.9791318341402011
2013-10-24,16.40274429321289,16.420013656168006,16.111022822900928,16.189657218573046,384764800,15.339329528808594,15.153191719055176,15.493689453061222,15.035267203451403,87.32423036360399,1.3239160750835754
2013-10-25,16.219263076782227,16.443450254937602,16.193051060594982,16.384550622685744,337792000,15.405954027175904,15.170491561889648,15.562791702939412,15.081698414170258,78.63885034696999,-1.118600724066554
2013-10-28,16.34014129638672,16.37468001639691,16.134455412435134,16.314237256379077,550440800,15.487873554229736,15.187483005523681,15.636824997553441,15.13104911543365,88.34193539320806,0.7452756579152453
2013-10-29,15.933087348937988,16.629089056591567,15.867096188149,16.537193853675046,635807200,15.53215594291687,15.19299669265747,15.665040459590065,15.162501595178918,71.08011748056362,-2.491128687722799
2013-10-30,16.186574935913086,16.26736841721629,15.943575258668032,16.02344483065958,354163600,15.586645698547363,15.207693767547607,15.714710409716067,15.202661334031239,73.03363114189759,1.590950839744143
2013-10-31,16.118730545043945,16.26644239477007,16.074633227718163,16.18965746337639,275696400,15.647225999832154,15.22023853302002,15.753188517842531,15.238585616816051,69.77621560303189,-0.41913988065884755
2013-11-01,16.03639793395996,16.183492218945783,15.90718895434995,16.159439282940838,274890000,15.704275417327882,15.23076654434204,15.780160843187048,15.269872374351106,65.99125869873265,-0.5107884324631273
2013-11-04,16.243621826171875,16.245780908143722,15.998772707941054,16.069390004562628,244627600,15.764408445358276,15.246635437011719,15.824299984423698,15.308058627363685,67.7455416930442,1.2922097160801949
2013-11-05,16.203529357910156,16.309610910376993,16.127977975123823,16.176701411848263,265213200,15.833036804199219,15.260499801635742,15.860417067612884,15.343175126600803,65.61042301447549,-0.24681975910767484
2013-11-06,16.157630920410156,16.279840140454894,16.073263075122476,16.257816804900916,223375600,15.890658712387085,15.282315120697021,15.888723148831671,15.375114569495288,62.7937056013415,-0.28326197636439066
2013-11-07,15.896157264709473,16.228044650485998,15.89274650406544,16.116072641873377,262620400,15.930504417419433,15.297476253509522,15.889431159867652,15.395547616366434,54.112522375095935,-1.6182672879994642
2013-11-08,16.14646339416504,16.164143352508827,15.899253745197097,15.960978715477818,279316800,15.977977561950684,15.317150115966797,15.913910420276927,15.424995293927164,51.47719817076156,1.574632946109955
2013-11-11,16.09963035583496,16.180895564180865,15.955709204717737,16.12878663884887,227452400,16.018129110336304,15.338650169372558,15.931598033187216,15.451451570864725,51.45788195985277,-0.29005137030194694
2013-11-12,16.129404067993164,16.250682316403218,16.036041367944826,16.05682231704272,204276800,16.055698585510253,15.359907054901123,15.950436703168734,15.478037943301135,48.66533068898319,0.18493413513318568
2013-11-13,16.148632049560547,16.198880691525144,16.03479652916076,16.0670554483148,197220800,16.09048275947571,15.37531322479248,15.969312450444145,15.50433575138974,43.697323155293326,0.1192107376461582
2013-11-14,16.382186889648438,16.41692559327891,16.187086272787543,16.216242532508108,282419200,16.131717681884766,15.39749984741211,16.00863382560646,15.538761286223416,53.94301350943389,1.446282504741614
2013-11-15,16.283870697021484,16.41104116152824,16.268362427010906,16.333188387125627,317920400,16.16126766204834,15.415900630950928,16.034846860979318,15.567981263117458,48.62312617843075,-0.6001408315581935
2013-11-18,16.086597442626953,16.35210822159513,16.073260861196154,16.28386984928606,244944000,16.161727046966554,15.425452880859375,16.039775487802903,15.588319152509987,54.18594285458693,-1.2114641418186634
2013-11-19,16.11513328552246,16.233930066556702,16.066125368533015,16.09900382506188,208938800,16.16591100692749,15.442686939239502,16.04695242091905,15.608978530275182,47.779503565860225,0.17738892887251279
2013-11-20,15.974003791809082,16.142119918215766,15.953222844251028,16.10520785329459,193916800,16.15519003868103,15.473707485198975,16.04000493243239,15.623293246413768,45.6977050760486,-0.8757575330771039
2013-11-21,16.164447784423828,16.166619471647426,15.932748138856446,16.054645886928732,262026800,16.143275213241576,15.505465412139893,16.051856632622048,15.644514993002398,53.57664575783761,1.1922120158278648
2013-11-22,16.12289047241211,16.196091765696245,16.08349860198222,16.114205376673507,223725600,16.13845658302307,15.5411967086792,16.0586217602211,15.663274815724348,46.28385439293992,-0.2570908240476011
2013-11-25,16.24510383605957,16.311170546283762,16.160116433706385,16.16073596958944,229311600,16.133704710006715,15.58848783493042,16.076381957920002,15.68609164005122,51.21809466009922,0.7580114983512409
2013-11-26,16.54472541809082,16.62971444180468,16.253162675645957,16.256883202431545,401382800,16.164286613464355,15.638564319610596,16.12098609698389,15.719763552915518,59.87354790749809,1.8443808365581127
2013-11-27,16.934303283691406,16.935544011283724,16.544723102264626,16.63498479222157,363448400,16.20167303085327,15.69065954208374,16.198444876670322,15.767392561965554,74.85547826317273,2.354695262422446
2013-11-29,17.247894287109375,17.31799292478545,16.991689787826108,17.043488932381035,318127600,16.258131217956542,15.744327030181886,16.29839243956928,15.825451453147664,75.59503547608156,1.8518093018918158
2013-12-02,17.09777069091797,17.504098315727855,17.085053643918016,17.30775850685506,472544800,16.311199855804443,15.798007907867431,16.374523701602488,15.87534632521709,72.1323033094859,-0.8703879655825864
2013-12-03,17.565818786621094,17.567680706272746,17.29782825170629,17.31705870120453,450968000,16.377309703826903,15.846722602844238,16.487980376366163,15.941639362919208,76.66729224798516,2.7374802491165973
2013-12-04,17.524883270263672,17.654846637867603,17.395229670551828,17.54039154302175,377809600,16.44337739944458,15.895568408966064,16.58673303292783,16.00372735928566,75.34605497677745,-0.23304075292294169
2013-12-05,17.614826202392578,17.8393929215986,17.56861117134402,17.762159701497236,447580000,16.5162371635437,15.950881824493408,16.68464666811495,16.066907706074165,73.96909147419308,0.5132298500471144
2013-12-06,17.370410919189453,17.57915964134039,17.356454802283626,17.549382174574912,344352400,16.5899498462677,15.99841444015503,16.749957549169665,16.11802547913751,69.99220891342418,-1.3875543272174107
2013-12-09,17.569232940673828,17.666937349716424,17.397706060555592,17.397706060555592,320493600,16.66108832359314,16.052063636779785,16.827983776931966,16.174935575668346,77.26477481503201,1.144601716155913
2013-12-10,17.54193687438965,17.614208849710977,17.40701063418536,17.48083310502345,278269600,16.733203649520874,16.108867359161376,16.895979310023172,16.22854346973585,76.25002895007043,-0.15536287996380516
2013-12-11,17.411972045898438,17.710051470306833,17.360174567117113,17.586911325749377,359718800,16.797332048416138,16.15615800857544,16.945121475344624,16.274952433506932,76.56456404396434,-0.7408807215636082
2013-12-12,17.38654136657715,17.535425395824955,17.37072332884503,17.436170480668075,262290000,16.85922751426697,16.20195323944092,16.987161464985817,16.318544156372432,74.04238202054935,-0.1460528379798265
2013-12-13,17.197032928466797,17.459131428354752,17.17346074456556,17.458200467894283,332822000,16.899969816207886,16.24775140762329,17.007149223412576,16.352994696454566,69.96924970994306,-1.089972031324482
2013-12-16,17.292251586914062,17.451682666940762,17.215019987931417,17.215329755835878,282592800,16.950388860702514,16.295688247680665,17.034301829460336,16.389828300001998,69.66477185215432,0.5536923656734194
2013-12-17,17.214387893676758,17.35241508365099,17.16444903217043,17.23982197599235,229902400,17.006778383255003,16.33915678024292,17.051452883195232,16.422163970342186,63.71843863556441,-0.45028082575566675
2013-12-18,17.08350372314453,17.104596100453602,16.712224542793148,17.05031548946926,565863200,17.055196905136107,16.384207611083983,17.054505344142783,16.448098862608944,53.41882134927711,-0.7603184692980158
2013-12-19,16.88777732849121,17.05961396384712,16.86513446338739,17.044105696738917,320308800,17.100885581970214,16.42185930252075,17.0386264855093,16.465341155388643,41.27699877567049,-1.1457040536020258
2013-12-20,17.029220581054688,17.10955646971555,16.89894746535771,16.91786815159159,436413600,17.144124221801757,16.460458850860597,17.03773068508505,16.487454074042212,48.332519852942546,0.8375480669374324
2013-12-23,17.682758331298828,17.702298551926855,17.455400343725316,17.61793071733835,501306400,17.222117614746093,16.51017400741577,17.099161889486364,16.534328750797375,52.609104929340106,3.837743172880237
2013-12-24,17.607694625854492,17.738277484734486,17.556824791865584,17.67655252611992,167554800,17.29024715423584,16.55639591217041,17.14759357866428,16.57642153021138,51.8199354972305,-0.424502241324376
2013-12-26,17.490758895874023,17.66445746276453,17.474629435596192,17.621031992785753,204008000,17.337548828125,16.598650798797607,17.180275989827113,16.61227789749227,47.305357469827314,-0.6641172082162528
2013-12-27,17.372589111328125,17.506584448916577,17.354289612078038,17.48828494966649,225884400,17.359463119506835,16.63704360961914,17.198591525208162,16.642094023525047,50.050053472185695,-0.6756126778110993
2013-12-30,17.19982147216797,17.372589153751004,17.131583074960677,17.29101417024678,253629600,17.357059478759766,16.669890270233154,17.198708663013857,16.66396568817771,41.40827950883667,-0.9944841154822415
2013-12-31,17.401426315307617,17.409490216336934,17.183682765882704,17.188957100491855,223084400,17.37224225997925,16.704061374664306,17.218015106089453,16.69288571277104,46.97712284203304,1.172133347231985
2014-01-02,17.156702041625977,17.2776705233424,17.12227308585688,17.235797200404985,234684800,17.351786422729493,16.725647220611574,17.212175766616742,16.711074588412412,44.76665298062447,-1.4063460617958823
2014-01-03,16.779834747314453,17.17437613339979,16.762774330919463,17.148322513722114,392467600,17.314533996582032,16.74061483383179,17.171000431445094,16.713771065232102,39.1283514100821,-2.196618519090443
2014-01-06,16.871335983276367,16.960355280594396,16.55092515345558,16.67034310212706,412610800,17.27735948562622,16.75427309036255,17.14246096019093,16.719950081625996,43.95134409459139,0.5453047502542274
2014-01-07,16.750680923461914,16.93430364146784,16.684924016191996,16.88343546562028,317209200,17.246372985839844,16.76123182296753,17.10514857574055,16.721155212678386,40.036396021843224,-0.7151482249778685
2014-01-08,16.856760025024414,16.92189573781373,16.70880698915324,16.712527515358698,258529600,17.210749340057372,16.773981761932372,17.081492523291395,16.72647304845666,43.488109113590994,0.6332823247437114
2014-01-09,16.641498565673828,16.96221920106993,16.60520769692469,16.960357281384244,279148800,17.165727424621583,16.780008907318116,17.039588336851626,16.72314071579851,42.191652874294434,-1.2770037600999484
2014-01-10,16.53045654296875,16.774253731516367,16.473694494640075,16.74416649974745,304976000,17.121651649475098,16.79195629119873,16.991099594577065,16.715584473726757,43.49297297071996,-0.6672597558859406
2014-01-13,16.61699676513672,16.826984547888287,16.435544063406557,16.436475023323776,378492800,17.083174419403075,16.800564727783204,16.955470753677986,16.711718289076167,42.33998332775702,0.5235198552624221
2014-01-14,16.947641372680664,16.95818672886797,16.676857961666794,16.694228147808815,332561600,17.070704841613768,16.817142944335938,16.95472509834491,16.720970174707716,34.477167222876034,1.9897976283997032
2014-01-15,17.28790855407715,17.375998588156065,17.11110895015743,17.168801975598413,391638800,17.070487689971923,16.84217315673828,16.986456856033694,16.74320305233005,43.9274832993114,2.0077553797249292
2014-01-16,17.191444396972656,17.272090060716135,17.111728036847616,17.211605812908527,229278000,17.06934051513672,16.861129608154297,17.00597947898026,16.76078114427682,44.27168773256999,-0.5579862757993492
2014-01-17,16.770221710205078,17.123820810925455,16.746338116865875,17.105521320315233,426739600,17.053676414489747,16.872463455200194,16.98352635814453,16.761151362548517,39.67007188107567,-2.4501878785807785
2014-01-21,17.030778884887695,17.061795436893227,16.76247676486889,16.780156729596246,328526800,17.06082649230957,16.889926414489747,16.988026598786735,16.771724990875544,47.185842304035845,1.5536895050353605
2014-01-22,17.106454849243164,17.285734225336647,16.99169000816716,17.087843931538615,379985200,17.064688205718994,16.91413236618042,16.999305479782585,16.784851651988,44.87452274896596,0.4443482289739453
2014-01-23,17.251306533813477,17.261232357316413,16.898638314165996,17.05775794504406,403239200,17.043115615844727,16.93622922897339,17.02330558016648,16.803144000294882,51.70297154801487,0.8467662402693588
2014-01-24,16.937725067138672,17.23394107521195,16.896781033945626,17.183692408186104,429354800,17.009617137908936,16.952991123199464,17.01515505511621,16.808421689190716,52.90844341008138,-1.8177258983843814
2014-01-27,17.075122833251953,17.208498573321208,16.92779097750279,17.061786253152377,554878800,16.988835334777832,16.97190549850464,17.02086627208152,16.818880557585274,53.69146902106953,0.8111937439570838
2014-01-28,15.710362434387209,15.974009726555211,15.572953026549534,15.780461093974996,1065523200,16.905724000930785,16.963140106201173,16.8960563827773,16.77540925863633,37.01013203342527,-7.992682759546666
2014-01-29,15.532002449035645,15.737338719507289,15.465935776921762,15.63125899759999,502810000,16.82233304977417,16.946136417388917,16.766146484325713,16.726648207279442,33.75179225073941,-1.13530153168947
2014-01-30,15.501914024353027,15.71035292591604,15.40638132235795,15.587522563117842,678501600,16.72735743522644,16.930497283935548,16.645743392899742,16.67861941579213,35.357855745089125,-0.19371890251334012
2014-01-31,15.527352333068848,15.5561988404138,15.30867944105136,15.359237856732726,464797200,16.645889949798583,16.919312381744383,16.539229958630134,16.633471687057884,36.821548376071206,0.16409785705080449
2014-02-03,15.556196212768556,15.748505677080512,15.487028548203543,15.589695857852933,401464000,16.58470802307129,16.908133640289307,16.445607697119506,16.59122559002693,35.84902539906125,0.18576173890432202
2014-02-04,15.78138542175293,15.802168026991678,15.594350257166443,15.690194411200308,376681200,16.530210494995117,16.904281272888184,16.382348432798878,16.5594671520554,33.99186730916949,1.4475852959448865
2014-02-05,15.899250984191896,15.98268784985042,15.702599788619496,15.712215842246682,328344800,16.487638998031617,16.898977336883544,16.336339151979164,16.53357632194311,29.69974969614728,0.7468644817235193
2014-02-06,15.99193000793457,16.022822257371303,15.845274311315242,15.915482605684591,257765200,16.444397497177125,16.896358127593995,16.303538281117774,16.512335290021205,32.44533383652404,0.5829144016584298
2014-02-07,16.21565055847168,16.31706102173192,16.14388417919692,16.268696287935157,370280400,16.423105096817018,16.895769062042238,16.295168021818146,16.500700594666323,41.385996700812,1.398959040129033
2014-02-10,16.506155014038086,16.599764944482942,16.16323244636027,16.183826164458274,345559200,16.421890020370483,16.89499765396118,16.31526202107719,16.500914493465217,41.9262716854459,1.7915066344016406
2014-02-11,16.723636627197266,16.77948861177751,16.52206222217294,16.556698918064466,282256800,16.42722201347351,16.890784320831298,16.354154840707672,16.509648694788044,44.35498296709973,1.3175788848112546
2014-02-12,16.72239112854004,16.83597152443737,16.638768107815782,16.754531524321486,308100800,16.415959501266478,16.880274257659913,16.389224963358373,16.51799153532734,41.855713400432904,-0.007447534797555555
2014-02-13,16.987924575805664,17.001029359886147,16.668715432244074,16.683068370352565,307398000,16.400960302352907,16.878077335357666,16.446243974067638,16.536420282012767,50.78458599591953,1.5878916192340498
2014-02-14,16.97420310974121,17.036299225438906,16.887460520298276,16.92677489545701,272924400,16.39009823799133,16.866245021820067,16.49652579651274,16.553588236041332,48.35925929601119,-0.08077188006824221
2014-02-18,17.036605834960938,17.198860906163823,17.02474753505769,17.036917456951088,260251600,16.403417444229127,16.856479473114014,16.547961990650663,16.57253010266563,87.3995470101973,0.36763272370596844
2014-02-19,16.767635345458984,17.064689440983397,16.67340218344822,16.997914010642212,313768000,16.39026026725769,16.839535655975343,16.56888326253717,16.580181288657528,83.15026749871431,-1.5787797881077759
2014-02-20,16.57355308532715,16.756091943025368,16.506466026533342,16.630966529527633,305858000,16.36361517906189,16.823598499298097,16.56932800756479,16.57992135911516,76.4252707326537,-1.157481398737581
2014-02-21,16.38945770263672,16.68027111150038,16.369175603313003,16.62472905493482,278784800,16.32052273750305,16.800002994537355,16.552197502333545,16.572452196116007,69.71576056067094,-1.1107780072422302
2014-02-24,16.46121597290039,16.535168693227934,16.3011456113748,16.323924009097933,288909600,16.296697282791136,16.778388576507567,16.543532594768482,16.568089991284022,70.29875022352576,0.43783187684194314
2014-02-25,16.2899169921875,16.524251764585255,16.256841729157436,16.518324280173832,231952000,16.257436990737915,16.75594747543335,16.519378727856008,16.557181246221415,61.68844776263355,-1.0406216709318183
2014-02-26,16.14295768737793,16.381661952005114,16.08835214753791,16.33828980889549,276217200,16.27906675338745,16.731075801849364,16.483529104953334,16.540937185090296,55.52759916886467,-0.9021488868239835
2014-02-27,16.46497344970703,16.49960850308078,16.102391900772272,16.136403709825302,301882000,16.32571530342102,16.71643461227417,16.481761899691783,16.537958215075268,59.718246059778664,1.9947754839305887
2014-02-28,16.420345306396484,16.623477864273323,16.291787062059324,16.508960941155475,371968800,16.371636867523193,16.69899648666382,16.475912700330326,16.53334594414669,54.539294533254484,-0.27104898435983404
2014-03-03,16.467775344848633,16.557952432568133,16.313319127798376,16.332353069032294,238781200,16.418658018112183,16.684064235687256,16.475137714093975,16.530774548095785,49.04605231968293,0.2888492146000843
2014-03-04,16.576358795166016,16.620044199572654,16.468084316206763,16.568871535124092,259140000,16.469666147232054,16.673921337127684,16.484777817053217,16.53256216562795,46.129818680481485,0.6593692714623289
2014-03-05,16.611309051513672,16.68588337003639,16.51052182086916,16.566377153895115,200062800,16.511162328720093,16.668391971588136,16.496828410811357,16.53565027879994,47.131781724053354,0.21084399040547375
2014-03-06,16.56106948852539,16.6762096511325,16.478381340950136,16.62472369773699,185488800,16.544253253936766,16.65902894973755,16.502946608688884,16.536647110553883,37.599612576202034,-0.30244192575360485
2014-03-07,16.551393508911133,16.59944660932501,16.414411510467474,16.57167559675748,220729600,16.572226428985594,16.636401653289795,16.50756059918624,16.53722540068554,37.68819772285477,-0.058426055279592326
2014-03-10,16.566373825073242,16.64157303897796,16.485868705547098,16.486493615913943,178584000,16.589762592315672,16.61557523727417,16.51316185879453,16.538368476151724,35.91839951929833,0.09050788475328808
2014-03-11,16.727699279785156,16.81038745376537,16.618488232425882,16.70773046904745,279224400,16.600839805603027,16.60031404495239,16.53359399412697,16.545793213549114,48.721655778741074,0.9738127149331088
2014-03-12,16.743925094604492,16.76701512534068,16.600079002431578,16.678399466820302,199326400,16.601854228973387,16.58774076461792,16.553625527505783,16.55356309123756,56.15431678567787,0.09699968027847561
2014-03-13,16.557952880859375,16.839092632621874,16.511459536891255,16.76982254939367,257742800,16.593632316589357,16.574903392791747,16.554037656396602,16.55373523985018,56.078278651301936,-1.11068469725204
2014-03-14,16.37198257446289,16.565441542244827,16.319248458111552,16.49991425758162,237199200,16.562835216522217,16.554314517974852,16.53669907716482,16.546607684344796,47.02606011447227,-1.123147938242186
2014-03-17,16.435941696166992,16.53672722477991,16.408170683694532,16.465897394949163,199544800,16.535922145843507,16.539899311065675,16.527103136117407,16.54226784167116,55.24169198769255,0.39066204360531653
2014-03-18,16.58135414123535,16.59913992792057,16.387895174884672,16.409737047468123,209647200,16.513159561157227,16.53592969894409,16.532269898509593,16.5438006377325,65.75414200291166,0.884722322313114
2014-03-19,16.576988220214844,16.732379320711544,16.506468309966696,16.60819208900346,224756000,16.503627204895018,16.530042743682863,16.536528786291047,16.545102111555337,55.2162049817209,-0.026330304408916927
2014-03-20,16.49711036682129,16.620987660780397,16.45498638768979,16.534241726225044,208398400,16.499805068969728,16.52497133255005,16.532774651103452,16.543220082350082,53.461101202403086,-0.4818598670182306
2014-03-21,16.627229690551758,16.654689103879207,16.42316215582347,16.597898877711824,374046400,16.511693668365478,16.520380725860594,16.541770369146146,16.546514576789363,56.690440672757425,0.7887400934903255
2014-03-24,16.824426651000977,16.86530246241041,16.695556777637783,16.800400092686278,355700800,16.529854202270506,16.52403928756714,16.56869001503708,16.557413089503545,59.68809545447097,1.1859880696859282
2014-03-25,17.00540542602539,17.02912036421642,16.836907882261094,16.896507683006103,282293200,16.565628623962404,16.533538265228273,16.61028195894073,16.57498141642597,63.815339024755545,1.0756905942684636
2014-03-26,16.84283447265625,17.130528241313844,16.81412858669118,17.053144331726013,299768000,16.60062246322632,16.53805501937866,16.632429817389827,16.585485457846765,59.15635079820401,-0.9559957513293971
2014-03-27,16.77044105529785,16.896502972530662,16.69742652875973,16.850321263664956,222031600,16.61589584350586,16.534511013031008,16.64557374480964,16.592738618531122,56.83946982257541,-0.429817305845559
2014-03-28,16.751720428466797,16.816622791848175,16.670280435635224,16.797277231561264,200564000,16.632464599609374,16.523787250518797,16.65568295277699,16.598973199312912,55.773716651476064,-0.11162870892498233
2014-03-31,16.747983932495117,16.874980776199394,16.722707546171893,16.82567949129878,168669200,16.6464750289917,16.514918041229247,16.664473522273955,16.60481675747692,50.70067873929216,-0.022305147627288413
2014-04-01,16.90118408203125,16.90804976458361,16.74891257501562,16.779803147217827,200760000,16.66271629333496,16.51753728866577,16.687017385107982,16.61643900549866,54.962496433820746,0.9147378583214794
2014-04-02,16.929269790649414,16.95828896968549,16.85781501989669,16.923965549988345,180420800,16.678614330291747,16.515507106781005,16.710089042778595,16.62870687942614,63.014160169959474,0.16617598200130423
2014-04-03,16.811946868896484,16.927710298502905,16.776063671889013,16.893075256167734,162344000,16.6911581993103,16.509616947174074,16.719789788123155,16.635892761366154,66.19968761939008,-0.6930182057688694
2014-04-04,16.594467163085938,16.849709076375266,16.555776017194514,16.843781588825273,275251200,16.693311882019042,16.49648015975952,16.707854300024373,16.634268228100265,55.244112810922196,-1.2936021479636128
2014-04-07,16.333911895751953,16.56575201886716,16.284612291066637,16.47588655842012,289850400,16.68168878555298,16.484403896331788,16.672240737712713,16.62248954840033,42.39390062722134,-1.5701333750178126
2014-04-08,16.33297348022461,16.41659814979888,16.185069699026883,16.387578979658862,243888400,16.66195249557495,16.46956090927124,16.639929570332892,16.611135977099323,42.48341974026218,-0.005745197680340208
2014-04-09,16.547657012939453,16.552961253897013,16.288670740813078,16.308016305775794,206169600,16.652139091491698,16.486306800842286,16.631141707723994,16.608646605955798,51.43763243349981,1.3144179348284268
2014-04-10,16.334224700927734,16.607563871373404,16.324551086922497,16.55888584575635,239652000,16.64095268249512,16.502351245880128,16.602863897552922,16.597884962621364,42.043508751575814,-1.2898038184186777
2014-04-11,16.213470458984375,16.313944407926485,16.13639815973616,16.194434850891135,271717600,16.63302707672119,16.516582374572753,16.56577880816544,16.582809884047364,32.691012881353004,-0.7392713407236351
2014-04-14,16.27806854248047,16.293044738486326,16.138590114807805,16.284932562881952,205674000,16.625133419036864,16.531596698760985,16.538377830481156,16.570859243201603,27.939056364069728,0.39842230976712134
2014-04-15,16.1619815826416,16.27680845603548,15.95510457090664,16.23406125033061,266490000,16.604164791107177,16.54371240615845,16.502530568782152,16.55482482514043,28.749748482860525,-0.7131494718548348
2014-04-16,16.194746017456055,16.259648383845633,16.042786126098587,16.164790310001845,214765600,16.585052680969238,16.551979618072508,16.473217754370143,16.540704087584178,31.576094520256945,0.20272535670775582
2014-04-17,16.379789352416992,16.467783462762966,16.20068324329884,16.225646347854987,284334400,16.579186630249023,16.56159038543701,16.464319811326988,16.534393705812917,39.24234851218158,1.1426133806697658
2014-04-21,16.57417869567871,16.60444436245952,16.3492025727989,16.392263074374505,182548800,16.576534080505372,16.573235359191894,16.474782562217626,16.53595390149393,45.47225236613123,1.1867633891948337
2014-04-22,16.590717315673828,16.594773401860937,16.428460536764078,16.48493745417052,202563200,16.564848613739013,16.580736694335936,16.485823967308693,16.53810148636373,41.29209936723894,0.09978545723914323
2014-04-23,16.373851776123047,16.572928246224723,16.364489784468464,16.50833750280508,394940000,16.533270931243898,16.578090629577638,16.475159949100536,16.53166032125625,35.913483725470655,-1.3071498683537963
2014-04-24,17.71620750427246,17.78579085153157,17.49653736299832,17.729937200557252,759911600,16.576939582824707,16.59794204711914,16.593354954355007,16.578113151962768,64.14460709872253,8.198167092894337
2014-04-25,17.846332550048828,17.84789066038982,17.59733151970507,17.615115641158592,390275200,16.630734157562255,16.620420875549318,16.712686153944894,16.62784724600536,70.13207940714565,0.7344971870812955
2014-04-28,18.53748321533203,18.589280805693175,17.865366028278697,17.873168245505827,669485600,16.72002229690552,16.651412048339843,16.88647635026748,16.702734931076993,81.1262956425029,3.8727882232661326
2014-04-29,18.48255920410156,18.59645121314522,18.39456681616489,18.52655623128381,337377600,16.80675106048584,16.68157917022705,17.03848424110882,16.77253196139168,79.9075971000031,-0.2962862357984264
2014-04-30,18.41267204284668,18.70411039441238,18.403623335965698,18.49224067197251,456640800,16.882325458526612,16.709100494384767,17.169359269845756,16.83685118027227,77.03770271951777,-0.37812491486227673
2014-05-01,18.45604133605957,18.559634839898877,18.296280872566054,18.472265680198223,244048000,16.95866403579712,16.742868614196777,17.291900419008975,16.9003488334404,82.35608584443968,0.2355404642627068
2014-05-02,18.49036407470703,18.540915174303244,18.400811889402902,18.482876812782333,191514400,17.042584896087646,16.781204833984376,17.406039814789743,16.9627023723136,85.66092386667528,0.18597020900901207
2014-05-05,18.751848220825195,18.753098042083103,18.409862129666955,18.414231504784595,287067200,17.150453948974608,16.828452644348143,17.534212043935977,17.032864954608172,86.49388595099644,1.414164399693174
2014-05-06,18.54747009277344,18.859500484444844,18.54747009277344,18.778060460565044,374564400,17.261131858825685,16.870177726745606,17.630712810491925,17.092261234536224,84.2979317849373,-1.089909248650911
2014-05-07,18.48255920410156,18.637327021029215,18.339024777077533,18.57367281133649,282864400,17.368611145019532,16.914030570983886,17.711841038454747,17.146782723538788,82.59230255467443,-0.34997165838360766
2014-05-08,18.449613571166992,18.65105707228087,18.3997235775294,18.457771050981176,230297200,17.46370897293091,16.96016368865967,17.782105089189248,17.19787412932813,80.82254111910311,-0.17825254917758215
2014-05-09,18.372737884521484,18.395015109012363,18.20925985590467,18.341359741856248,291597600,17.565634632110594,16.998318977355957,17.83835583160184,17.243947217767086,77.75440129082162,-0.4166791155216898
2014-05-12,18.601484298706055,18.62752690759732,18.43110386893838,18.43392915936954,213208800,17.68503532409668,17.04194175720215,17.911034733230814,17.297183966039203,79.121789194711,1.2450317183117399
2014-05-13,18.630659103393555,18.6551332173657,18.53464617397567,18.575435246772383,159737200,17.802664852142335,17.085199432373045,17.97957038753203,17.34947710868055,84.56430381329467,0.15684127255117808
2014-05-14,18.634111404418945,18.744874157598503,18.567278052652473,18.58892855298652,166404000,17.9262713432312,17.126354484558107,18.041907627235545,17.3998549241997,73.83241254855662,0.01853021412838718
2014-05-15,18.475650787353516,18.719766818655533,18.45117667931199,18.660150874274464,230846000,18.040316581726074,17.1636413192749,18.08321649962773,17.442042997264558,66.10265280106822,-0.8503792513972597
2014-05-16,18.74833297729492,18.74895970253207,18.36835147689557,18.4696999858332,276256400,18.15874376296997,17.207386589050294,18.146560926072226,17.493270055304965,56.86532423140355,1.4759003245939928
2014-05-19,18.97048568725586,19.056459320855783,18.742684464661437,18.759001105736623,317755200,18.278559112548827,17.255768432617188,18.22502995094686,17.551200080087355,64.32682183740688,1.1849198018297313
2014-05-20,18.974245071411133,19.027272043482665,18.849362563932345,18.967969442211036,234836000,18.397735500335692,17.303925857543945,18.296383771943457,17.607005766021622,67.15549288552751,0.01981701584898854
2014-05-21,19.024452209472656,19.03668843204263,18.89109883287773,18.94663606766466,196859600,18.530265522003173,17.349860916137697,18.365723623136713,17.662591901058917,67.29213933004138,0.26460677551367606
2014-05-22,19.05457305908203,19.13552785185376,18.95510808951551,19.03355095443866,200760000,18.597183799743654,17.396073875427245,18.431328331321982,17.717179397451982,67.2083044402973,0.15832702712132996
2014-05-23,19.26982688903809,19.288653783695462,19.029476065655142,19.053950190841704,232209600,18.668358516693115,17.45031135559082,18.511185336818755,17.778067534376927,66.25673148527281,1.1296701809514476
2014-05-27,19.630664825439453,19.63788054369612,19.31689000409994,19.32473412327306,348866000,18.723017597198485,17.51548500061035,18.617802430973107,17.850718408536242,80.95584355553989,1.872554115193581
2014-05-28,19.5798282623291,19.76244487540918,19.57261087010381,19.64289623859824,315481600,18.777881050109862,17.578362731933595,18.709423938721297,17.918526638096747,81.61236612613422,-0.2589650608494587
2014-05-29,19.93659019470215,19.98334321430994,19.69780794466656,19.700318196400342,376474000,18.854076957702638,17.64546745300293,18.82629691548138,17.997666385414608,86.10354198196129,1.8220891807281259
2014-05-30,19.861915588378903,20.212400739726124,19.733267682042023,20.01817459204046,564020800,18.924370670318602,17.711166000366212,18.92492726528114,18.07077419729556,86.19567112090212,-0.37456057226420425
2014-06-02,19.725425720214844,19.919338526527387,19.532454677475364,19.892040788795736,369350800,18.986123752593993,17.775732307434083,19.001165213370065,18.135662492312,78.60098723007702,-0.6871938789424603
2014-06-03,20.004371643066406,20.04202543098283,19.71287569015811,19.71946468410949,292709200,19.048749923706055,17.843275146484373,19.096708682864953,18.208945204106293,81.01441124719771,1.414143992672856
2014-06-04,20.232799530029297,20.329129213666597,19.959502070968828,20.001234600173024,335482000,19.13301639556885,17.91144260406494,19.20490781116632,18.288312040417,82.76522036903692,1.1418898380747944
2014-06-05,20.31218147277832,20.375564502609432,20.16345322009139,20.276097854404977,303805600,19.224497509002685,17.977578125,19.310362445605556,18.36767946913705,88.90076672654067,0.3923428521653838
2014-06-06,20.256328582763672,20.43486816939427,20.221815129859294,20.392193883529888,349938400,19.31483325958252,18.04584800720215,19.400454458668232,18.441744140259665,85.17267273947034,-0.2749723858537778
2014-06-09,20.58045768737793,20.61999332008912,20.152156396119807,20.36081565581259,301660000,19.42521924972534,18.12204833984375,19.512835718545347,18.5256152597545,85.84598214854469,1.600137474517771
2014-06-10,20.701265335083008,20.87697966339404,20.55190865873944,20.80669426721683,251108000,19.53020830154419,18.201039237976076,19.626019491548934,18.610934870551695,86.5471644803229,0.5870017544807649
2014-06-11,20.61559677124023,20.81327489216893,20.52993653146036,20.67489936965117,182724000,19.629455184936525,18.278391494750977,19.72026494675763,18.68954906273556,83.17386995741799,-0.41383249987908544
2014-06-12,20.270767211914062,20.672712609537793,20.185106937107175,20.65514084143996,218996000,19.71128797531128,18.345783157348635,19.772693733915386,18.751557617605304,72.4150343799654,-1.6726634846060962
2014-06-13,20.04892921447754,20.30371483697078,19.96107204548897,20.250999530135967,218100000,19.789951896667482,18.408176345825197,19.799001874921306,18.802434935129707,64.32445966873144,-1.09437395791383
2014-06-16,20.250995635986328,20.37179942958275,20.086264104210727,20.099443766253117,142244000,19.86508502960205,18.476957321166992,19.84204889978464,18.859241237124085,62.11247253361141,1.007866401976587
2014-06-17,20.224632263183594,20.360809207153395,20.16313278194108,20.27514897603201,118904000,19.927792358398438,18.549560623168944,19.878485410584542,18.912785983244067,62.711821068962685,-0.13018309458270316
2014-06-18,20.246601104736328,20.270761860558547,20.064297829254333,20.266368081826,134056000,19.991410160064696,18.627814407348634,19.91354404812281,18.965092458596704,57.04107898952599,0.1086241829609147
2014-06-19,20.176313400268555,20.272956412414317,20.062098626689856,20.270759523301347,142112000,20.049003219604494,18.704681205749512,19.93856970070812,19.012591319054422,57.15497386471472,-0.34715804447459364
2014-06-20,19.96765518188477,20.32786793066777,19.965458292661506,20.174117524013496,403592000,20.094657325744627,18.773081169128417,19.941339746534467,19.050044803871298,55.337270367680766,-1.0341741538422378
2014-06-23,19.9500789642334,20.12359630793997,19.899560577793213,20.05770305184148,174776000,20.128669929504394,18.84539825439453,19.942172052981984,19.085340261140402,48.64799395836401,-0.08802344337013324
2014-06-24,19.829280853271484,20.149957994199475,19.8095138762674,19.932512868476607,156144000,20.138600730895995,18.917714462280273,19.931420510152414,19.11451440200829,39.38235370874847,-0.6055019189572186
2014-06-25,19.84685707092285,19.92153456845686,19.6909114063054,19.81391042611951,147476000,20.151952171325682,18.989090232849122,19.923366849273407,19.14323372235788,37.344453874102314,0.08863769584699366
2014-06-26,19.965465545654297,19.99841219303007,19.72385959112541,19.849055510564497,130516000,20.15339593887329,19.065159912109376,19.92737624892873,19.175478107585192,42.35044604339644,0.59761842546453
2014-06-27,20.202672958374023,20.20706506128109,19.936904649768575,19.94788742063958,256116000,20.170433807373048,19.145318450927736,19.953594983161615,19.215760258596518,39.58843219875693,1.1880885631107008
2014-06-30,20.411331176757812,20.587045447480097,20.226831024925865,20.229027914137152,197929200,20.204729080200195,19.22594928741455,19.997188906361252,19.26264539264206,42.37859876801326,1.0328248089434222
2014-07-01,20.54092025756836,20.661724034654615,20.45526000681104,20.54092025756836,152892000,20.231556510925294,19.305284118652345,20.048972844571452,19.312773818717602,48.0813072515531,0.6348879438010879
2014-07-02,20.532135009765625,20.659526096904308,20.44647308761987,20.617795256175896,113860000,20.246523284912108,19.38411247253418,20.09498828887566,19.360591904641055,58.11710544086322,-0.042769494708971845
2014-07-03,20.65293312072754,20.668307990816277,20.470629892721668,20.573861881489695,91567200,20.26356086730957,19.46969409942627,20.14812589190917,19.411271952330722,70.01415714430175,0.5883368237373343
2014-07-07,21.079044342041016,21.08343644499535,20.66831317278437,20.677099054428616,225872000,20.30469665527344,19.536950836181642,20.23678479192173,19.47667479114289,73.8908015109225,2.0631995408237014
2014-07-08,20.942861557006836,21.2613434197487,20.62877347208776,21.144931767738417,260888000,20.322816848754883,19.5988814163208,20.30403019812031,19.53417231137285,69.48738357271718,-0.6460576809099949
2014-07-09,20.951656341552734,21.074655361102344,20.81328244455942,20.96263911504222,145744000,20.33533639907837,19.647164878845214,20.365708878447208,19.589759920399512,69.26768092705373,0.04199418747987682
2014-07-10,20.874778747558594,20.986796652146538,20.540921923302378,20.593637217070643,158744000,20.348295497894288,19.695009269714355,20.414191723124482,19.640152815582223,69.01909091947826,-0.36692847926143024
2014-07-11,20.9143123626709,21.061472106507292,20.83524110538123,20.945062109868488,136072000,20.38047275543213,19.74504207611084,20.46182226022414,19.690119856644525,78.3923829485868,0.18938459463637702
2014-07-14,21.184473037719727,21.281116066765165,21.008760419870203,21.05488504489579,171240000,20.43724994659424,19.799610710144044,20.530646143795146,19.748721942176886,82.15101155925784,1.2917502156610583
2014-07-15,20.936279296875,21.272331351740632,20.872582903848684,21.261350255123823,181911600,20.47151412963867,19.848529014587402,20.569277872659892,19.795292818831715,77.03851264094934,-1.1715832647940294
2014-07-16,20.817676544189453,21.327246114262277,20.808890659702804,21.298693246482756,213585200,20.501166343688965,19.889845581054686,20.59293488899604,19.83538629825751,72.59712757219916,-0.5664939362136301
2014-07-17,20.446470260620117,20.927486712982702,20.33225717310975,20.87257622027411,229192000,20.511159801483153,19.92782558441162,20.578985876769764,19.85935037521291,60.01800328762595,-1.7831302296458462
2014-07-18,20.740800857543945,20.80888936340372,20.431104732692663,20.56289131604658,199952000,20.539384174346925,19.972990417480467,20.594396827319684,19.893917060794518,60.94723919143758,1.4395178882817161
2014-07-21,20.63317108154297,20.865991077328307,20.584849570930412,20.863794188008946,156316000,20.572659969329834,20.01666156768799,20.598089613436187,19.92290741454936,54.70638697355217,-0.5189277730412667
2014-07-22,20.804492950439453,20.84183169264628,20.6727080701158,20.795707068319786,220788000,20.615380668640135,20.065296669006347,20.617747074103164,19.957479396348973,55.4944652967746,0.830322533649408
2014-07-23,21.34700584411621,21.498557679844417,20.90332807967372,20.95823857794484,371672000,20.69126691818237,20.120207099914552,20.687200290294882,20.011970629594746,63.894943691957636,2.6076717897866253
2014-07-24,21.31186294555664,21.37555932650644,21.177881191789037,21.314059834757796,182916000,20.76451721191406,20.173831176757812,20.746691971748383,20.062946798848156,61.57397387765933,-0.1646268278380436
2014-07-25,21.45243453979492,21.48977327901427,21.226203539455245,21.2723281600913,173876000,20.838865661621092,20.23019763946533,20.813905549657576,20.117436514179403,57.28975359229745,0.6595931786788523
2014-07-28,21.748950958251953,21.797272468270535,21.42607861316837,21.48538121817765,221272000,20.91617956161499,20.2956636428833,20.902957493333233,20.181417472770484,64.81022151044823,1.3822040473168151
2014-07-29,21.608381271362305,21.84120295149177,21.57982841209713,21.81704219529215,172572000,20.976032066345216,20.352864608764648,20.970140710288383,20.237376837421145,61.508687510988494,-0.6463285845808242
2014-07-30,21.557861328125,21.67866341535966,21.45243243719339,21.62155770535144,132040000,21.026879119873048,20.40461212158203,21.0261141024633,20.289160542938944,62.08220427727817,-0.23379790740853945
2014-07-31,20.997774124145508,21.404111474664653,20.93847152356105,21.340416771558733,227372000,21.05016107559204,20.445082702636718,21.023415056909226,20.316949310829397,51.246678032392325,-2.5980647869220053
2014-08-01,21.114185333251953,21.22181112221045,20.82425795373813,20.844026605566725,194044000,21.073223686218263,20.486877365112306,21.03205984513234,20.34821346857146,48.899559537140725,0.5543978538781635
2014-08-04,20.995576858520508,21.213023633480205,20.903327625605392,21.166899017022647,159832000,21.069050312042236,20.525697441101073,21.028585274978834,20.373600268177302,50.96763952478625,-0.5617478148430055
2014-08-05,20.892343521118164,21.015342480614606,20.725415164847895,20.945057121511617,223732000,21.0665244102478,20.558147773742675,21.015609869849246,20.39394314084165,51.224585939362235,-0.49169088374177994
2014-08-06,20.85721015930176,20.97142497079101,20.802299643399294,20.81108552703201,154232000,21.061802101135253,20.58267868041992,21.000524183130437,20.41211047489891,57.57099322307061,-0.16816381456149498
2014-08-07,20.855003356933594,21.17948176709616,20.771123140748948,20.954333241911968,186844000,21.060813331604002,20.60818218231201,20.986665056825977,20.429478823213994,52.35910201643628,-0.01058052515803265
2014-08-08,20.91239356994629,20.9300527404662,20.590121286278343,20.80644191496923,167460000,21.060717391967774,20.627698249816895,20.979591581885053,20.448416656419184,55.89020834791874,0.2751867838640898
2014-08-11,21.18830680847168,21.2081737916497,20.934461765208795,21.029377679330715,146340000,21.060909080505372,20.65422607421875,20.99946922251235,20.477431956499675,57.75438780378215,1.3193766538609486
2014-08-12,21.183897018432617,21.38476460204222,21.10443243825905,21.199348371017972,135180000,21.073289966583253,20.683395500183106,21.017033774504757,20.50513646873234,45.78903206236779,-0.020812375802015115
2014-08-13,21.464221954345703,21.464221954345703,21.19934123234391,21.223622161668978,127664000,21.105617237091064,20.71259250640869,21.0596231249658,20.542747664246587,53.49143575460994,1.3232925729820488
2014-08-14,21.521615982055664,21.537067331295333,21.36710248965895,21.484091517340858,112464000,21.159374523162843,20.73836883544922,21.103622444688643,20.581134657101845,51.64818286827724,0.2673939350424037
2014-08-15,21.6275691986084,21.67392324612289,21.38034592779372,21.609910032677902,195804000,21.203712940216064,20.76467658996582,21.153522135538143,20.622171305788378,46.819395395747605,0.49231069191586485
2014-08-18,21.888031005859375,21.93438504279348,21.627564262084128,21.7401376300368,190288000,21.266455936431885,20.797310638427735,21.223475361283022,20.67181286265391,56.894555625464946,1.2043045839277067
2014-08-19,22.190439224243164,22.223549736368675,21.923350678819748,21.943217659723295,277596000,21.33575325012207,20.829510269165038,21.315567157755417,20.731366837618193,63.87271268581487,1.381614537656839
2014-08-20,22.199268341064453,22.314049538746787,22.062412346380786,22.170573462661512,210796000,21.37836637496948,20.85947032928467,21.39972917521342,20.788931602459222,84.75182743497089,0.03978793178480711
2014-08-21,22.20148468017578,22.280949264487475,22.097739157098225,22.199276862814006,133912000,21.42284746170044,20.89118808746338,21.476086842352693,20.844325840801048,83.67330061645406,0.009983838553950797
2014-08-22,22.364822387695312,22.397932903825097,22.11539297644979,22.13746609251271,176736000,21.46846685409546,20.933069190979005,21.560728322861515,20.903953156365528,91.2619194049925,0.735706237094047
2014-08-25,22.413389205932617,22.552451383519873,22.35599774423118,22.46857285031868,161080000,21.501688766479493,20.980358390808107,21.64193412124924,20.963146726936788,97.39802007503174,0.21715718280876928
2014-08-26,22.269908905029297,22.404557117009915,22.26328713789435,22.38689794860272,132608000,21.53476514816284,21.020736656188966,21.701741243514007,21.01439230254826,91.23722647650611,-0.6401544165633877
2014-08-27,22.543622970581055,22.64074672865367,22.22797244091633,22.29860744204061,209476000,21.584053230285644,21.067116470336913,21.78192045561563,21.074362132667193,92.54736413119223,1.2290758202874619
2014-08-28,22.570106506347656,22.68709554201479,22.417799136252995,22.424420902940437,273840000,21.66266984939575,21.11358657836914,21.856985793780584,21.13301877477231,92.42945421419596,0.11747683946436993
2014-08-29,22.62529563903809,22.71358981249249,22.55907458792946,22.70476022673992,178380000,21.738225364685057,21.16256622314453,21.930158159995585,21.191539436116066,91.46510066375336,0.24452313804947945
2014-09-02,22.8018798828125,22.899001940471347,22.673853438545176,22.748902377830237,214256000,21.828540515899657,21.219250717163085,22.013179276454338,21.25469004186887,92.46800215071205,0.7804726470390433
2014-09-03,21.839475631713867,22.779803546890296,21.76001106366081,22.757730430002415,501684000,21.875897121429443,21.257038650512694,21.99663607219334,21.277622810098087,57.25261640659272,-4.220723273891425
2014-09-04,21.658470153808594,22.0933157123717,21.585627363260983,21.819605398761116,342872000,21.915960121154786,21.29362243652344,21.964429794251934,21.29255800004752,52.524393925214234,-0.8287995598320497
2014-09-05,21.846094131469727,21.93880221897761,21.70040855046824,21.80856966996472,233828000,21.965514659881592,21.333607177734375,21.95315973112982,21.31426529931898,53.91298467457028,0.8662845359284965
2014-09-08,21.711444854736328,21.92114194934734,21.643017700845046,21.91893581694929,185426800,22.005467224121094,21.368526763916016,21.930139266711393,21.329840968158877,46.6887933562707,-0.6163540078289453
2014-09-09,21.629772186279297,22.75331161519832,21.221413716919656,21.870373655903737,759385200,22.027540493011475,21.397068748474123,21.901532878098813,21.34160297671262,38.537964767472964,-0.37617334545662073
2014-09-10,22.294187545776367,22.318468478819213,21.579008139610103,21.63419177214915,403478400,22.083055019378662,21.434725875854493,21.93892856073477,21.378959234322963,51.53029187630728,3.071763094752056
2014-09-11,22.38910484313965,22.39131266011732,21.989575857797483,22.16395634947353,249412400,22.12929916381836,21.471689567565917,21.981802492392376,21.418572787609893,52.93703149231548,0.42574907548611485
2014-09-12,22.43988037109375,22.55686944030308,22.311853898193537,22.34054879008992,250504400,22.175212383270264,21.50984447479248,22.025428957030602,21.458624065393575,51.2178877730901,0.22678677110961054
2014-09-15,22.43324851989746,22.74669281621502,22.39131010652998,22.6937153192181,245266000,22.215496349334718,21.54545078277588,22.064268915398873,21.496844632236865,50.32668213690027,-0.029553861636588685
2014-09-16,22.263282775878903,22.351576916544527,21.82843552245901,22.029304734575067,267632400,22.234258937835694,21.569135551452636,22.08322261639697,21.52690103002675,49.891942936912535,-0.7576510547182003
2014-09-17,22.422212600708008,22.470774463811978,22.20368421674014,22.353783755393,243706000,22.245847606658934,21.59872257232666,22.115507376807546,21.562011287700525,47.94306742566426,0.7138651852425681
2014-09-18,22.468564987182617,22.592175768445593,22.41779531112356,22.49946768249836,149197600,22.259312438964844,21.629060745239258,22.149131911128983,21.59756241317041,48.29118950055883,0.2067253009328196
2014-09-19,22.285364151000977,22.59218509839487,22.183826441021175,22.578941561810502,283609600,22.263506412506104,21.657272453308106,22.162106410164412,21.624535030340237,44.515692660674624,-0.8153650946829405
2014-09-22,22.30742645263672,22.54582009994506,22.20147484321332,22.47077118360936,211153600,22.260636615753175,21.68513473510742,22.175946414209395,21.65131508611657,41.60408389050035,0.09899906273127534
2014-09-23,22.65618896484375,22.722409988529183,22.19264685125748,22.205890382366334,253608800,22.27277660369873,21.714569053649903,22.221683799984095,21.690721904890182,67.51878124240542,1.5634367906469437
2014-09-24,22.45974349975586,22.70255120077682,22.338338807209784,22.55024548584861,240687200,22.28226833343506,21.74503833770752,22.24435615234331,21.72087961449276,67.07448918542792,-0.8670719748706257
2014-09-25,21.603290557861328,22.230175858248796,21.570180039247415,22.186029622810864,400368000,22.235251712799073,21.760750617980957,22.18330228620217,21.716268278938585,45.973719218319765,-3.813280155687626
2014-09-26,22.23900032043457,22.23900032043457,21.72027459518395,21.748969473202987,249482000,22.21869640350342,21.796601219177248,22.18860686089097,21.736767574683526,57.50158254368876,2.942652467088669
2014-09-29,22.097734451293945,22.17057725207935,21.771046598240822,21.775462232024044,199065200,22.19231834411621,21.823739891052245,22.179952345691255,21.75092313847217,56.54330206769272,-0.635216813279238
2014-09-30,22.23900032043457,22.41338077317458,22.190438462194244,22.252243851201733,221056400,22.164174365997315,21.855856475830077,22.185575962333477,21.770063420117754,49.09610287695078,0.6392776121551869
2014-10-01,21.892454147338867,22.22576381086066,21.786500815518913,22.20368900718115,205965200,22.166823291778563,21.877615699768068,22.157659599000656,21.77486305647937,42.48493454318766,-1.55828125411408
2014-10-02,22.051374435424805,22.12200940020969,21.640808176340656,21.91231063807896,191031200,22.186468505859374,21.89170307159424,22.14753720246962,21.785706639967426,44.30762506434661,0.7259135363097524
2014-10-03,21.98957633972168,22.119808915053017,21.861549897345448,21.949844053607364,173878400,22.193642616271973,21.90525733947754,22.132493310779342,21.793701530153868,43.602748421120964,-0.28024600409418676
2014-10-06,21.98957633972168,22.21693265534822,21.94542841955524,22.06241746087213,148204800,22.20754919052124,21.916000175476075,22.118882170678614,21.80138289523496,45.85005590094809,0.0
2014-10-07,21.79753875732422,22.09994572407118,21.79312480692162,21.94763833207927,168376800,22.215937519073485,21.91697193145752,22.088278036073433,21.801232144728655,40.62282219240696,-0.8733118793678885
2014-10-08,22.250043869018555,22.31847104232388,21.70041361326797,21.799745173689995,229618800,22.213730335235596,21.929805183410643,22.10368430587773,21.81883260450473,47.076228148526226,2.0759458979848766
2014-10-09,22.298603057861328,22.59880217463451,22.208102769872717,22.4133859646651,309506000,22.20920524597168,21.94462001800537,22.122247996542836,21.837647132087344,50.183754716971144,0.21824311506364324
2014-10-10,22.23459243774414,22.521546348435052,22.139676511852524,22.225762853466897,265326400,22.1989408493042,21.969356384277344,22.132947467133437,21.85321361466212,49.000707611851865,-0.2870611219505048
2014-10-13,22.03151512145996,22.466362458849545,22.03151512145996,22.367032583964132,214333600,22.178854179382324,21.987702980041504,22.123287243735962,21.860205830614976,41.07250237287729,-0.9133395039858994
2014-10-14,21.79753875732422,22.188238204692052,21.757806467416376,22.15954331689738,254754400,22.15556697845459,22.003742218017578,22.092263578363415,21.857748298329064,40.63657664616268,-1.0620075961450093
2014-10-15,21.530447006225582,21.88582974659674,21.009513362603425,21.625362924785662,403734400,22.11097869873047,22.016504287719727,22.03875723815981,21.844912953540693,48.76400770767778,-1.225329859816815
2014-10-16,21.247905731201172,21.57017793384056,21.06028172279704,21.09118442140145,288618000,22.049945735931395,22.024318199157715,21.963438047020894,21.82150090560581,30.893424062962623,-1.3122870832301459
2014-10-17,21.55913734436035,21.85271462173841,21.369305547264055,21.521612885045403,272718800,22.013634395599365,22.03840087890625,21.92493321819608,21.811212138498146,40.25537959089021,1.4647637141111503
2014-10-20,22.02047538757324,22.06462161634279,21.680544037021537,21.702617151406308,310069200,21.99928684234619,22.060562515258788,21.934032472422476,21.81941854042266,46.456697296735534,2.1398724626315646
2014-10-21,22.61865997314453,22.74006291348828,22.35377761553314,22.74006291348828,378495600,21.997410392761232,22.089169578552244,21.999235091538864,21.850761341705873,60.88675618751226,2.716492605372478
2014-10-22,22.73345184326172,22.980675156514167,22.647365499661618,22.700341322476056,273052400,22.011095809936524,22.12016067504883,22.06916049646485,21.885376655492376,60.36231669880215,0.5075095971798671
2014-10-23,23.13959693908691,23.18815879622951,22.874714541237456,22.97404607195744,284298800,22.087911128997803,22.153668174743654,22.171106824333616,21.934561764652948,65.81658135908717,1.7865526917135277
2014-10-24,23.225688934326172,23.285286520074337,23.07338156042287,23.216859350498495,188215600,22.13724555969238,22.187749633789064,22.27154321576148,21.98519420267935,66.60735216261331,0.3720548610500529
2014-10-27,23.201406478881836,23.283078860880728,23.11090451363408,23.14401502979962,136750800,22.19242916107178,22.21922637939453,22.36010162177294,22.032888801746115,69.75149055752138,-0.10454998994000597
2014-10-28,23.56120491027832,23.56120491027832,23.254384026822176,23.26542142772328,192243600,22.258539390563964,22.25268985748291,22.474492411154404,22.092822766786593,68.94127929532509,1.5507612942516014
2014-10-29,23.69364356994629,23.700267020445676,23.47732467428238,23.541337889876623,210751600,22.348598861694335,22.282753944396973,22.59060204532506,22.15560005318501,69.67617040989433,0.5621047827235381
2014-10-30,23.61417579650879,23.69584647763566,23.37578215004398,23.609760163757333,162619200,22.426738929748534,22.31105209350586,22.68808525972351,22.212799101942807,69.37368250473428,-0.3353970156717456
2014-10-31,23.83933448791504,23.848164073147256,23.66495396873897,23.84154230524089,178557200,22.519226837158204,22.343809089660645,22.7977280433608,22.276584803353483,75.23098235515221,0.9534895197974125
2014-11-03,24.14835548400879,24.347016877792527,23.841534652970267,23.887888697508032,209130400,22.62716579437256,22.379479751586913,22.926359228184417,22.34998757514389,82.13620271304065,1.2962651967084238
2014-11-04,23.97177505493164,24.168228696436643,23.77752923076692,24.13953380729779,166297600,22.73587760925293,22.410647468566893,23.02592264025558,22.413587084155175,84.22033683514849,-0.7312316948211328
2014-11-05,24.029163360595703,24.126287101954624,23.868026397347585,24.082139181304672,149743600,22.824833583831786,22.445832557678223,23.12146937552607,22.476943016564608,91.61168590422618,0.2393994834865465
2014-11-06,24.097885131835938,24.117838262709345,23.898363971341695,24.07571630193361,139874000,22.914797687530516,22.47691780090332,23.214461352317485,22.54050937402623,90.95535153290834,0.2859931917268854
2014-11-07,24.166603088378903,24.2353269468331,24.06462514986299,24.108962795696772,134766000,23.011398220062254,22.508847732543945,23.30514151765667,22.604277754981236,89.64342413734545,0.28516177318889113
2014-11-10,24.126707077026367,24.237552922248717,24.091235594696,24.168827348076967,108782000,23.116157817840577,22.53887596130371,23.38338585664426,22.663980865649673,85.0953407792564,-0.1650873778438533
2014-11-11,24.31957244873047,24.330657707378705,24.031374328979396,24.097880806749796,109769200,23.24225950241089,22.56922981262207,23.472546484461994,22.72890602577049,85.61796386052029,0.7993853910041038
2014-11-12,24.66320037841797,24.70310495005596,24.246420612378213,24.24863631147734,187769600,23.398897171020508,22.625704307556152,23.585942093410182,22.804760706266467,85.20248301367293,1.41296863015139
2014-11-13,25.01125144958496,25.150916577757336,24.74078737067745,24.785126714728783,238091600,23.587064456939697,22.69275993347168,23.721685841617305,22.891289755024054,86.80030599144146,1.411216167515561
2014-11-14,25.31275177001953,25.31496916002562,24.654327322170715,25.08440964920958,176254400,23.774745178222656,22.762093086242675,23.873215930036565,22.98624904972976,89.05221506371754,1.2054587554017449
2014-11-17,25.27063369750977,25.999999515203044,25.11766759105919,25.33270709622864,186986800,23.937253093719484,22.833276863098146,24.006303336462583,23.07583276140741,85.82876861832077,-0.1663907302233647
2014-11-18,25.59874153137207,25.647513977252636,25.24846823038754,25.25955349222348,176896000,24.08625717163086,22.91265625,24.157964116930152,23.17477036022955,86.90301661710915,1.2983759639341175
2014-11-19,25.421384811401367,25.65859484388199,25.228514130218667,25.592088353995074,167476800,24.220653820037843,22.9752001953125,24.278289897355982,23.262872887726488,83.72776810339568,-0.6928337463517398
2014-11-20,25.784950256347656,25.906881316687247,25.461280713250336,25.474583359797304,173582000,24.35292148590088,23.04311710357666,24.421781360117095,23.361777882574376,84.52711937725064,1.4301559401407316
2014-11-21,25.8204288482666,26.064289344845673,25.722883973085697,26.050988386002167,228717200,24.482658481597902,23.110728073120118,24.554985882798,23.458195567503484,82.86338935473441,0.1375941840733752
2014-11-24,26.299280166625977,26.33031686271268,25.853681162221257,25.904669295203806,189803200,24.637552165985106,23.188048706054687,24.721109147924473,23.569610649822014,90.88726911589409,1.8545444042519232
2014-11-25,26.070940017700195,26.547577445816213,26.037685928971506,26.39682704276959,275361600,24.763038921356202,23.264201850891112,24.849664468855494,23.667701997581943,83.8356361824943,-0.8682372577464958
2014-11-26,26.381317138671875,26.403485974463234,26.12193820802808,26.1463244348107,163073200,24.89742259979248,23.34338394165039,24.99553615169515,23.774118277624687,85.03427996848856,1.190509896309666
2014-11-28,26.36578941345215,26.469984765149167,26.17070135990386,26.44116376662769,99257600,25.03500328063965,23.42132843017578,25.12603646233867,23.875752439814,84.30157595893611,-0.05885879441919206
2014-12-01,25.51005744934082,26.43672859043836,24.667628524207412,26.33918372567872,335256000,25.11853942871094,23.48582229614258,25.162609889672208,23.939842832344464,67.19943426938798,-3.245614802926111
2014-12-02,25.41251564025879,25.660810920696825,24.995735907633406,25.162004660899264,237395600,25.181747436523438,23.54792407989502,25.18641043734712,23.997594707164634,63.91867266925019,-0.3823660894364256
2014-12-03,25.70071792602539,25.793828030753204,25.5189308062063,25.660813353802983,172253600,25.268194580078124,23.608814659118654,25.235392102935528,24.06438385300231,63.40202070772078,1.1340958520061895
2014-12-04,25.603166580200195,25.98225907497526,25.558828929528342,25.665239967689967,168178000,25.34689474105835,23.67168312072754,25.2704182436274,24.124728273676737,58.17505719015372,-0.37956661796755276
2014-12-05,25.494539260864254,25.73396664420016,25.414730133085623,25.714013516568983,153275600,25.416727447509764,23.749508094787597,25.291763102411863,24.17844635160566,52.65199092008434,-0.4242729859045835
2014-12-08,24.918140411376953,25.41694659611432,24.745221204621007,25.295015518851557,230659600,25.45430431365967,23.803090896606445,25.256179988979966,24.207453961792773,45.551190390216846,-2.260871803132014
2014-12-09,25.29945182800293,25.33935639284887,24.241981705271897,24.428203571677336,240832000,25.512941551208495,23.867125244140624,25.260301116505964,24.250277407526504,46.27272744548074,1.530256312593381
2014-12-10,24.818384170532227,25.461290413733533,24.72749145659124,25.363747219671662,178261200,25.537882137298585,23.91871292114258,25.21821378831799,24.272556104114965,43.01851976171463,-1.9014943910295679
2014-12-11,24.745227813720703,25.228515780556084,24.683152717842937,24.88711036440876,165606800,25.54198350906372,23.975768394470215,25.17316750502301,24.2910922495897,37.09433794304514,-0.2947667999207759
2014-12-12,24.32622528076172,24.80064527220147,24.29297119528504,24.48805923664291,224112400,25.50773220062256,24.02126541137695,25.09250634080765,24.292470015518013,33.06539789320773,-1.6932660152219614
2014-12-15,23.99369430541992,24.740794279037125,23.576912811824872,24.541271403526036,268872400,25.441779327392577,24.06134777069092,24.987857575532626,24.28075332100436,22.9731862856233,-1.36696495861518
2014-12-16,23.665584564208984,24.421553932170685,23.55695612503971,23.581342342804486,243162800,25.361526870727538,24.094867935180662,24.861926812549424,24.256629056031993,22.44811104134469,-1.3674832105234347
2014-12-17,24.255287170410156,24.35061296771528,23.6811048479873,23.747613027576232,213647200,25.294354152679443,24.144022903442384,24.80415160853616,24.25657643306643,27.112206965317966,2.4918150853244336
2014-12-18,24.973569869995117,24.973569869995117,24.53240386894031,24.800650617891897,236024800,25.27196340560913,24.198493423461915,24.82028668105606,24.28469382274991,36.981831879070384,2.96134485870454
2014-12-19,24.78069496154785,25.104364601479507,24.754093043240715,24.887107708896114,353719200,25.22175064086914,24.248135261535644,24.816516041102897,24.304144847800814,42.21491933480839,-0.7723161304183379
2014-12-22,25.03785514831543,25.15978453931675,24.82281398014958,24.864935934310363,180670000,25.182621955871582,24.30420051574707,24.837595956075518,24.33291780076217,46.13271959805327,1.0377440469955035
2014-12-23,24.94917869567871,25.124315303559456,24.931442957605785,25.10214647665483,104113600,25.11511688232422,24.362553787231445,24.848222883656774,24.35708489468047,41.90928164774904,-0.35416952495104237
2014-12-24,24.831682205200195,24.986865683745435,24.831682205200195,24.95804637812219,57918400,25.05315399169922,24.423236656188966,24.846647580946623,24.375696553916537,41.730075960299125,-0.4709433200655422
2014-12-26,25.27063369750977,25.388130015280954,24.831685125784443,24.851636564784112,134884000,24.997619819641113,24.498040390014648,24.887027211095493,24.410792128175096,47.75857848612644,1.767707433923471
2014-12-29,25.252904891967773,25.44355821702856,25.206348141889052,25.226301276404733,110395600,24.941975593566895,24.57814037322998,24.9218727045119,24.44381615812775,53.77322511393005,-0.07015576164099979
2014-12-30,24.944747924804688,25.25511662547371,24.85385521247477,25.193043223614577,119526000,24.913710117340088,24.645852584838867,24.924051296920737,24.463460541134687,45.934996491672926,-1.2202832445668554
2014-12-31,24.470319747924805,25.07997168651198,24.432632579468883,25.011247827401444,165613600,24.86660032272339,24.6948494720459,24.880838768444935,24.46372952963626,46.00500714994392,-1.9019160999743656
2015-01-02,24.237545013427734,24.705314462940628,23.79859486537437,24.694229205486213,212818400,24.793441677093504,24.727227172851563,24.819572696538536,24.454859548608475,44.37891215651162,-0.9512533423957859
2015-01-05,23.55473518371582,24.0867954226108,23.368515030357656,24.00698630220791,257142000,24.69102010726929,24.743652839660644,24.69911198103161,24.419560553906802,41.92948648626001,-2.817157551780236
2015-01-06,23.556961059570312,23.81633994863035,23.195602497746687,23.619034466383983,263188400,24.59414119720459,24.752000122070314,24.5903357027972,24.385733122756353,45.09219995576053,0.009449802076444414
2015-01-07,23.887279510498047,23.98704009408535,23.65450256029652,23.76534840489279,160423600,24.542598152160643,24.76523193359375,24.52337797019728,24.366185922275637,52.490066043564575,1.4022116439061483
2015-01-08,24.805084228515625,24.862724544218292,24.09788716282708,24.215385184821525,237458000,24.51787977218628,24.797305488586424,24.55020713765617,24.38339762055956,55.75138850424631,3.842232086806785
2015-01-09,24.831682205200195,25.10657937778308,24.43263655840806,24.97799781477527,214798000,24.518544673919678,24.82271503448486,24.577014286946078,24.400977408192528,48.26458550678116,0.1072279232738671
2015-01-12,24.219816207885746,24.96913348258544,24.120055627743543,24.962483002759065,198603200,24.49227409362793,24.83323848724365,24.542995422273666,24.393873047396184,43.77768768377348,-2.464053753016837
2015-01-13,24.43485641479492,25.006821335803178,24.144440865044796,24.703103135568583,268367600,24.49770565032959,24.849652099609376,24.53269646918045,24.395480238274565,43.24730731720233,0.8878688635100218
2015-01-14,24.34174346923828,24.494709555233538,24.05354365215632,24.173257344265455,195826400,24.515108108520508,24.859700279235838,24.514510469185957,24.393372913998633,43.20437759020009,-0.38106606388838005
2015-01-15,23.68109893798828,24.39937931797329,23.645629158066633,24.386078361924277,240056000,24.51588382720947,24.85035514831543,24.435137942405227,24.365440601213912,38.52277021110945,-2.7140394938632295
2015-01-16,23.49710273742676,23.849593418861012,23.321966091998515,23.7276623076852,314053200,24.477974605560302,24.84086170196533,24.345801256216802,24.33138813596736,31.360704774039036,-0.7769749243619839
2015-01-20,24.102319717407227,24.15774263740076,23.610163917244932,23.907229956551088,199599600,24.43441209793091,24.842324829101564,24.32261253823494,24.322405060729707,39.23679556481135,2.575708957583367
2015-01-21,24.28632354736328,24.62107675709558,24.00255678407537,24.153307189951693,194303600,24.40969352722168,24.84609359741211,24.31915644386621,24.32099009942122,43.69426835363125,0.7634278862509669
2015-01-22,24.918140411376953,24.93365875835831,24.32400675479041,24.443720442092136,215185600,24.403707790374757,24.86112434387207,24.37620253601009,24.3444077587136,54.16327244239809,2.6015335865121836
2015-01-23,25.046724319458008,25.217426152284684,24.72527039983578,24.89597392403558,185859200,24.40858507156372,24.879524688720704,24.44006175348132,24.371949584625145,57.671344591454634,0.516025297065692
2015-01-26,25.073326110839844,25.35265807271684,25.006819628451208,25.215208636250004,222460000,24.420667266845705,24.89459976196289,24.500372644658324,24.399454546437486,66.442688840857,0.10620866442472288
2015-01-27,24.195432662963867,24.935883840684372,24.171046439988512,24.92258118818741,382274800,24.36690721511841,24.885244407653808,24.471330741639804,24.39145368826205,55.811157308149696,-3.501304310386011
2015-01-28,25.563262939453125,26.186217609496115,25.563262939453125,26.077587486100576,585908400,24.382425117492676,24.89628463745117,24.57532428428869,24.43740699223033,62.83096728220019,5.653258181173193
2015-01-29,26.359142303466797,26.423433096590607,25.618691178673068,25.787177336812245,337745600,24.453144836425782,24.917212448120118,24.745211714686604,24.512769161298426,62.12386978655479,3.1133715828793873
2015-01-30,25.97340202331543,26.603005679197125,25.90467644184349,26.248299275082537,334982000,24.528298950195314,24.93126781463623,24.862182220270302,24.570048881377524,58.434408905171225,-1.463402244695322
2015-02-02,26.299280166625977,26.4189938621203,25.733967466726934,26.170700293426663,250956400,24.631385707855223,24.94527858734131,24.999048691351796,24.637861872955895,66.03970505155127,1.2546609913403506
2015-02-03,26.30372428894043,26.401267500696697,26.07316468514379,26.270470190930336,207662800,24.768835163116456,24.96292537689209,25.123303510169762,24.703189810837642,64.89934908627873,0.01689826598407773
2015-02-04,26.505456924438477,26.71606503689038,26.228342322296477,26.27046428306152,280598800,24.916259956359863,24.977335510253905,25.254937168671546,24.77386695254748,66.95630467894038,0.7669356372582925
2015-02-05,26.694637298583984,26.75918181333036,26.541065808392663,26.712441335234317,168984800,25.05662784576416,24.994819679260253,25.392051466758446,24.84919127984303,75.50043384059977,0.7137412295318057
2015-02-06,26.4698486328125,26.763636508266117,26.36301590626183,26.712445437657788,174826400,25.139866065979003,24.998231048583985,25.49469881590645,24.912746470155557,74.98277657896853,-0.8420742460636732
2015-02-09,26.645671844482425,26.67237874794815,26.358560745887814,26.38526934740183,155559200,25.230565547943115,25.00972568511963,25.60431529481845,24.980704327972298,73.03678805655366,0.6642395810755541
2015-02-10,27.157569885253903,27.186504623719213,26.74359766138815,26.745822104310072,248034000,25.377453231811522,25.02525074005127,25.75224430343135,25.06607160472844,74.54857727316015,1.921130169879648
2015-02-11,27.79412078857422,27.80302365774681,27.264412808170142,27.32450505252429,294247200,25.54541645050049,25.053817367553712,25.946708730587815,25.173053925663567,74.56916357673259,2.343917022067399
2015-02-12,28.145776748657227,28.372795669606173,27.947692577307883,28.05674975412918,297898000,25.735618114471436,25.10653175354004,26.15614377992776,25.28963129127116,75.50283784123157,1.2652170678756125
2015-02-13,28.283761978149418,28.32827461584955,27.965491694253423,28.32827461584955,217088800,25.965751266479494,25.16395668029785,26.3587740845203,25.40704818095266,75.94383580097767,0.4902519860240595
2015-02-17,28.45069122314453,28.684386851565183,28.248154785440164,28.37501768994175,252609600,26.21343069076538,25.218956146240235,26.5580042881988,25.526406731626853,88.85146701672177,0.590194632256047
2015-02-18,28.648767471313477,28.662120921349977,28.36610699318837,28.406169041345944,179566800,26.440753078460695,25.2798681640625,26.75712459135258,25.648852250830252,85.82328813900125,0.6962089132225069
2015-02-19,28.588687896728516,28.71777697202242,28.56198098325317,28.595364625097353,149449600,26.655871295928954,25.341751136779784,26.931559191864572,25.76413992321842,81.2194595610937,-0.209710852814593
2015-02-20,28.82237243652344,28.82237243652344,28.49965157108669,28.6265127571537,195793600,26.85108289718628,25.419835777282714,27.111636643736844,25.884070610014696,91.667368709994,0.8174021159665257
2015-02-23,29.60136032104492,29.60136032104492,28.857988628797777,28.93811274746554,283896400,27.078814697265624,25.505873947143556,27.34875318443285,26.02984667711392,92.6425172676922,2.702719514977714
2015-02-24,29.41662979125977,29.73490182419154,29.194063171007127,29.58800703976149,276912400,27.29597988128662,25.597838859558106,27.545693813654463,26.162661701198072,88.41098646297041,-0.6240609478133208
2015-02-25,28.664350509643555,29.289765499417644,28.521908023525217,29.280860933730825,298846800,27.519425773620604,25.676221313476564,27.652232546605806,26.260767144666524,73.4527253996289,-2.5573265426882097
2015-02-26,29.02713394165039,29.12728822683171,28.179155786433736,28.66434931718159,365150000,27.69261932373047,25.770239486694337,27.783175536610052,26.369252117097265,74.41764252044226,1.2656258577524282
2015-02-27,28.590906143188477,29.06052179210405,28.541941220848713,28.93365720347011,248059200,27.804207515716552,25.862183723449707,27.860102261046094,26.45637580439496,71.26291641220399,-1.5028276623479497
2015-03-02,28.731122970581055,28.995977780785267,28.555296842347182,28.76673444336919,192386800,27.942093563079833,25.963494491577148,27.943056614335138,26.545581575617945,71.05629161901909,0.49042456608525686
2015-03-03,28.791221618652344,28.82683309726901,28.50856102579106,28.702196318208212,151265200,28.06669063568115,26.054213180541993,28.02383423379392,26.63364589103106,68.15053194690623,0.2091761193352193
2015-03-04,28.608707427978516,28.835726296270856,28.559745903539564,28.73334756867589,126665200,28.181939792633056,26.12691593170166,28.07953644276388,26.71109928463684,60.06594701612145,-0.6339230515859273
2015-03-05,28.13465118408203,28.6554563326568,27.98998252123944,28.617620409496848,226068400,28.263399505615233,26.193995056152342,28.084785465746563,26.76692484932097,49.86655673363461,-1.6570348209191343
2015-03-06,28.17693328857422,28.7934420686846,28.101261454083147,28.57755217915056,291368400,28.337514305114745,26.25677661895752,28.093561448873007,26.822219297919137,48.68855767803359,0.15028480081569207
2015-03-09,28.297109603881836,28.83794805907249,27.834170795700423,28.47961409775459,354114000,28.428877353668213,26.323735237121582,28.112946987445277,26.880058133447086,48.092719404420414,0.4265060149620581
2015-03-10,27.711769104003903,28.3149244137179,27.553747014570217,28.13464600287989,275426400,28.482182216644286,26.381336975097657,28.07473956997467,26.91267424993951,39.38475912984135,-2.0685522587707506
2015-03-11,27.206546783447266,27.76964013549162,27.17761373028428,27.765189549639153,275756000,28.484631061553955,26.420055236816406,27.992054542686347,26.924198663018245,35.77634567656966,-1.823132686550999
2015-03-12,27.698413848876953,27.79856984189361,27.070776078556776,27.2221214408066,193450800,28.47984571456909,26.46896541595459,27.96408876232355,26.954560042855842,39.01694134346846,1.8078996549791615
2015-03-13,27.50701141357422,27.909858204090373,27.282220320035965,27.687291554453367,207309200,28.44790744781494,26.52021068572998,27.920557586252183,26.976224802491856,26.879471271841567,-0.6910230901560954
2015-03-16,27.809703826904297,27.809703826904297,27.34676645897617,27.571557565722188,143497200,28.424204540252685,26.58699836730957,27.910000085361908,27.0089102544296,32.71066510702043,1.1004191214342818
2015-03-17,28.274864196777344,28.33718257998601,27.965496724385353,28.021138380542887,204092400,28.415413188934327,26.667744750976563,27.944749048353852,27.05855550707069,45.533455501665195,1.6726548861086155
2015-03-18,28.5931339263916,28.746705437477463,28.12574436427423,28.26596072349488,261083600,28.412631511688232,26.768512725830078,28.00649998911935,27.11873505292641,44.971645188963564,1.125627792230155
2015-03-19,28.377243041992188,28.766734613156785,28.35498672039248,28.655451307109757,183238000,28.402059268951415,26.864918365478516,28.041808851297716,27.16808830739958,47.39129199523627,-0.7550444975887971
2015-03-20,28.021137237548828,28.577552078379163,27.85643841749427,28.544168444485248,274780400,28.361997509002684,26.947595520019533,28.039840126178774,27.20154120662112,41.76556809941568,-1.2548992300499329
2015-03-23,28.312700271606445,28.45514277631156,28.159128756389,28.29267009034257,150838800,28.29756450653076,27.01774784088135,28.065826806695696,27.245116071914662,44.73289186559798,1.0405110670059337
2015-03-24,28.19696044921875,28.497423293342283,28.168025707185222,28.31714660569711,131369200,28.23658103942871,27.08505340576172,28.078315725031224,27.282443302397176,45.40026557663198,-0.40879118302878936
2015-03-25,27.460269927978516,28.225899671022653,27.460269927978516,28.163581286923453,206620800,28.17637701034546,27.149862480163574,28.019454220550013,27.28941689555723,42.8838765875776,-2.6126593416583854
2015-03-26,27.65167808532715,27.794120594999193,27.28666894203646,27.3222804184788,190291600,28.107604217529296,27.21419891357422,27.98442792195736,27.30362321672468,44.62657752881689,0.6970366928316762
2015-03-27,27.43133544921875,27.75405636351956,27.355663614766957,27.72512331470832,158184800,28.04962568283081,27.27599075317383,27.931752448363206,27.308631539567585,41.320900393844866,-0.7968508653560469
2015-03-30,28.12574577331543,28.132422500558253,27.598262246500138,27.6093912572706,188398800,28.01935682296753,27.364883689880372,27.95022800312056,27.34067523500868,54.061170440686325,2.531449208450609
2015-03-31,27.69396591186523,28.15245262749894,27.678386315646087,28.063425635654404,168362400,27.964494037628175,27.44882095336914,27.925822089667673,27.354529771355995,54.8515606371038,-1.5351765778237714
2015-04-01,27.653900146484375,27.847533700457387,27.39794821598168,27.780763041005063,162485600,27.916753673553465,27.519852561950685,27.899924761745453,27.366269786066912,49.513141304592715,-0.14467326748491827
2015-04-02,27.89204978942871,27.94546530476479,27.64055011075808,27.82750526345867,128880400,27.904623603820802,27.591967086791993,27.899174764381954,27.38688860972816,54.16864390784632,0.8611792249297201
2015-04-06,28.34385681152344,28.379468283392196,27.671706411460807,27.70286560032175,148776000,27.91296977996826,27.660481414794923,27.941525435538285,27.424416774504447,55.602160767711105,1.6198415874977057
2015-04-07,28.04562187194824,28.51523590490739,28.038945144652654,28.408404872080663,140049200,27.900395393371582,27.720459365844725,27.951439381863043,27.44877775871793,47.50848374665466,-1.0522030983939779
2015-04-08,27.95436668395996,28.132420656323127,27.814150326906724,28.010008338067387,149316800,27.912525272369386,27.778080177307128,27.95171817253894,27.46860477539409,42.6972049906147,-0.325381224937471
2015-04-09,28.16802215576172,28.172474437689335,27.745147067231425,28.01000010829181,129936000,27.96059904098511,27.857531967163087,27.97231855189349,27.496032907957527,47.606829998795696,0.7643008844280264
2015-04-10,28.28821563720703,28.312698100017467,27.878693892102373,28.032263697492382,160752000,27.99008913040161,27.912031021118164,28.002403988590018,27.52709889733986,53.22925382111226,0.42670188478506343
2015-04-13,28.23257064819336,28.615387139797868,28.17915514385127,28.5708711064243,145460400,28.026367092132567,27.949499588012696,28.024324622837955,27.554764456196864,48.97253322128725,-0.19670731348810921
2015-04-14,28.110164642333984,28.330505119560385,28.02336379681908,28.265960596322643,102098400,28.041390132904052,27.992234840393067,28.032499862789958,27.57654485565322,48.88895508161563,-0.43356309060439413
2015-04-15,28.216997146606445,28.294895127681393,28.045621588241563,28.134648580062343,115881600,28.03849678039551,28.030589179992674,28.05007103267724,27.601660631769036,61.548905054245125,0.38004937228852675
2015-04-16,28.08122444152832,28.288211424799588,28.067870990365083,28.105706900693068,113476000,28.012901306152344,28.066139183044434,28.053038023996393,27.620467055681164,56.66883427618423,-0.48117347275719036
2015-04-17,27.76518821716309,28.074555709550506,27.700643688082796,27.94324220759483,207828000,27.982298564910888,28.091333808898927,28.025623756678936,27.626142395347124,55.03359757791462,-1.1254360543404784
2015-04-20,28.399503707885746,28.51523761673722,27.858666689842995,27.94769368790884,188217200,28.001216888427734,28.12543113708496,28.061231371079586,27.65647028995648,54.20370674102023,2.2845711895104426
2015-04-21,28.24593162536621,28.533041081720025,28.192514411955095,28.51078645653832,129740400,27.99787845611572,28.160952796936034,28.078821871487836,27.679586420756863,59.26757142610101,-0.5407562191901638
2015-04-22,28.626523971557617,28.682165638985524,28.114621650050243,28.263740911225288,150618000,28.019356632232665,28.200569839477538,28.13098397625639,27.716721226670618,64.65471111307806,1.3474235909061605
2015-04-23,28.860210418701172,29.02713536756887,28.519683794698807,28.55529526552048,183083600,28.0893536567688,28.234622650146484,28.20043411363208,27.761563940083583,64.60710920849749,0.8163284070945354
2015-04-24,28.995981216430664,29.07388089787269,28.762285568201943,29.042721704515355,178103600,28.156568813323975,28.258659858703613,28.276200504374803,27.809972460724644,60.87610438739297,0.4704428545729389
2015-04-27,29.523452758789062,29.630287152536695,29.18960291954412,29.447780943623293,387816800,28.26117467880249,28.28621337890625,28.394986433366636,27.877167766531095,72.89645002763035,1.8191194787348763
2015-04-28,29.05829620361328,29.94411036493817,28.837957432112898,29.926308024614418,475696000,28.307802200317383,28.301704063415528,28.458158792437747,27.92348652876961,65.32764270660698,-1.5755493064316672
2015-04-29,28.630964279174805,29.28753500095291,28.55529245819079,28.969266426527923,253544400,28.35465211868286,28.30530952453613,28.474616457841275,27.9512307542757,56.0677384758843,-1.4706021352529963
2015-04-30,27.854211807250977,28.630968807003697,27.72734890644295,28.630968807003697,332781600,28.364667701721192,28.289418411254882,28.4155303006422,27.947426089686495,45.146828161078645,-2.7129804792806467
2015-05-01,28.699960708618164,28.962591047195207,27.88759402467133,28.06564627540629,234050400,28.405063247680665,28.291643867492677,28.442618910925624,27.97693725121323,54.441650265922256,3.0363411724578793
2015-05-04,28.644323348999023,29.06052523824225,28.5463934927065,28.822377324431148,203953200,28.420086574554443,28.288082885742188,28.461828857408804,28.003109255047967,55.14140407937266,-0.1938586612853177
2015-05-05,27.998876571655273,28.588676652922196,27.99442428912783,28.52190599939661,197085600,28.417749309539794,28.256033210754396,28.417738163527517,28.00294326746394,48.097771845732524,-2.253314799863493
2015-05-06,27.82305145263672,28.21031686551449,27.455816218919747,28.168028667666032,288564000,28.411183547973632,28.224161643981933,28.36110133391887,27.995888686490325,47.76409488931727,-0.6279720494091201
2015-05-07,27.995141983032227,28.178408847882512,27.718005393148463,27.885627588016693,175763600,28.40253953933716,28.210777473449706,28.326248062405856,27.995859404001774,52.042436435811,0.6185178167407601
2015-05-08,28.522592544555664,28.522592544555664,28.185112723632656,28.312505520185685,222201600,28.41425838470459,28.200686645507812,28.344947536896314,28.016515605592122,51.11442364745707,1.8840788942707354
2015-05-11,28.23204803466797,28.50918292492606,28.07783506667492,28.47118896923365,168143200,28.41423225402832,28.1935094833374,28.334195203350756,28.024967857712745,49.87734273026084,-1.01864691799608
2015-05-12,28.131479263305664,28.357209293536233,27.896807471517413,28.071134308781183,192640000,28.415297985076904,28.181516609191895,28.314888923346462,28.029144775579134,45.39876996083532,-0.35622201846217116
2015-05-13,28.162765502929688,28.426491170136035,28.13147616149344,28.19405484436593,138776800,28.412586402893066,28.168947486877443,28.300400978544864,28.034384804102686,43.26411183510041,0.11121434223628768
2015-05-14,28.819843292236328,28.819843292236328,28.419786470046493,28.475660537464663,180814000,28.449517345428468,28.1731702041626,28.34987167508691,28.065187097754986,48.45449369510011,2.3331437008140554
2015-05-15,28.779617309570312,28.94053490611256,28.65445993676693,28.846666876510024,152832000,28.500238800048827,28.186069526672362,28.390799830751995,28.09320396880657,42.863030444999154,-0.13957738166068268
2015-05-18,29.09699058532715,29.21544337895373,28.687991852315417,28.69246273423067,203531600,28.5351131439209,28.20447067260742,28.458056093092484,28.132568149846595,50.38210180667272,1.1027710074911212
2015-05-19,29.070159912109375,29.25119133542624,28.97405474783214,29.208726500765295,178532800,28.576324558258058,28.21993167877197,28.516351694903616,28.16933645424906,54.7095101569489,-0.09221116231622473
2015-05-20,29.06792640686035,29.273542580713503,28.9070088081435,29.054517175347726,145819600,28.598394680023194,28.247054824829103,28.568882619851877,28.204575275920092,65.60710484104365,-0.007683154326554309
2015-05-21,29.36518096923828,29.418821313047655,29.016527260185256,29.07016760399463,158921600,28.62364320755005,28.290227508544923,28.64472055788868,28.25008922467767,59.95884733709833,1.022620458774015
2015-05-22,29.62220001220703,29.71830520075325,29.367414350183815,29.412116341293565,182384000,28.654954147338866,28.328703231811524,28.737813839252333,28.30389749085529,63.80703029101761,0.8752510098200661
2015-05-26,28.969594955444336,29.704899835375624,28.8578467836856,29.635616514530575,282790400,28.627261257171632,28.357954902648927,28.75988823127062,28.330003273780353,63.67831019105815,-2.2030944916102246
2015-05-27,29.51045036315918,29.559619822667745,29.0656949025357,29.13050732991539,183332800,28.649868965148926,28.391969833374024,28.83137033906953,28.376295316501093,71.55915637183156,1.8669760780110511
2015-05-28,29.45233917236328,29.49033313029952,29.300363340618333,29.470219283794904,122933200,28.69093770980835,28.415519332885744,28.89051022795465,28.4184931147702,69.17649055044707,-0.19691732955876562
2015-05-29,29.11709976196289,29.37859004232593,29.03217007063223,29.329420580006403,203538000,28.754082107543944,28.42599864959717,28.91209018357448,28.445889453875797,58.24050549247181,-1.1382437518408173
2015-06-01,29.17520523071289,29.36517844806299,29.06569422731027,29.117097420954007,128451200,28.77784433364868,28.441957893371583,28.937148759492423,28.474490072575293,63.97358366867116,0.1995578860017666
2015-06-02,29.045581817626953,29.20202855186745,28.90254431628092,29.023230822614153,134670400,28.797907257080077,28.462446784973146,28.947475717409997,28.4968858272832,63.4275154054734,-0.44429306344512254
2015-06-03,29.081335067749023,29.264603655579336,29.032165612979068,29.20202496955987,123934000,28.852030181884764,28.477819480895995,28.960224226966094,28.519805405340684,63.47544818362167,0.12309359250077812
2015-06-04,28.911481857299805,29.184147619450545,28.810909203128812,28.96065131672259,153800400,28.90645170211792,28.492109909057618,28.955582096521685,28.535165266201826,51.56857150132975,-0.5840626300461227
2015-06-05,28.752798080444336,28.98523614583699,28.68798565295545,28.942771302527778,142507200,28.944334506988525,28.517960472106935,28.936269333085747,28.5436998863682,49.558827682064766,-0.548860752412117
2015-06-08,28.562822341918945,28.877952882925072,28.346030699690523,28.808666178580967,210699200,28.94634599685669,28.53618335723877,28.900702952974623,28.544449786585876,40.828607769704256,-0.6607208731264302
2015-06-09,28.477893829345703,28.62540218350224,28.075601573279236,28.31697624486264,224301600,28.958638286590578,28.55711452484131,28.860435417390917,28.541839749047046,40.030001374206776,-0.29733935798283984
2015-06-10,28.804201126098633,28.90700750324305,28.573998529628415,28.58964320073403,156349200,28.992274379730226,28.570683631896973,28.855079770601176,28.55212843050005,45.99726720589172,1.145826649640358
2015-06-11,28.739381790161133,29.094740006981706,28.71479706640286,28.871243758372724,141563600,29.021105194091795,28.59159194946289,28.844060915321172,28.559471699506368,39.78080205219313,-0.22503431236899907
2015-06-12,28.422019958496097,28.68127644753528,28.40861072807724,28.649987106463826,147544800,29.001214027404785,28.606954345703127,28.80386653848069,28.554081435153023,30.78003890175843,-1.1042750814274083
2015-06-15,28.366151809692383,28.437670562082815,28.095721473930386,28.18288490012055,175955600,28.98054075241089,28.616436386108397,28.762179421453233,28.546711645919274,38.05293025658531,-0.1965664259095501
2015-06-16,28.518129348754883,28.5740034273007,28.243229837188753,28.390736517876093,125976400,28.951597690582275,28.619921836853027,28.738936557386722,28.545590771520672,26.778123153228265,0.535770731546914
2015-06-17,28.451078414916992,28.58070496728181,28.325919332951088,28.54494644753539,131672400,28.920643615722657,28.6280309677124,28.71152149619913,28.541884404595038,26.66654813603168,-0.23511687256169145
2015-06-18,28.58070182800293,28.67680529040624,28.433195179396215,28.435430619491505,141628800,28.896282386779784,28.64055767059326,28.699062480180444,28.54340665649339,36.17482545672281,0.4556010538355304
2015-06-19,28.294628143310547,28.56729387230134,28.24992957025751,28.542709145579792,218867600,28.842754745483397,28.643089790344238,28.66054492428807,28.533650636368574,29.690551854471735,-1.0009330296154362
2015-06-22,28.520362854003903,28.6209355065051,28.40191008834739,28.493542684270917,136157200,28.78766288757324,28.647732734680176,28.647194250927676,28.533129546864078,38.40069958230613,0.7978005915116659
2015-06-23,28.39073371887207,28.520361977552454,28.357208934021436,28.49130807342398,121075600,28.758719825744627,28.65089599609375,28.62276943835095,28.527545396746746,35.35550536639343,-0.45451432646703704
2015-06-24,28.632102966308594,29.009812151267777,28.41084216983035,28.430956012627934,221123600,28.7148024559021,28.661334762573244,28.62365834577549,28.53164569359231,44.250051228422215,0.8501691073805606
2015-06-25,28.495777130126953,28.87572014313876,28.495777130126953,28.79973222259295,127752400,28.666974353790284,28.66691036224365,28.61147918238039,28.530239083260337,44.66106966406097,-0.47612931659981594
2015-06-26,28.32815170288086,28.60528659515787,28.274513076504284,28.53376785827538,176267200,28.62752695083618,28.671848907470704,28.58449561290424,28.52231408795134,45.079650986549254,-0.5882465548513571
2015-06-29,27.831993103027344,28.265576457225944,27.820819311458745,28.039844723786928,196645600,28.560366344451904,28.67318500518799,28.51282870720168,28.495242676777853,38.4492485691091,-1.7514683098899697
2015-06-30,28.033138275146484,28.18735125292746,27.905745464631284,28.06442761771925,177482800,28.50974416732788,28.6658576965332,28.467143904148806,28.477120935537407,35.56474598446415,0.722712065120712
2015-07-01,28.294628143310547,28.370617763670214,28.158295278815142,28.36167770803136,120955200,28.470408821105956,28.66683162689209,28.45071383168802,28.46996435545008,42.2447436111486,0.9327884220365457
2015-07-02,28.258874893188477,28.314748972490012,28.10913106475277,28.256639452576778,108844000,28.43777847290039,28.659478645324707,28.432443456592825,28.461686337322178,46.845396199944304,-0.12636055841053206
2015-07-06,28.16052627563477,28.21193116116185,27.903505258281328,27.923620806580097,112241600,28.40816488265991,28.645484962463378,28.406546582215867,28.44987613882463,46.088248890230666,-0.34802736459056405
2015-07-07,28.091249465942383,28.19405755556789,27.66213528971851,28.13594804225212,187787200,28.384586238861083,28.627390327453615,28.376518285427917,28.43581234773121,41.61535406816868,-0.24600680049196022
2015-07-08,27.393945693969727,27.85658303889699,27.387241076747,27.820824511995188,243046400,28.330388832092286,28.584800186157228,28.282939943384278,28.39495483189743,33.35673583718099,-2.482281084784288
2015-07-09,26.8351993560791,27.726949071884263,26.645227851428672,27.680015055804137,314380000,28.231938743591307,28.540338249206542,28.14505988745045,28.33378795049279,25.790403206690996,-2.0396708971122113
2015-07-10,27.552621841430664,27.680014656134844,27.089984598016393,27.253137636917497,245418000,28.172600746154785,28.51877140045166,28.088637216400947,28.303153985431532,40.80840223438343,2.6734382548532887
2015-07-13,28.084545135498047,28.106894423880103,27.78505921472599,27.94374137892242,165762000,28.155727005004884,28.5233780670166,28.088247494410194,28.29458108935571,44.98196975486776,1.9305723322037283
2015-07-14,28.07337188720703,28.243229561769542,27.945979057570536,28.16947536957432,127072400,28.141088008880615,28.51084629058838,28.086830769914656,28.285906218683213,46.24340463961167,-0.03978433062422626
2015-07-15,28.34379768371582,28.417551864106752,28.066662778625943,28.09795212088732,134596800,28.132371425628662,28.504835777282715,28.11130380932429,28.288176472213905,46.61066013590994,0.9632822077636494
2015-07-16,28.72150230407715,28.734914943921616,28.46224753674022,28.549410939177225,144889600,28.14589262008667,28.51928829193115,28.169417951681705,28.305169642090895,52.51112815209231,1.3325829678015433
2015-07-17,28.969594955444336,28.969594955444336,28.676815291081816,28.848908430469667,184658800,28.16533727645874,28.542219161987305,28.245625285373386,28.33122553673221,57.01036313281212,0.8637871680269749
2015-07-20,29.517147064208984,29.718292295724,29.210954927428684,29.271299860995843,235600800,28.22646322250366,28.57265926361084,28.36672259764344,28.377732263299926,68.21253294106394,1.8900923868862884
2015-07-21,29.22213554382324,29.707122011301394,29.12603379044251,29.691479046689704,307025600,28.26155185699463,28.58665012359619,28.44819049727961,28.410846117438094,62.594711319131484,-0.9994581107178324
2015-07-22,27.9862003326416,28.048779009002462,27.264306704299237,27.264306704299237,461802400,28.241325187683106,28.581733169555665,28.404191433980753,28.394193341563724,47.291960503033344,-4.229448629201505
2015-07-23,27.97279930114746,28.40414554749355,27.950448305776092,28.205233965707485,203998000,28.20836000442505,28.5785595703125,28.36310646894901,28.377668085076813,47.47831823769775,-0.04788442637748691
2015-07-24,27.825288772583008,28.102423701392432,27.691191336394024,28.008555666574285,168649200,28.17483558654785,28.571810035705568,28.31188573596177,28.356006151253528,47.07035996563657,-0.5273355983303474
2015-07-27,27.43863868713379,27.62637645681954,27.293367463201697,27.510157431504226,177822000,28.1303599357605,28.544185943603516,28.228719350359103,28.320030956582166,44.59656649920502,-1.389563603847288
2015-07-28,27.574975967407227,27.693430451988053,27.38947531354632,27.574975967407227,134472400,28.11750907897949,28.520093116760254,28.166458075792256,28.290813113869422,51.652373441411704,0.4968806281827831
2015-07-29,27.487810134887695,27.60179372812768,27.3268925221116,27.523570362234157,148046800,28.090242671966553,28.487909507751464,28.10182493856325,28.259322800968178,56.51788782609821,-0.3161048358575447
2015-07-30,27.34923934936523,27.393937921595764,27.20173099175027,27.338063853736987,134513200,28.042973232269286,28.45349109649658,28.03015012054439,28.223633253846494,47.7031665116503,-0.5041172244804937
2015-07-31,27.11009979248047,27.409583993039575,27.02293637857796,27.40064393710838,171540000,27.985534477233887,28.414334564208986,27.9425262797764,28.179965274969394,38.21616619567313,-0.8743919852027382
2015-08-03,26.470901489257812,27.39394056552106,26.265283603784972,27.15479960021046,279904000,27.90105323791504,28.356448974609375,27.802371537822246,28.112943165725802,33.17685372667624,-2.357786611320223
2015-08-04,25.62161636352539,26.305514513708847,25.310956634838035,26.2429358209001,496554400,27.777571582794188,28.27643730163574,27.594680568841593,28.015244075443434,24.518829228787723,-3.208372506984969
2015-08-05,25.791473388671875,26.247406045777524,25.053934915824794,25.24390643000012,397250400,27.697447967529296,28.212874870300293,27.42294655168257,27.92803738184455,21.46283485928693,0.6629442215374537
2015-08-06,25.847593307495117,26.155169739950495,25.62084156704266,26.036180829783316,211612000,27.648067665100097,28.139617729187012,27.272912909379006,27.8464513397132,18.41188285733253,0.2175909765895323
2015-08-07,25.935157775878903,26.099049333956877,25.70616041925215,25.724121466439275,154681600,27.56719446182251,28.069274101257324,27.14550765856947,27.771498650935385,10.038021454416324,0.3387722305209451
2015-08-10,26.878087997436523,26.938704381143143,26.161907196752335,26.161907196752335,219806400,27.506871604919432,28.024493865966797,27.120039119413953,27.73646293903347,27.152042334747037,3.6357219404872687
2015-08-11,25.479406356811523,26.532349173520984,25.443485976075305,26.449280616725197,388331200,27.377173328399657,27.95057788848877,26.963788380118483,27.647950916201236,26.317092579218013,-5.203798874229437
2015-08-12,25.87229347229004,25.91270496835857,24.612803843156907,25.26387718521236,404870000,27.253598117828368,27.88711212158203,26.85983648413482,27.578317290949816,31.48321893070873,1.5419790790121013
2015-08-13,25.85209083557129,26.13272577361948,25.715140848774993,26.051902774432826,194143200,27.110127544403078,27.822527236938477,26.76386070808115,27.510622135836933,32.20609694932372,-0.07808599087045787
2015-08-14,26.033945083618164,26.11252253382995,25.59615520896683,25.66575213446013,171718000,26.963345050811768,27.764976501464844,26.69434493432277,27.452713231828355,36.84693115777668,0.703441161504248
2015-08-17,26.3033504486084,26.41335885699809,25.93066645487652,26.05190094514377,163538800,26.80265522003174,27.715987548828124,26.657107364254735,27.407640181506004,38.382445398897865,1.0348234358063424
2015-08-18,26.155168533325195,26.366206492782,26.04516014956673,26.139453049931127,138242800,26.649306869506837,27.66783447265625,26.609303666070968,27.358523646283228,37.959243744110495,-0.5633575675947466
2015-08-19,25.82065200805664,26.15965767687582,25.74656399585409,26.06536477745032,193146000,26.541029453277588,27.61468963623047,26.53419398435532,27.29821495458807,36.66113196794493,-1.278969106401806
2015-08-20,25.29081916809082,25.67248197165876,25.06182011566237,25.611865582992177,274006400,26.406930446624756,27.544421997070312,26.415777335187272,27.21949355119602,34.8909942546852,-2.0519731252351847
2015-08-21,23.743961334228516,25.122440013835657,23.7192653226346,24.792413052407607,513102000,26.20286407470703,27.44451358795166,26.161318668429296,27.083198170138473,30.31992974264665,-6.116282053109456
2015-08-24,23.151254653930664,24.42645956080686,20.654726255156337,21.29906452778893,648825200,25.988494873046875,27.339098281860352,25.874645905143712,26.929004306757776,31.485983202771777,-2.496241768400398
2015-08-25,23.290456771850582,24.945081158898475,23.236575337624984,24.945081158898475,414406400,25.774268913269044,27.237584381103517,25.62853265435389,26.786316168133965,31.169719283340868,0.6012724580189532
2015-08-26,24.62627410888672,24.67117500740738,23.584557504900065,24.042552150961185,387098400,25.631192111968993,27.159747276306152,25.533079459547494,26.70160863639878,42.29027545231448,5.735470755775984
2015-08-27,25.35143661499023,25.423279088526364,24.70036323508548,25.196527298438387,338464400,25.531301975250244,27.097754440307618,25.51578014101823,26.648660713990605,46.589712194076114,2.944670001223715
2015-08-28,25.434505462646484,25.438994867917884,25.04161655630055,25.18305594595559,212657600,25.447522258758546,27.03483051300049,25.508039695459015,26.601046782565344,40.62411193590354,0.32766919255036164
2015-08-31,25.315513610839844,25.712891876712465,25.14488711155364,25.151622075115288,224917200,25.389752864837646,26.975248222351073,25.489703877876238,26.550633717007482,48.72331580412814,-0.4678363099349214
2015-09-01,24.183998107910156,25.117950345600565,24.103175104002545,24.72955252785661,307383600,25.317871952056883,26.888520927429198,25.36535094740328,26.45782447743504,38.2058070696963,-4.46965256294537
2015-09-02,25.221216201782227,25.221216201782227,24.500546061527817,24.747506117291053,247555200,25.289359092712402,26.825130577087403,25.351623828772702,26.409330035252577,46.14112407203111,4.288861127279087
2015-09-03,24.77894401550293,25.320007305220702,24.704855978054088,25.254899791662,212935600,25.235926628112793,26.74806739807129,25.29708289417558,26.34539332859573,42.560531567952694,-1.753572003589754
2015-09-04,24.531980514526367,24.79689993781752,24.361355722674787,24.464629163909024,199985200,25.165767765045167,26.668791465759277,25.224216000875657,26.27427910059301,39.47155769269139,-0.9966667700691767
2015-09-08,25.214479446411133,25.270606416392713,24.76770924495831,25.08875558176733,219374400,25.082587337493898,26.60651802062988,25.223288709974273,26.23271832984078,44.74277108639221,2.782078403660204
2015-09-09,24.729551315307617,25.598395995423154,24.644237197110613,25.540025161020697,340043200,25.045094585418703,26.54446918487549,25.1762661009584,26.173770603780657,44.002988174569616,-1.9232129385583496
2015-09-10,25.272857666015625,25.432258091115777,24.67342190271092,24.756488740759696,251571200,25.01512279510498,26.48926357269287,25.185465297630518,26.13844068465262,49.90142427632103,2.1969923504908007
2015-09-11,25.641048431396484,25.641048431396484,25.091004731981094,25.097739695285533,199662000,25.00457067489624,26.43619197845459,25.228854167512992,26.118935106093556,61.95867810329032,1.4568624183562973
2015-09-14,25.88800811767578,26.242731047988062,25.78698023721725,26.173134139799274,233453600,24.99727382659912,26.388774642944338,25.291630734195163,26.109879145763447,68.03795741783557,0.9631419204251479
2015-09-15,26.10577964782715,26.161906625643375,25.688194795845646,26.027202221456314,173364800,24.98739528656006,26.347679710388185,25.369168725969637,26.109718381138496,68.3655958503837,0.8412062031249112
2015-09-16,26.13496780395508,26.164153216941944,25.917194847376045,26.099045714562475,148694000,24.98638525009155,26.308554077148436,25.44210197149206,26.110708554582285,61.8644632184991,0.1118072569434414
2015-09-17,25.57594108581543,26.1529263547926,25.531040188275043,25.96658608842649,256450400,24.974149703979492,26.27219398498535,25.454848553808574,26.08973728129731,51.81288830279279,-2.138999069495895
2015-09-18,25.470420837402344,25.661253924694364,25.115699653449383,25.192031518078707,297141200,24.98312978744507,26.244898414611818,25.45633162843655,26.06545036192888,50.288971213372164,-0.4125762100367414
2015-09-21,25.865558624267575,25.901480715538085,25.51757235759737,25.519816203657086,200888000,25.089209651947023,26.211157150268555,25.495305628039507,26.05761147025589,54.23731005116236,1.551359474535996
2015-09-22,25.459205627441406,25.634321580210955,25.261637506072702,25.454714508577585,201384800,25.204607200622558,26.158650360107423,25.49186753274445,26.034144574459244,61.05926629737162,-1.5710196045985225
2015-09-23,25.665746688842773,25.755550204113632,25.436749352118696,25.510835667822036,143026800,25.32337169647217,26.110497856140135,25.508427452372864,26.019697598552717,54.50416708217667,0.8112627881002865
2015-09-24,25.818405151367188,25.93065908680791,25.22795006757825,25.42551637732464,200878000,25.382978248596192,26.059990005493162,25.537949137991372,26.011803777094464,61.18892590401098,0.5947945500092366
2015-09-25,25.75329971313477,26.197826086520696,25.59838872178131,26.14169911433283,224607600,25.403071403503418,26.000625953674316,25.558458716576457,26.001666362821535,63.68214461996718,-0.25216676959990414
2015-09-28,25.243680953979492,25.721882394131143,25.243680953979492,25.560236354400963,208436000,25.39353017807007,25.92610767364502,25.528479882043413,25.97194144482773,50.34031962926277,-1.9788483993581574
2015-09-29,24.484834671020508,25.483896002469564,24.215425836056493,25.3312305392274,293461600,25.351996231079102,25.82546142578125,25.42908510004123,25.91362353212941,47.31918688423748,-3.0060841140497674
2015-09-30,24.76322555541992,25.041614911169574,24.4107481711117,24.73403842806435,265892000,25.38095760345459,25.736283226013185,25.365669905315393,25.86850988598394,44.0730924778046,1.1369931148806467
2015-10-01,24.601581573486328,24.610562097030005,24.091947567755877,24.48708203937909,255716400,25.349975872039796,25.66859085083008,25.29289958799834,25.81882642274874,37.30115677891456,-0.6527581860118814
2015-10-02,24.78118133544922,24.92262240839427,24.14582528150224,24.24909870975107,232079200,25.35008773803711,25.60475849151611,25.244164516326993,25.778134458540915,36.251972309485545,0.7300333981635099
2015-10-05,24.87098503112793,25.00344558357738,24.48707672546084,24.66892757739279,208258800,25.367037963867187,25.54567241668701,25.2086236129747,25.742559971191387,34.15887809304003,0.3623866613261306
2015-10-06,24.989978790283203,25.086517275072055,24.644236349710543,24.837313319288256,192787200,25.35581293106079,25.49669921875,25.187800296527893,25.713046983704793,35.64183419741657,0.47844409462007853
2015-10-07,24.87098503112793,25.093247373806907,24.56341030258716,25.086512410825627,187062400,25.362884616851808,25.442619400024412,25.15762741410885,25.680024946348837,40.063223279587945,-0.4761659069576374
2015-10-08,24.58362197875977,24.738533021535588,24.2940065005901,24.738533021535588,247918400,25.328422832489014,25.384535636901855,25.10296022978989,25.637028751541422,38.10958643463031,-1.155414841866953
2015-10-09,25.17182731628418,25.20774769095534,24.581370420731183,24.695869933660607,211064400,25.3049617767334,25.340987396240234,25.109518999932202,25.618785558001925,41.15616302723459,2.3926715844907687
2015-10-12,25.05508041381836,25.31326483228492,25.01916004177201,25.308775428101356,121868800,25.263315391540527,25.299887008666992,25.104334372683265,25.596679473916296,44.43738507373657,-0.46379987038245307
2015-10-13,25.09774398803711,25.245918344657017,24.848540025992065,24.8799710020284,132197200,25.212913608551027,25.27242385864258,25.10370671700268,25.577113376430837,41.81229905150382,0.17027913506604264
2015-10-14,24.743017196655273,25.037122018260597,24.59708670880229,24.985486156823978,177849600,25.143316078186036,25.254851875305175,25.06935533411245,25.54440372232199,35.35173979802593,-1.4133811849818767
2015-10-15,25.113454818725582,25.167336237244093,24.80587836699943,24.904662394999537,150694000,25.120191764831542,25.24129150390625,25.073555285027986,25.52750376531821,41.95372992348113,1.49714005824797
2015-10-16,24.929363250732425,25.1448906795857,24.81486371535858,25.09549865597895,156930400,25.093138885498046,25.222926902770997,25.05982271033317,25.504047274550143,45.69487600559483,-0.733039596988827
2015-10-19,25.084266662597656,25.0887560666249,24.720563273458872,24.875474261716743,119036800,25.05407428741455,25.20590908050537,25.06215070578693,25.487585289767694,59.837836518024204,0.6213693077807836
2015-10-20,25.542264938354492,25.63206844763822,24.879967268998524,24.99671063206574,195871200,25.058227252960204,25.17919261932373,25.107875870793364,25.489729589712276,62.073744134446294,1.8258388093112643
2015-10-21,25.540023803710938,25.948628187111815,25.526552162529605,25.593905229857302,167180800,25.051941108703613,25.18040496826172,25.149032816785514,25.49170191182987,65.30017974089955,-0.008774220488916296
2015-10-22,25.930665969848633,25.930665969848633,25.61635452461189,25.66799210227932,166616400,25.057554149627684,25.18157241821289,25.22347406945819,25.508916188614922,67.5343333816309,1.5295293737390248
2015-10-23,26.734403610229492,26.76808014090915,26.11700682825398,26.200073662689697,237467600,25.106609344482422,25.199218673706056,25.36737212096022,25.556974518874316,73.34090205387565,3.099564204465177
2015-10-26,25.881275177001953,26.521122466591017,25.800452181173895,26.509898097251355,265335200,25.138489055633546,25.19616527557373,25.41631526915467,25.569692191742067,59.429952189955166,-3.1911257332147946
2015-10-27,25.717378616333008,26.16414882274785,25.591653037433648,25.908209973818003,279537600,25.20011625289917,25.184445838928223,25.44498796888594,25.57548381623583,58.87059502715431,-0.6332630813128737
2015-10-28,26.77705764770508,26.78379432380087,26.0563874628032,26.251709960955072,342205600,25.300807857513426,25.19688362121582,25.571851747821096,25.62260435864639,69.78528515095422,4.120478401710326
2015-10-29,27.05994033813477,27.095862428854197,26.552551940309957,26.649090418043976,204909200,25.42372579574585,25.221669387817382,25.713574470708114,25.678970475489074,68.02399618659612,1.0564367980659517
2015-10-30,26.828697204589844,27.214851112052347,26.817471123126115,27.16321353532255,197461200,25.52610158920288,25.252426948547363,25.819776635839705,25.72405779819891,66.56882142393874,-0.8545589186648828
2015-11-02,27.205869674682617,27.246281168589885,26.853392310603464,27.120557282149267,128813200,25.642845821380615,25.321665115356446,25.951785496681886,25.782168067864937,68.53531648885416,1.4058545862907001
2015-11-03,27.51793670654297,27.72448358951764,27.098106263941776,27.11831286817819,182076000,25.769243717193604,25.408998756408693,26.100942754763892,25.85023742624447,74.58238781810289,1.1470577327316933
2015-11-04,27.38996696472168,27.79857132141872,27.304654569493785,27.64366030440483,179544400,25.89519281387329,25.49098896026611,26.22370696523606,25.910618976772987,71.0723645508404,-0.46504119544276135
2015-11-05,27.263708114624023,27.662789164712937,27.096861554346457,27.47339433072368,158210800,26.029197120666502,25.543737640380858,26.3227546937492,25.9636812959044,71.84153483901382,-0.46096751507688216
2015-11-06,27.295270919799805,27.464372634674213,27.196065750137105,27.306545055534738,132169200,26.135369300842285,25.58261432647705,26.4153752867064,26.015900496841475,71.17625459667119,0.11576857059605317
2015-11-09,27.18478775024414,27.464368730775384,27.0675446681476,27.27272049186438,135485600,26.241854667663574,25.617619972229004,26.488652664186183,26.061739212661188,66.85342352564956,-0.4047703716892559
2015-11-10,26.3280029296875,26.621113190364337,26.167920215690252,26.35731498786991,236511600,26.303367614746094,25.63786975860596,26.473352689472023,26.072180927054376,56.878899610505165,-3.151706860572956
2015-11-11,26.1791934967041,26.47455719824885,25.97627114747097,26.23781589096949,180872000,26.375176429748535,25.677773666381835,26.44533752825603,26.07637749841319,52.26524074137174,-0.5652135233379263
2015-11-12,26.09126853942871,26.33928405341507,26.075485780907535,26.213021985245653,130102400,26.424067115783693,25.695174713134765,26.41161667217724,26.076961460805958,43.25834878849897,-0.3358581588331244
2015-11-13,25.329177856445312,26.057443230948376,25.313395100722527,25.974019110590017,183249600,26.444057846069335,25.706179389953615,26.30852726115515,26.047636613576127,44.10004353760134,-2.9208648166406337
2015-11-16,25.744043350219727,25.757570936007227,25.02705206022718,25.112729637200463,152426800,26.47704668045044,25.73042064666748,26.254766888685108,26.035730995405288,50.27044468999842,1.637895616374485
2015-11-17,25.633562088012695,25.94019995710017,25.55013796826977,25.91088789655169,110467600,26.48161153793335,25.73880229949951,26.195604526716306,26.019959665703617,35.636630747122965,-0.4291527197342493
2015-11-18,26.445253372192383,26.49034647415032,26.041663744960054,26.10028615365863,186698800,26.52687301635742,25.773116340637205,26.219380607237838,26.036637850271806,43.18438965463126,3.1665177137408795
2015-11-19,26.781200408935547,26.99990555589241,26.325753907173436,26.524165955037567,173183200,26.569399738311766,25.803283195495606,26.27288725501857,26.06583638198411,49.485309132817605,1.2703490944670603
2015-11-20,26.898447036743164,27.038236688009743,26.796984974813444,26.875898765075483,137148400,26.57760190963745,25.828431167602538,26.33246437708758,26.098487780209954,46.46980129189617,0.4377945201011091
2015-11-23,26.54897117614746,26.995400492936465,26.456528072899424,26.891683253129298,129930000,26.610986709594727,25.841650428771974,26.35308407223614,26.116153795736917,38.96794687766427,-1.2992417745095852
2015-11-24,26.803741455078125,26.909712110313276,26.40691744083269,26.454265702071364,171212800,26.66530485153198,25.855609664916994,26.396003822982994,26.143118017671867,43.51289754611664,0.9596239238059745
2015-11-25,26.61209487915039,26.88265860028706,26.58729316170808,26.878148258829594,85553200,26.657056713104247,25.8651522064209,26.416583923570364,26.161509267141614,42.89218511322929,-0.7149993453299253
2015-11-27,26.56249237060547,26.697775095987275,26.51514410479836,26.67071820687265,52185600,26.632184314727784,25.8848832321167,26.430479966145136,26.177234094728433,42.038165872874096,-0.18639084510323478
2015-11-30,26.6729736328125,26.923244268894894,26.548965040090113,26.60307709864564,156721200,26.624398136138915,25.908934288024902,26.45357460106584,26.19667486092781,44.439000977337216,0.4159295771856586
2015-12-01,26.456523895263672,26.787963503541896,26.348299770228813,26.774435917960403,139409600,26.58693084716797,25.920753593444825,26.453855486227535,26.206865019137062,51.62213198341036,-0.8114945882245261
2015-12-02,26.217529296875,26.63013788926134,26.17243619483793,26.456525834016308,133546400,26.52191047668457,25.935920066833496,26.431348230098724,26.20728322610718,50.47308662246892,-0.9033484494592181
2015-12-03,25.97402572631836,26.332522297891774,25.753067089919973,26.27841022451549,166278000,26.451113414764404,25.942085647583006,26.387793705929166,26.198135873174284,48.60665633334527,-0.9287815331464722
2015-12-04,26.837570190429688,26.887173637150276,25.953732274909825,25.9943167567547,231108000,26.429806518554688,25.962468948364258,26.430629561595882,26.22321172875293,67.50402833111997,3.3246462185349213
2015-12-07,26.668468475341797,27.024709847148777,26.56249778826831,26.82629778041419,128336800,26.398466396331788,25.9807723236084,26.45328088671454,26.240672777638768,61.37631686797496,-0.6300932382775515
2015-12-08,26.657196044921875,26.74061845965999,26.34830294874675,26.497111568669016,137238000,26.372086811065675,26.009042625427245,26.47270137797238,26.257007023414577,62.912515308197015,-0.04226875806664365
2015-12-09,26.06871795654297,26.535438566581163,25.94696452955152,26.524164432155672,185445600,26.359122562408448,26.040720291137696,26.434226766407676,26.24962313843922,44.966796814248276,-2.2075768486198633
2015-12-10,26.192726135253903,26.366338180957943,26.043917530556215,26.163415792559743,116850800,26.359799194335938,26.069310302734376,26.411226706297793,26.247391883412345,41.66130627733117,0.47569726642353594
2015-12-11,25.518571853637695,26.01685794907438,25.44416669888514,25.97176485417718,187544800,26.331164360046387,26.087650108337403,26.326211958425404,26.218810705774125,33.11246189255682,-2.5738225113911883
2015-12-14,25.360748291015625,25.405841393006796,24.754236264142396,25.293106917837292,257274800,26.3327428817749,26.09924144744873,26.23426303771971,26.185161199313008,34.74223961040198,-0.6184654984897731
2015-12-15,24.91206169128418,25.43289609134729,24.880496178576283,25.23899267317512,213292400,26.291143798828124,26.100062980651856,26.108339099963946,26.135235728409917,26.86158783514223,-1.7692167225617617
2015-12-16,25.10371208190918,25.250267243532736,24.53102246234467,25.042836222258064,224954000,26.26465129852295,26.102337646484376,26.012660336339682,26.094783820704006,31.549968994367617,0.7693076269638999
2015-12-17,24.57160758972168,25.30889031919613,24.57160758972168,25.257031702415023,179091200,26.170969009399414,26.09635009765625,25.875417217614157,26.03505141948901,28.21909838744071,-2.119624740959958
2015-12-18,23.90647315979004,24.693359335575057,23.856869714176423,24.555824854816795,385813200,26.02723264694214,26.082807121276854,25.687898735916622,25.951577762245915,23.00925927648943,-2.7069227257636497
2015-12-21,24.19957733154297,24.208596293921826,23.802751587829373,24.18830319852161,190362400,25.89228916168213,26.06336212158203,25.54615384026199,25.882871863002663,28.305103266601023,1.2260452212830897
2015-12-22,24.177038192749023,24.28751750540266,24.001170952768177,24.215367504458612,131157600,25.773692512512206,26.045801277160646,25.415761873832185,25.8159764249535,29.534123217852837,-0.09313856388957209
2015-12-23,24.488187789916992,24.54229986729605,24.170275679907167,24.18605844081739,130629600,25.65791482925415,26.033610153198243,25.327421484887882,25.76390628240305,35.29674451331904,1.2869632528490937
2015-12-24,24.357406616210938,24.576111739027382,24.33936869016207,24.576111739027382,54281600,25.54518041610718,26.025897941589356,25.235039116442458,25.70874943274846,21.294325004260585,-0.5340581950286416
2015-12-28,24.0845890045166,24.28074757635794,23.94028903909008,24.258199309104633,106816800,25.421285247802736,26.005320625305174,25.125472439116187,25.645056866935445,20.79506919128437,-1.1200601771485963
2015-12-29,24.517498016357425,24.673072173252784,24.093616925342705,24.116163480787502,123724800,25.313511466979982,25.997083320617676,25.067570113139162,25.60083887279513,27.920045788894015,1.7974523532855002
2015-12-30,24.197324752807617,24.5084712473463,24.16575924119607,24.4814160775029,100855200,25.200551509857178,25.979344482421876,24.984689602631395,25.545799103383857,29.556712651868892,-1.3058969693245048
2015-12-31,23.732860565185547,24.131939823006338,23.633653683385177,24.127431201193343,163649200,25.076318073272706,25.943156394958496,24.865467789541313,25.474703474434904,24.9886160092655,-1.919485696732559
2016-01-04,23.75315284729004,23.75766318946608,22.99783223080675,23.135368423920035,270597600,24.96527442932129,25.90741897583008,24.75953303313643,25.407191685135107,29.296760715228388,0.08550289186066706
2016-01-05,23.157915115356445,23.86588746445505,23.09027546402736,23.84334091401202,223164000,24.781291675567626,25.851963958740235,24.60699799334786,25.318984760830062,26.5708091975457,-2.505931468384015
2016-01-06,22.704723358154297,23.08125782495581,22.517585430560796,22.67315784168351,273829600,24.583104419708253,25.77137035369873,24.425828980472282,25.21646470582317,26.545369939884026,-1.9569626840096221
2016-01-07,21.746482849121097,22.57620878020858,21.7419742263192,22.249279441028325,324377600,24.337568759918213,25.688674507141112,24.170653158438835,25.0803869859525,19.324344531169174,-4.220445648764326
2016-01-08,21.861461639404297,22.34622005861296,21.816368553046228,22.21995804065758,283192000,24.12720594406128,25.61155616760254,23.950730156626022,24.9541546194212,23.193485374958072,0.5287236151286345
2016-01-11,22.215452194213867,22.334950445409778,21.947143631587423,22.314659068500887,198957600,23.928342247009276,25.520324058532715,23.785465588777246,24.84675452431503,32.17677715171638,1.619244681112808
2016-01-12,22.53787612915039,22.702469220218045,22.28535028483298,22.670903704702315,196616800,23.779307460784914,25.42988277435303,23.66664754500326,24.75621027352426,32.59338764112741,1.4513498627793053
2016-01-13,21.958417892456055,22.815200473070544,21.938126515429893,22.61904189419429,249758400,23.609190940856934,25.332477188110353,23.503959006665433,24.646492925247077,29.187851045191437,-2.5710418913203026
2016-01-14,22.438657760620117,22.65510935655035,21.586385837336103,22.086926927567212,252680400,23.48552074432373,25.237132949829103,23.402501745137307,24.559911154085235,31.365194626458987,2.187042210946588
2016-01-15,21.899799346923828,22.030571755861573,21.500720046769526,21.6901131464518,319335600,23.325325107574464,25.124770202636718,23.259387231021737,24.455593044000473,29.198473159205633,-2.40147347245514
2016-01-19,21.79382705688477,22.242509734760187,21.53228227890464,22.18839767456103,212350800,23.186436080932616,25.01284740447998,23.119810071580122,24.351210064113584,30.04712525322806,-0.48389616891144627
2016-01-20,21.823143005371097,22.138799924660283,21.06331191567684,21.4420998747855,289337600,23.08226957321167,24.90403610229492,22.996317970036404,24.252070179457018,24.75700847736269,0.1345149175030702
2016-01-21,21.712661743164062,22.06890139601609,21.40602381702413,21.884016915860396,208646000,22.957923793792723,24.79238391876221,22.874064996048563,24.15248553489651,25.769530237145077,-0.506257335067839
2016-01-22,22.86705780029297,22.876076763652687,22.179378615980323,22.23799929753143,263202000,22.89242477416992,24.706029319763182,22.87339764407184,24.102076604127745,42.558095155654875,5.316695257283932
2016-01-25,22.420637130737305,22.891866498657187,22.368778505656337,22.88961132708187,207178000,22.789047241210938,24.62788200378418,22.830277595182835,24.03613780124969,39.328273715507386,-1.952243587497926
2016-01-26,22.544639587402344,22.74530681313795,22.111739620884507,22.531112001008523,300308000,22.69840888977051,24.555190925598144,22.803073975394216,23.977647675216463,44.68746850396953,0.5530728495446668
2016-01-27,21.063310623168945,21.787065805587815,21.04527269284401,21.654039939872764,533478800,22.547344970703126,24.45463176727295,22.63738222756324,23.86335994768519,37.93098031955996,-6.570648239864285
2016-01-28,21.214374542236328,21.311326268055467,20.83107798166302,21.146734883413128,222715200,22.38218879699707,24.37233570098877,22.501857686103534,23.759478167079354,45.560533949157545,0.717189817735564
2016-01-29,21.94714736938477,21.94714736938477,21.272995672044384,21.372202563227233,257666000,22.269679927825926,24.29639778137207,22.44902813213032,23.688406371091332,50.648081146614906,3.4541335436948373
2016-02-01,21.74197006225586,21.80510109054244,21.509737328119584,21.75098902632416,163774000,22.170135402679442,24.218565940856934,22.381689268332753,23.612075535450725,46.336362050507354,-0.9348700479184902
2016-02-02,21.302303314208984,21.65403426236576,21.257208500220127,21.514242919287195,149428800,22.04759292602539,24.115706939697265,22.27889060603525,23.521496232656933,40.609942911347346,-2.022202895082348
2016-02-03,21.72393035888672,21.834409649360104,21.212116661223543,21.419547657269064,183857200,21.975893688201904,24.014561538696288,22.226037249163962,23.451003453293396,48.17414958550453,1.9792556629146363
2016-02-04,21.89848899841309,22.06397523788645,21.578853562616636,21.730737079835706,185886800,21.935581970214844,23.914562377929688,22.19484217766388,23.39012053349417,45.583712111997514,0.8035315739030713
2016-02-05,21.313617706298828,21.971025981954455,21.238810532180526,21.880348680221665,185672400,21.91393871307373,23.809855308532715,22.110916037533876,23.308689050074744,45.24331044098064,-2.6708294447011616
2016-02-08,21.53804588317871,21.694462466550164,21.091461568607453,21.111863054884942,216085600,21.89776792526245,23.704541397094726,22.056356975214335,23.239252063137645,47.96356178287769,1.0529802118649956
2016-02-09,21.533506393432617,21.74886516916045,21.293213049729875,21.374822436180885,177324800,21.86367063522339,23.60296962738037,22.006561681711315,23.17236007609039,47.684883234129046,-0.021076609134906832
2016-02-10,21.370283126831055,21.84180354283645,21.331745849534236,21.74432578115769,169374400,21.805290985107423,23.499125442504884,21.94596372410367,23.10169039180571,47.28618861174348,-0.757996694172125
2016-02-11,21.24107551574707,21.472302714075532,20.989446833197302,21.26147872949399,200298800,21.76942386627197,23.390487480163575,21.878831513783993,23.02872510254851,34.61085908320415,-0.6046134733786457
2016-02-12,21.30681610107422,21.42242969799724,21.084658539407094,21.352155614340887,161405600,21.71283178329468,23.287493324279787,21.824353855430683,22.96119925935344,38.63959918589014,0.3094974417769514
2016-02-16,21.90755271911621,21.95515791409869,21.447367438093213,21.540310419861186,196231600,21.713219451904298,23.20129379272461,21.832277556734066,22.919879787187273,44.07795426782243,2.8194574693480634
2016-02-17,22.243061065673828,22.263462553478085,21.79647671768187,21.914356016111405,179452800,21.73568115234375,23.12667449951172,21.87139979568071,22.89333787653969,63.934756406645974,1.5314734185934764
2016-02-18,21.8214111328125,22.417611528318208,21.782872109976353,22.406276216391262,156084000,21.73559455871582,23.026351318359374,21.866638970645642,22.851301533648428,56.7392979959682,-1.8956470587226493
2016-02-19,21.771533966064453,21.93475273827098,21.717128285170748,21.762466064327935,141496800,21.73853816986084,22.928412628173827,21.85758135116172,22.808957707468664,47.701883880140095,-0.22856985024697352
2016-02-22,21.96195602416992,21.966490840071422,21.744331558086568,21.83274144338526,137123200,21.693283081054688,22.834507827758788,21.86752179621012,22.77574195518244,52.88994572707176,0.874637765084807
2016-02-23,21.46550750732422,21.875820266649303,21.43377070436681,21.85315136875488,127770400,21.645526599884032,22.742443618774413,21.82923472107813,22.724360212129177,52.11249037151151,-2.260493174193323
2016-02-24,21.78513526916504,21.84860885271381,21.15493079032308,21.304548576852696,145022800,21.60755138397217,22.654291801452636,21.825034773276883,22.6875278614247,50.81371341281888,1.4890296059003605
2016-02-25,21.93474769592285,21.93474769592285,21.592441834541333,21.773796368531215,110330800,21.651123237609863,22.58261531829834,21.83548362305269,22.65800707062071,50.485274806962174,0.6867638181231595
2016-02-26,21.96875762939453,22.22038456002593,21.893948734855904,22.034496892385544,115964400,21.688842391967775,22.514775505065916,21.848176385561434,22.6309776807687,60.28466818454569,0.15505048858164283
2016-02-29,21.918888092041016,22.26799458575054,21.909820188753347,21.957425383869325,140865200,21.687429428100586,22.454912033081055,21.854910833797586,22.60305259885781,56.32528803722865,-0.22700208266119848
2016-03-01,22.789382934570312,22.84378861732507,22.08436954854961,22.136509552936793,201628400,21.73980007171631,22.408625450134277,21.94390817672832,22.610359670846538,66.19888651890781,3.9714370495161244
2016-03-02,22.839258193969727,22.87099499007076,22.587629503793217,22.78485250487163,132678400,21.816647815704346,22.373978462219238,22.02917960694179,22.619336083518036,69.51825146051223,0.21885304899482705
2016-03-03,23.00926971435547,23.056874892428365,22.771242094465897,22.80071320198132,147822800,21.880914783477785,22.356034393310548,22.122521521933567,22.634627598452838,73.24195431951873,0.7443828470341085
2016-03-04,23.35158348083496,23.51933536446856,22.97980810114662,23.20650049020174,184220400,21.95356950759888,22.339074516296385,22.23957504182894,22.662743515409,75.055613076026,1.487721126003061
2016-03-07,23.093151092529297,23.31077554829344,22.886860216930476,23.21103035749617,143315600,22.0425461769104,22.317396774291993,22.320867999038498,22.679622243923525,65.85807520808791,-1.1067017725704287
2016-03-08,22.90273666381836,23.068222904039708,22.759921050947963,22.846063554493053,126247600,22.110780715942383,22.28568775177002,22.376284062350866,22.68837182901744,59.17985898700393,-0.8245493564216888
2016-03-09,22.923133850097656,23.027412136271312,22.73044394547889,22.96620422577282,108806800,22.180262088775635,22.257002296447755,22.428364994517228,22.697578182785293,67.2586059975165,0.08906003932500628
2016-03-10,22.93446922302246,23.17703001687174,22.703243740751244,22.98887664316628,134054400,22.258471393585204,22.23399990081787,22.47656539723201,22.706868027500477,68.44017640736047,0.04944949062781756
2016-03-11,23.181570053100582,23.18610314103709,23.009283309569504,23.17703523563797,109632800,22.35549612045288,22.207281341552733,22.543708697790922,22.725483793210284,68.99743602694107,1.077421185008598
2016-03-14,23.240503311157227,23.328914935369426,23.0727514250246,23.10222254293723,100304400,22.452180480957033,22.188144912719725,22.610070089540095,22.74568063705134,82.01157028545954,0.2542246186157726
2016-03-15,23.70749282836914,23.843507929470757,23.542006606852844,23.566942910499492,160270800,22.54217748641968,22.187637557983397,22.714586540857148,22.78339876220106,82.91944596687638,2.009377813206492
2016-03-16,24.02259635925293,24.099670952955726,23.7097597083921,23.71429452538987,153214000,22.631154251098632,22.193026428222655,22.83915890451389,22.83199474639917,83.83562812504637,1.3291305544832932
2016-03-17,23.98405647277832,24.135939964811698,23.79363395852878,23.92058114834464,137682800,22.739286518096925,22.209549255371094,22.948196768158123,22.877173637629728,82.61200493101335,-0.16043181135899642
2016-03-18,24.011255264282227,24.142737253141327,23.845770803757425,24.106465643997225,176820800,22.851272583007812,22.235679893493653,23.049440434455658,22.92164742691022,84.10941100017723,0.1134036335128652
2016-03-21,24.008995056152344,24.40343938307577,23.834440924044944,24.01352814356543,142010800,22.953624534606934,22.28093013763428,23.14082658890296,22.96428851040991,77.7322484950471,-0.009413119410062176
2016-03-22,24.192609786987305,24.32182436755188,23.85030382707832,23.85937172934037,129777600,23.089979648590088,22.327553100585938,23.240996417291946,23.012457972236476,79.00894374224231,0.7647747454881948
2016-03-23,24.05887222290039,24.271963707045124,24.0067339211584,24.13821597433393,102814000,23.203666496276856,22.36442150115967,23.318889351159417,23.053493825203688,72.85350011628293,-0.5528033778267605
2016-03-24,23.954586029052734,24.086068039081677,23.77776622981937,23.909248239848313,104532000,23.30465841293335,22.392755699157714,23.37943189191116,23.08883077437424,64.64776007376074,-0.4334625201109499
2016-03-28,23.84577178955078,24.072464167496427,23.81630067352147,24.029392062238568,77645600,23.398509120941164,22.43050277709961,23.423845215495884,23.118514735753713,69.7152655782525,-0.45425222281020305
2016-03-29,24.410240173339844,24.43517647822734,23.775500697245995,23.77776810574284,124760400,23.523076725006103,22.469934425354005,23.517787592433404,23.169170635266894,83.01903187910771,2.367163406455197
2016-03-30,24.836416244506836,25.031371826883497,24.61879177035917,24.630127081007466,182404400,23.62542839050293,22.528666763305665,23.643371273583256,23.234552816021402,85.58193616675618,1.7458905284858606
2016-03-31,24.70720672607422,24.913497661406872,24.68227042115432,24.8726929560403,103553600,23.718825817108154,22.586934356689454,23.744688935725254,23.292303949748966,81.58346693815801,-0.5202422006483909
2016-04-01,24.93389129638672,24.93615870417239,24.52811177902123,24.65959375818387,103496000,23.815056896209718,22.649149322509764,23.8579463034073,23.35667992412692,81.44850839509134,0.9174836023583044
2016-04-04,25.1900577545166,25.43261853064803,24.997367848918945,25.031372051643565,149424800,23.9069806098938,22.718697242736816,23.984814060655804,23.428577093946124,82.6750132026326,1.0273825897644917
2016-04-05,24.893091201782227,25.10164951845118,24.80468130659051,24.825084521379363,106314800,23.996977615356446,22.7592179107666,24.071316645524988,23.48600901974362,71.07185982354548,-1.1789038184365719
2016-04-06,25.153785705566406,25.158320521597677,24.754806641567157,24.988301240461844,105616400,24.10953006744385,22.813880882263184,24.174408936957505,23.55141202703079,70.50134297556372,1.047256452286316
2016-04-07,24.60519027709961,25.03137131404998,24.509979895896688,24.924825622431,127207600,24.193632888793946,22.85509189605713,24.215435731256754,23.592736664288392,59.500732569314,-2.1809656601526783
2016-04-08,24.63239288330078,24.88401981393905,24.521312380670523,24.68906597379666,94326800,24.27852907180786,22.926473541259767,24.255145936213328,23.633507496406526,59.50077983094035,0.11055637406101049
2016-04-11,24.714008331298828,25.07445019980243,24.670937945025248,24.70267474734305,117630000,24.355150985717774,22.996466217041014,24.29884711669766,23.67588007816701,60.528141694551444,0.3313338187837189
2016-04-12,25.035903930664062,25.04950491834807,24.63239182046813,24.786540959621277,108929200,24.444921016693115,23.058241348266602,24.36904300374208,23.729214346892384,62.093660777149324,1.302482361623114
2016-04-13,25.398616790771484,25.46662347328959,25.1175186980733,25.1175186980733,133029200,24.529477214813234,23.131374282836916,24.467097650125833,23.794681109397448,68.0291850146767,1.4487707778075176
2016-04-14,25.412214279174805,25.477955273883552,25.237661915622667,25.303402910331418,101895600,24.598958110809328,23.21357250213623,24.557108757654305,23.85811378272205,70.1063280641999,0.05353633434188598
2016-04-15,24.902158737182617,25.457556131325564,24.874956757233623,25.414484023705413,187756000,24.644863224029542,23.27713706970215,24.589970660466527,23.89905672211266,63.11942600098067,-2.0071275032895297
2016-04-18,24.364896774291992,24.698133106562672,24.24248268651835,24.684532117763,243286000,24.66254529953003,23.326465225219728,24.568535052259428,23.917324959453026,49.433042330200074,-2.1574915193533495
2016-04-19,24.235679626464844,24.4827734543037,24.081528761460433,24.45556975005868,129539600,24.673879528045653,23.384906463623047,24.536834535517087,23.929809456198587,41.88605089834397,-0.5303414540359874
2016-04-20,24.285554885864254,24.503179370640357,24.04299410006453,24.17447610009353,122444000,24.6785267829895,23.43985664367676,24.512903140312055,23.943760257361948,44.18016538063603,0.2057926997225623
2016-04-21,24.02259635925293,24.24022087794581,23.92058373111425,24.24022087794581,126210000,24.67671298980713,23.489638442993165,24.466207256401663,23.94685186920081,37.5465848708708,-1.0827775105290427
2016-04-22,23.95685577392578,24.138210407482912,23.716562354559656,23.804972262799115,134732400,24.67682647705078,23.54136989593506,24.41769759140396,23.947244179190026,32.22226804917412,-0.2736614491789746
2016-04-25,23.820838928222656,23.95005353312316,23.691624323322156,23.802703120282903,112126400,24.675579833984376,23.59296516418457,24.360853909196216,23.94228711052464,33.790297978548466,-0.5677575011791114
2016-04-26,23.655349731445312,23.870708532203164,23.55560625937674,23.55560625937674,224064800,24.63783531188965,23.63993583679199,24.293663035124702,23.931034664286233,26.676111667941257,-0.6947244690919563
2016-04-27,22.175045013427734,22.37680106115773,21.68992353579321,21.76246501666775,458408400,24.504766750335694,23.64528568267822,24.09188989020118,23.86217232503688,20.678351483462322,-6.257801025236132
2016-04-28,21.497241973876953,22.188652796904996,21.36575995904279,22.127446606289567,328970800,24.34426851272583,23.630369300842286,23.844780564836967,23.76942995832473,17.30501622693356,-3.0566027673916696
2016-04-29,21.25014877319336,21.472308124672463,20.97131804142203,21.306821883011636,274126000,24.160081386566162,23.6189440536499,23.597672775156624,23.67063461773134,15.082215590967778,-1.1494181485413701
2016-05-02,21.22747802734375,21.327223245389547,20.946379911381666,21.302286940878098,192640400,23.96195240020752,23.608062934875488,23.371939942031588,23.5748245553632,9.144049762645224,-0.10668511590943286
2016-05-03,21.576574325561523,21.703521466834793,21.23653585755805,21.354415098808214,227325200,23.796126556396484,23.60035530090332,23.20095274046301,23.496461801253332,8.877835516349265,1.6445490970151688
2016-05-04,21.352155685424805,21.739799445136008,21.268278882746426,21.58111374246276,164102000,23.606045055389405,23.598088264465332,23.02487683045937,23.412371365338487,8.2126681198841,-1.0401032005847743
2016-05-05,21.265491485595703,21.454792185678414,21.137771369904268,21.438827171216985,143562000,23.439060115814208,23.587695388793946,22.857316321424733,23.328179997505437,8.996766899797919,-0.4058803293957802
2016-05-06,21.146892547607425,21.313384577452588,20.94846875170711,21.295140091207248,174799600,23.26478509902954,23.57193828582764,22.694418819156418,23.24263931319571,9.93468100173206,-0.5577060754443974
2016-05-09,21.16285514831543,21.386365304832808,21.117239587761883,21.21075018185487,131745600,23.087227439880373,23.555820236206056,22.548555612409658,23.16107914986707,10.6319964225233,0.07548437990152479
2016-05-10,21.30653953552246,21.34075076977819,21.007765019137445,21.28601383900242,134747200,22.90075922012329,23.543573265075683,22.43026836699183,23.08835210616728,12.729714534977447,0.6789461355759752
2016-05-11,21.09899139404297,21.340747732276988,21.08758707089573,21.32022203867843,114876400,22.685777950286866,23.509765434265137,22.30348008385384,23.01033796059378,12.9086899224543,-0.9741053498315222
2016-05-12,20.60407829284668,21.160576005658577,20.40565624020589,21.146892206181526,305258800,22.44537115097046,23.465061836242675,22.14163229423411,22.915974836368406,11.641019396607163,-2.3456718473093496
2016-05-13,20.645132064819336,20.90741591653148,20.526535072248738,20.526535072248738,177571200,22.232519817352294,23.417779083251954,21.999108462861276,22.8269221786606,12.859844505148075,0.19925070847215398
2016-05-16,21.41145133972168,21.52776883271836,20.902850504560796,21.071623712008055,245039200,22.08484754562378,23.37897644042969,21.943141117800362,22.771413518310055,26.990995882256044,3.71186424236154
2016-05-17,21.3225040435791,21.59847164397407,21.21303018460794,21.56426215058034,187667600,21.939188766479493,23.343563499450685,21.884032825017385,22.714593538908844,37.76762770077035,-0.41541927602808393
2016-05-18,21.566545486450195,21.714793031247805,21.41373725506838,21.475317834318677,168249600,21.803238296508788,23.31683967590332,21.853795935630036,22.669572046655563,51.13574629800157,1.144525250750661
2016-05-19,21.484437942504883,21.58479044200801,21.340752832807443,21.58479044200801,121768400,21.676330375671387,23.288065757751465,21.818618983903832,22.62309619943397,54.05902681168377,-0.38071718067642646
2016-05-20,21.71706771850586,21.764962743499048,21.557415895139833,21.584785226588256,128104000,21.56434097290039,23.26371772766113,21.80894743481831,22.587565670770122,57.90684751242618,1.0827826942623409
2016-05-23,21.993040084838867,22.166375741727613,21.81970442795012,21.86531999031862,152074400,21.472951030731203,23.2399471282959,21.8264800681536,22.564250941910075,56.888601444931716,1.270762562930372
2016-05-24,22.328306198120117,22.371638805602565,22.086548077179312,22.17321677225564,140560800,21.406598854064942,23.221703186035157,21.874273032912317,22.554998206859487,65.57500276938175,1.5244191434560683
2016-05-25,22.720590591430664,22.747958186847455,22.376200515305563,22.503920600732343,152675200,21.43387613296509,23.201965141296387,21.95487470515216,22.56149202586228,71.15382162479021,1.7568927523198052
2016-05-26,22.90077018737793,22.973753348456786,22.49708071824189,22.73427642676213,225324800,21.504052543640135,23.179528617858885,22.044959989173663,22.57479705180407,75.04888353759358,0.7930233821264343
2016-05-27,22.8870849609375,22.914454299236763,22.636205450056355,22.679539800682896,145364800,21.585899353027344,23.15758918762207,22.125162367436886,22.58704363647597,74.64148273092982,-0.059758804304199664
2016-05-31,22.775333404541016,22.898492835892128,22.53813765601918,22.71603403239653,169228800,21.663292121887206,23.132870750427244,22.18708341858966,22.59442754894911,71.18432570456147,-0.4882734371249864
2016-06-01,22.45602226257324,22.70234102539363,22.42637345855159,22.583742329196227,116693200,21.707264518737794,23.101811294555663,22.212696641826188,22.58899989065986,68.96108776240635,-1.4020042486144746
2016-06-02,22.287254333496097,22.314621931348405,22.03865429931745,22.25988499558797,160766400,21.754019451141357,23.06370418548584,22.21979737436618,22.577166731555398,75.87656459750494,-0.7515486362801749
2016-06-03,22.332868576049805,22.41269363804458,22.22567417563289,22.303219764467705,114019600,21.807388305664062,23.02918411254883,22.23056606024081,22.56758641173165,75.9103436401565,0.2046651501847574
2016-06-06,22.494802474975582,23.238319722918742,22.24848536134896,22.348836133546456,93170000,21.87478380203247,22.999988441467284,22.255731433072693,22.564732139702002,70.42137962277177,0.7250922485588784
2016-06-07,22.586027145385746,22.77760901594213,22.570062134510685,22.63620339100898,89638000,21.945942401885986,22.974793548583985,22.287188167578698,22.56556723796411,73.79722444146852,0.40553665901998937
2016-06-08,22.56550407409668,22.70690797542668,22.506204709637323,22.583748560036888,83392400,22.008890628814697,22.93789882659912,22.313694444389935,22.5655647609497,70.54412258487648,-0.09086622962488633
2016-06-09,22.727436065673828,22.8049799182945,22.456029101389618,22.465152214648977,106405600,22.09031286239624,22.89571922302246,22.353098408321735,22.57191265525261,74.75030895682352,0.71760857211709
2016-06-10,22.540414810180664,22.6590117930549,22.46058975054841,22.47199233617828,126851600,22.18712968826294,22.85238338470459,22.37093806564163,22.570677445641948,66.69758590144784,-0.8228876101674776
2016-06-13,22.20058822631836,22.60655895578492,22.14585128416512,22.508487658563357,152082000,22.26490249633789,22.79771732330322,22.354714271420367,22.556164142923375,54.10284195753994,-1.5076323427234306
2016-06-14,22.227954864501953,22.4605898854628,22.066023531116475,22.196024840457255,127727600,22.305727672576904,22.73847526550293,22.342641946951947,22.543293190828418,47.74128182782173,0.1232698787284825
2016-06-15,22.154970169067383,22.444623318622153,22.129882046190804,22.31005959227909,117780800,22.347350978851317,22.683712844848632,22.324768444296275,22.528064837033867,35.1318612999619,-0.32834642628830624
2016-06-16,22.24848175048828,22.294095572260883,21.910933553181433,21.997600510571683,125307200,22.381447792053223,22.62560676574707,22.31750304488599,22.517100794424238,32.03512004883271,0.42207947339716334
2016-06-17,21.74216079711914,22.043216551506703,21.73531889771012,22.036374652097685,244032800,22.394333934783937,22.56834617614746,22.26270854509867,22.48671099060835,25.197586323159,-2.2757550786944303
2016-06-20,21.689706802368164,22.024973847454927,21.673741787842893,21.89497251773313,137647600,22.392965888977052,22.509492454528807,22.208136950552905,22.455455924402855,25.86201193369041,-0.24125474574692163
2016-06-21,21.874441146850582,21.97479189497669,21.59391111854967,21.65321047429848,142185600,22.387035942077638,22.452701110839843,22.17635639781935,22.432671031165512,36.24593805087785,0.8517143461904686
2016-06-22,21.792335510253903,22.097951929355492,21.74671995064911,21.9519856187315,116876400,22.360237407684327,22.38782974243164,22.139782979955974,22.40755983426702,37.7951726304816,-0.3753496422856051
2016-06-23,21.91777229309082,21.96110663556737,21.72391096841788,21.881281588943867,128960800,22.320096492767334,22.318212852478027,22.118639105016435,22.38835247971109,40.15134784843859,0.5756004572244899
2016-06-24,21.301984786987305,21.589356798754523,21.130930308087603,21.190229681321888,301245600,22.240157222747804,22.23600826263428,22.040862503299376,22.345749825094472,26.713965067596618,-2.8095351017841885
2016-06-27,20.99180030822754,21.222154099445905,20.868640907181753,21.2107497745126,181958400,22.145392990112306,22.157801094055177,21.94095181805444,22.292653765609494,21.328809977909174,-1.4561294727299168
2016-06-28,21.345312118530273,21.36127886972703,21.014607570584744,21.187943220155887,161779600,22.07389192581177,22.09740940093994,21.884224227623566,22.255503112782858,30.40279328171391,1.6840471284598646
2016-06-29,21.53005027770996,21.564261510143265,21.3544334299116,21.431979006097457,146124000,22.027593326568603,22.043296813964844,21.850493375250842,22.227053981995684,30.90893277353345,0.8654741526094245
2016-06-30,21.80374526977539,21.84251720315586,21.507251865031705,21.539181897234005,143345600,22.003417873382567,21.993660621643066,21.846041174729372,22.21045364033999,38.57046722865339,1.2712231905412041
2016-07-01,21.869876861572266,22.00215935928205,21.742156789331357,21.778647492804986,104106000,21.980268287658692,21.950606231689452,21.84831124014298,22.19709768823145,44.392751855306166,0.3033038176635916
2016-07-05,21.664615631103516,21.75812623165836,21.543737432381075,21.755845018459116,110820800,21.93875894546509,21.90476142883301,21.83081642023446,22.176216038932317,40.991927406436844,-0.938556864165141
2016-07-06,21.787778854370117,21.817429410979575,21.52321549882012,21.575671231188004,123796400,21.898846530914305,21.86410022735596,21.826717604437857,22.160983208165174,44.221165864792916,0.5684994618126549
2016-07-07,21.88128089904785,22.009000969618565,21.80829775299952,21.82654223447001,100558400,21.864635372161864,21.828618850708008,21.831914108686426,22.150014490160572,44.22099842886706,0.42914904407054255
2016-07-08,22.05006217956543,22.0979572235834,21.906377047511516,22.006727822572746,115648400,21.830766677856445,21.826119194030763,21.852690115436808,22.14609479170586,55.42177819842562,0.7713500927860384
2016-07-11,22.118484497070312,22.271292742068407,22.061466339379432,22.066027026370023,95179600,21.809670162200927,21.83854404449463,21.87800386606857,22.145012035053487,57.50804398693191,0.3103044197684479
2016-07-12,22.218828201293945,22.282688239178366,22.150407477870147,22.161810061746348,96670000,21.810582160949707,21.85791763305664,21.910463326566227,22.14790678667076,56.21398423497221,0.4536644643846399
2016-07-13,22.093395233154297,22.275852284355423,22.08655159293596,22.21655465624445,103568800,21.803854179382324,21.875235977172853,21.927885412907948,22.14576907868972,55.348574635119654,-0.5645345785262545
2016-07-14,22.531288146972656,22.57690196241551,22.196021209295587,22.211986218706137,155676000,21.82267007827759,21.894330253601073,21.98535233996173,22.160887473524348,59.81045146028747,1.9820082391014182
2016-07-15,22.529008865356445,22.6476075797629,22.4651488222402,22.560938886914567,120548000,21.836696434020997,21.917867317199708,22.037129151904082,22.175323606537372,74.41022862320655,-0.010116073263732872
2016-07-18,22.768491744995117,22.836912491988333,22.48796163616017,22.510768551824576,145975600,21.888012981414796,21.947927322387695,22.106782732198468,22.198585102163168,86.36828600565651,1.062997848995173
2016-07-19,22.777612686157227,22.807261499686675,22.65673273856188,22.706908992270144,95119600,21.942408275604247,21.98054172515869,22.17067129924216,22.221292066241368,84.13087704052228,0.04005948775291923
2016-07-20,22.798133850097656,22.912170134906106,22.74795760637304,22.807256961689006,105104000,21.988592910766602,22.013247299194337,22.230429637418872,22.243913312667104,82.78344242393162,0.09009356785183442
2016-07-21,22.67725372314453,23.03532755715351,22.608831262101095,22.768483091183953,130808000,22.032838821411133,22.04066158294678,22.27298431224989,22.260907054254453,74.52000813817769,-0.5302193931658428
2016-07-22,22.50164031982422,22.647606623657907,22.42181352924326,22.63848351216135,113254800,22.062032222747803,22.068714561462404,22.294761074876014,22.270347574472876,66.70715344961513,-0.7744033094319591
2016-07-25,22.20058822631836,22.54269715987412,22.10479814253619,22.40813514790241,161531600,22.106962394714355,22.100644760131836,22.285792232156236,22.267611913760934,63.49045407934002,-1.33791176655077
2016-07-26,22.047775268554688,22.3442703102066,21.99075712516437,22.08198650260001,224959200,22.159761142730712,22.12869762420654,22.26312394990847,22.258990868850887,56.44788214603651,-0.6883284181745886
2016-07-27,23.48007583618164,23.799377856316067,23.434462007615014,23.78113162886701,369379200,22.266499328613282,22.170070114135743,22.37902412955353,22.30687655384425,73.82749851758405,6.496349632471765
2016-07-28,23.79709243774414,23.82218056103933,23.450422877751297,23.45270409079332,159479200,22.37985143661499,22.219561882019043,22.514078254143115,22.36531639242856,74.93497746738528,1.3501515232501538
2016-07-29,23.76744270324707,23.844988283156116,23.64656451756051,23.762882017396254,110934800,22.478036308288573,22.26357982635498,22.633446296914922,22.420301737950854,73.79861623052474,-0.12459393757719983
2016-08-01,24.18709945678711,24.20990636833348,23.813060539248017,23.813060539248017,152671600,22.593897438049318,22.317633056640624,22.7814132645218,22.489587923003256,76.00978951533834,1.7656790374115605
2016-08-02,23.829025268554688,24.19165985598927,23.719549658353124,24.18709916975644,135266400,22.702117919921875,22.3598722076416,22.881185836334456,22.542114877730764,71.60703719287315,-1.4804345964350096
2016-08-03,24.12779998779297,24.139202573487715,23.895164966905853,23.90428807949513,120810400,22.819118976593018,22.402567405700683,22.99991099361622,22.604298607537125,70.5882758064294,1.2538268597690028
2016-08-04,24.27684783935547,24.3066572608997,24.14155515807838,24.21034828408122,109634800,22.938897323608398,22.44153823852539,23.121524026543767,22.669888773490786,71.71765959453714,0.6177432324451892
2016-08-05,24.64603614807129,24.68501810644561,24.34793490871959,24.368571798629993,162213600,23.06869602203369,22.480047149658205,23.266715657165435,22.74738474896453,72.60081552435093,1.520742359794025
2016-08-08,24.85012435913086,24.85012435913086,24.57266171299719,24.655211035858382,112148800,23.20527801513672,22.51903423309326,23.417516485924047,22.8298451258338,73.82922236759521,0.828077220342549
2016-08-09,24.951013565063477,24.98082473744984,24.76756813648853,24.818016197928273,105260800,23.341887283325196,22.56031280517578,23.563563826794468,22.91302820188202,74.30410900501487,0.40599074867626594
2016-08-10,24.765275955200195,24.971653604723272,24.710242498488057,24.928084503856724,96034000,23.47548131942749,22.600111656188965,23.678012600928348,22.985665368678813,73.23172752927614,-0.7444090773264245
2016-08-11,24.749223709106445,24.97853181286932,24.730878640929735,24.884514650575184,109938000,23.58637809753418,22.64597568511963,23.780032706469118,23.05482451928382,75.92762502733842,-0.06481755391213317
2016-08-12,24.80655288696289,24.86617348896816,24.714829287604516,24.714829287604516,74641600,23.7002552986145,22.696361656188966,23.87779653318281,23.123519749388883,81.8529446598112,0.23164030730931096
2016-08-15,25.104658126831055,25.11841605659682,24.78362635293126,24.797384282697028,103472800,23.8170636177063,22.75179744720459,23.994640494482642,23.20121145046505,86.08294980676204,1.2017197279547531
2016-08-16,25.081716537475582,25.276629800218757,25.042734584719657,25.1390435560514,135177600,23.932268810272216,22.80353572845459,24.098171546196255,23.274956747994874,78.33206359017674,-0.09138379514896933
2016-08-17,25.04503059387207,25.079427158262995,24.843238349169017,25.017512992462944,101424000,24.044613647460938,22.852715797424317,24.188348598355855,23.344371408617512,74.50569420796089,-0.1462656814125829
2016-08-18,25.0129337310791,25.132173200780876,24.999174052261015,25.04733030390077,87938800,24.161397647857665,22.901664390563965,24.266880515758068,23.409805225184634,74.4341568405581,-0.12815661243720244
2016-08-19,25.077138900756836,25.152811008553797,24.84783075554105,24.94184618534872,101472400,24.290172576904297,22.948658447265625,24.344047980996045,23.4751908595208,70.2907354438779,0.2566878814297402
2016-08-22,24.88221740722656,25.01750831921485,24.730873251970223,24.962474876158733,103280800,24.42425403594971,22.995494499206544,24.39530221206562,23.530368371195536,75.93988000052602,-0.7772876096498904
2016-08-23,24.96018409729004,25.067959174544544,24.886805581848098,24.900563506780394,85030800,24.569874477386474,23.050686416625975,24.4491004868489,23.586439576140418,73.0034968389292,0.3133430143602789
2016-08-24,24.772153854370117,24.937255966895645,24.691896368970756,24.895980438764266,94700400,24.6344783782959,23.10157039642334,24.47986747423187,23.632938175286682,63.399411150979965,-0.7533207374874173
2016-08-25,24.666671752929688,24.73775670267158,24.462587687976196,24.625396225777187,100344800,24.677957344055176,23.151804428100586,24.497658357917377,23.673476746958958,50.651157807814855,-0.42580916484104003
2016-08-26,24.522212982177734,24.75381294329641,24.377747734717087,24.629988087590515,111065200,24.71569585800171,23.197279052734373,24.49999689356122,23.706760520889105,39.2481187960295,-0.5856435444510089
2016-08-29,24.49468994140625,24.63686158607705,24.37315693442919,24.44882902350309,99881200,24.731075382232667,23.252329635620118,24.499491469546463,23.73765971385056,34.28135549122702,-0.11223718182159503
2016-08-30,24.306659698486328,24.421313753667867,24.19200564330479,24.26079877620653,99455600,24.754957103729247,23.30466869354248,24.481126538969306,23.75997343873824,34.22729509003254,-0.7676367546178731
2016-08-31,24.329587936401367,24.43736301834071,24.22410642521104,24.228693566709076,118649600,24.765046501159667,23.353771629333497,24.466694291105693,23.78231126217601,35.635846075499856,0.09432903656634295
2016-09-01,24.474056243896484,24.490107742203424,24.219524092542073,24.338763544324756,106806000,24.77490692138672,23.407406044006347,24.46739542946672,23.809438516361126,39.25936149133232,0.5937967707170477
2016-09-02,24.70336151123047,24.765273926274116,24.494690307841104,24.69648079890837,107210000,24.77777318954468,23.46311782836914,24.489868389634697,23.844494320081495,36.4339185886814,0.9369320109786416
2016-09-06,24.69648170471191,24.834067964489712,24.65291435529878,24.74234437446517,107521600,24.77009105682373,23.531007766723633,24.50954584821348,23.877905590067,36.833919147249695,-0.027849677524371952
2016-09-07,24.847829818725582,24.93955342325019,24.55202211261192,24.72629678626044,169457200,24.764931869506835,23.608128356933594,24.54176336921463,23.915941834328123,43.750151123147155,0.6128326934309758
2016-09-08,24.196592330932617,24.59788154554817,24.13238633651127,24.593296152867563,212008000,24.736497688293458,23.66515396118164,24.508889936997296,23.92694773615575,31.419633461486427,-2.6209028818371283
2016-09-09,23.64854621887207,24.24245517027927,23.64854621887207,23.99480197626819,186228000,24.68146381378174,23.70752388000488,24.426952440032988,23.916030029595607,23.35337479187723,-2.2649722926477156
2016-09-12,24.178247451782227,24.242453442063752,23.510960018180626,23.53847762093643,181171200,24.650048542022706,23.75501392364502,24.403266250675774,23.92631306575979,38.327110246366,2.2398892008314686
2016-09-13,24.753807067871097,24.946426768938736,24.5909985375121,24.65291270015171,248704800,24.63250598907471,23.812692527770995,24.436651090408663,23.958763810940624,47.062665630736554,2.3804852574062174
2016-09-14,25.62976837158203,25.91869709905094,24.902862034921174,24.932673210851508,443554800,24.65990858078003,23.891995582580567,24.55028130766327,24.024293401554015,60.20743728595317,3.5386932656830794
2016-09-15,26.501140594482425,26.537830735145132,26.024179262760363,26.10902390093123,359934400,24.732714080810545,23.986262817382812,24.736077430217474,24.121424664021795,68.46723788077315,3.399844314888778
2016-09-16,26.35208511352539,26.629547690703955,26.15029462543604,26.397947780919704,319547600,24.79967164993286,24.07567890167236,24.889982923865848,24.208901544394486,68.40393116471648,-0.5624493044954715
2016-09-19,26.044816970825195,26.64101773936924,25.96914487053204,26.414003187971904,188092000,24.84805555343628,24.15557399749756,24.999967118814357,24.280898227783926,64.75984891328784,-1.1660107402373554
2016-09-20,26.042526245117188,26.168646426052177,25.799460168568665,25.92328677817329,138057200,24.90607099533081,24.234054832458497,25.099258464176533,24.349981679444053,67.13447099490159,-0.008795322733790023
2016-09-21,26.037933349609375,26.138827715804265,25.7834012392299,26.10672472435837,144012800,24.959958457946776,24.310436935424804,25.188656072312995,24.416175862587792,66.92407431691674,-0.017636136619714193
2016-09-22,26.28329086303711,26.356669373363477,26.14111923388154,26.22137670619449,124296000,25.035515308380127,24.39423484802246,25.29290700476291,24.489396058683845,67.57229100022154,0.9423079402398615
2016-09-23,25.845314025878903,26.3222752621018,25.57931755726196,26.237430640918873,209924800,25.09444742202759,24.460515365600585,25.345517197250146,24.54256931229934,60.65920910858959,-1.6663698600016041
2016-09-26,25.884294509887695,26.001242116337615,25.57931610405971,25.59995299076642,119477600,25.162551498413087,24.52762107849121,25.396829322263248,24.59518598671457,61.021231350362605,0.15082224951787904
2016-09-27,25.932449340820312,25.953087977283975,25.760468284710765,25.91181245383842,98429600,25.23443946838379,24.590900230407716,25.447840752602016,24.64762768687558,60.26022381297606,0.18603880014664842
2016-09-28,26.129655838012695,26.28787897802316,26.010416402434487,26.070036994964525,118564400,25.32558927536011,24.657941093444823,25.512775522641128,24.705746437900565,70.00469778256762,0.7604622864603838
2016-09-29,25.723783493041992,26.09526325590385,25.636647042263935,25.948506207497637,143548000,25.39529905319214,24.71645408630371,25.532871519822162,24.745669459670818,72.1271308118133,-1.5533015340380096
2016-09-30,25.92328453063965,25.996663061508404,25.63664937107699,25.787991825595345,145516400,25.467760467529295,24.781374702453615,25.57005371132859,24.791850442846066,70.01579557636344,0.7755509124527382
2016-10-03,25.801746368408203,25.92328112968327,25.74671291484719,25.845315466780058,86807200,25.522679710388182,24.847376823425293,25.592119678669505,24.831454204632816,63.41747532983094,-0.4688378206388011
2016-10-04,25.91181755065918,26.212210627916615,25.826972916476205,25.925575478019944,118947200,25.583446502685547,24.92160140991211,25.622567095049472,24.873821394673065,54.49231862880611,0.4266036131017392
2016-10-05,25.92328453063965,26.0631626284648,25.84073346472703,26.00354202542076,85812400,25.63721923828125,24.99911159515381,25.651206850819964,24.914976811769794,37.324010252488,0.04425386199964354
2016-10-06,26.115901947021484,26.219089902414694,25.941627283963353,26.072332843886414,115117200,25.733184719085692,25.051828117370604,25.69546352664868,24.962071915112997,44.916189465836155,0.7430285932871428
2016-10-07,26.15488052368164,26.269534570163824,26.028762122240384,26.21220754692273,97433600,25.858501434326172,25.098983879089356,25.739217526366104,25.00884872329216,52.67845953184397,0.14925227066340252
2016-10-10,26.611207962036133,26.771722945858713,26.30622774329111,26.375019129437028,144944000,25.980149459838866,25.155859184265136,25.822264234525154,25.07168634049781,61.33445251134571,1.7447123795550024
2016-10-11,26.668537139892575,27.216583449562872,26.64560492651477,26.989567133394814,256164000,26.07588596343994,25.205487937927245,25.902861654083956,25.134307940474073,62.309851813239916,0.2154324521390638
2016-10-12,26.90700912475586,27.053767904700837,26.7717181980246,26.909302695398605,150347200,26.13974800109863,25.26704761505127,25.9984947465289,25.20382563397532,62.20825960023592,0.894207221087373
2016-10-13,26.8244686126709,26.92995015352574,26.535539848905316,26.780899503596064,140769600,26.155914402008058,25.32098098754883,26.077158924256707,25.267380260590834,72.26305988434778,-0.30676212172916495
2016-10-14,26.9735164642334,27.097343072460703,26.858862391743187,27.030843500478504,142608800,26.186985969543457,25.374914360046386,26.162526309016393,25.334287562694463,73.58517683947248,0.5556413948572869
2016-10-17,26.95516586303711,27.021663667579364,26.77859765937409,26.904717804847675,94499600,26.232503414154053,25.421096954345703,26.2380157903517,25.39785141760986,72.43468728556844,-0.06803192020077287
2016-10-18,26.936824798583984,27.106512315401456,26.932237656531512,27.09963335180484,98214000,26.277218341827393,25.462830963134767,26.304569029230965,25.458203314902963,69.21415164500478,-0.06804285511102792
2016-10-19,26.856565475463867,27.00332252045422,26.09526264852068,26.886374898843105,80138400,26.318149948120116,25.500942001342775,26.357140119348383,25.513041046689665,81.91220468379242,-0.2979539114956742
2016-10-20,26.842811584472656,26.91619012278123,26.675417614026067,26.796950654085677,96503200,26.346125984191893,25.542492713928223,26.403394544598314,25.56518891091645,78.93242816659325,-0.051212397220989914
2016-10-21,26.737321853637695,26.808408548286152,26.663943337809673,26.785476340635917,92770800,26.390726375579835,25.58225467681885,26.435197145459206,25.611154908670226,79.73770778037391,-0.3929906168844921
2016-10-24,26.978099822998047,26.998736713400326,26.82904919976958,26.851979661155024,94154800,26.44541664123535,25.625685615539552,26.486902162367667,25.664760591585043,81.2921701145359,0.9005313646534674
2016-10-25,27.11568069458008,27.140904723556837,26.900130537681154,27.04688757019222,192516000,26.50457820892334,25.665906066894532,26.54678583210218,25.721659419153475,82.58150862486805,0.5099724312857212
2016-10-26,26.505725860595703,26.530949894810167,25.98290360502716,26.21221173462615,264536800,26.52338171005249,25.694386253356935,26.542875358625373,25.752407122739445,58.673532612109135,-2.2494542580533405
2016-10-27,26.251190185546875,26.56763471116466,26.16405199409308,26.459859631934027,138248000,26.549752044677735,25.71850944519043,26.51509581833218,25.77196724284954,51.95531894460639,-0.9603044881228096
2016-10-28,26.076915740966797,26.41858429821849,26.015001578224215,26.111312303659133,151446800,26.557433605194092,25.739789085388182,26.47336438239262,25.78392600748159,37.74956945524394,-0.6638725457713823
2016-10-31,26.035640716552734,26.19386385829256,25.957675056317935,26.060864746380297,105677600,26.56912832260132,25.758959121704102,26.431676414217392,25.793797172543204,35.3811166074253,-0.15828184906553355
2016-11-01,25.56555938720703,26.088381571364735,25.345423822797574,26.017296620732647,175303200,26.55181541442871,25.77262596130371,26.349189078311642,25.784846671157474,22.009548431465646,-1.8055300980046152
2016-11-02,25.588491439819336,25.762766095213102,25.505942128824454,25.54492408808244,113326800,26.535075759887697,25.7851921081543,26.27674168416952,25.77714646600696,23.552421066379424,0.08969900585777957
2016-11-03,25.314212799072266,25.689903381308593,25.24967716614471,25.57927137013682,107730400,26.494991302490234,25.79603328704834,26.18507226654121,25.75899220455854,16.300144800993635,-1.0718828086920928
2016-11-04,25.08603286743164,25.411018161450443,24.91777949155612,25.014582948234988,123348000,26.441548919677736,25.804420509338378,26.080401847578393,25.732601642318272,15.019975041906278,-0.9013905881718243
2016-11-07,25.447895050048828,25.4709432394356,25.22893285471415,25.371834442454755,130240000,26.38338327407837,25.8229341506958,26.02016310495653,25.72143667791555,25.309896182564913,1.4424846867157726
2016-11-08,25.59770774841309,25.74982895521074,25.28424746634279,25.424843699850676,97016800,26.329841804504394,25.84499450683594,25.979929261476205,25.7165845630331,29.59572576326994,0.5887036946262914
2016-11-09,25.55621910095215,25.65763323403363,24.903946791576512,25.325733713740757,236705600,26.262302303314208,25.869985694885255,25.939575912854867,25.710295721382867,29.332007238370565,-0.16207954192114515
2016-11-10,24.844018936157227,25.604619623290308,24.3922678093746,25.604619623290308,228538000,26.163279819488526,25.88027431488037,25.835237153169377,25.676324082746568,24.547142234416356,-2.7867978513628655
2016-11-11,24.991533279418945,25.09294742335034,24.558221338150155,24.689597952577575,136575600,26.064180660247803,25.89062385559082,25.754884403288383,25.649469541439604,22.606418653241235,0.5937619981726483
2016-11-14,24.36462020874023,24.848639371582227,23.98892950431517,24.82559117496398,204702000,25.93465337753296,25.883849029541015,25.622478289521894,25.599083293098452,16.575238088175624,-2.508501834079102
2016-11-15,24.68729591369629,24.81867254572557,24.46833544646895,24.562833563595227,129058000,25.822176933288574,25.8836653137207,25.533413301348027,25.563326925278762,26.248451036304758,1.324361726928558
2016-11-16,25.35109519958496,25.406412975962784,24.569749632509343,24.592797826767857,235362000,25.74690341949463,25.89373062133789,25.516049672608688,25.555004112506456,39.378877626027524,2.6888294619598296
2016-11-17,25.341875076293945,25.43406960999568,25.083732492086455,25.30960725326801,110528000,25.671856594085693,25.916636276245118,25.499461615816806,25.546646111086357,40.97496841954399,-0.0363697237473426
2016-11-18,25.367225646972656,25.477859426154385,25.275032882529526,25.288861445503144,113715600,25.60335178375244,25.95100986480713,25.486867714022125,25.539610014454446,41.76079643612517,0.10003431317686662
2016-11-21,25.752134323120117,25.812059260577815,25.355699156730868,25.38105269121837,117058400,25.542053508758546,25.98248760223389,25.512131200602887,25.54794430106879,52.34913802419669,1.5173463645733687
2016-11-22,25.768266677856445,25.911166490759495,25.676072172408844,25.802838078743356,103862000,25.474682807922363,26.002776794433593,25.536525055579418,25.556584394276147,52.26740644729206,0.06264472891415185
2016-11-23,25.636890411376953,25.701426038487547,25.429453211047218,25.6668528786886,109705600,25.431241035461426,26.00291923522949,25.54608366089347,25.559733649848727,54.221944046813306,-0.5098374218254542
2016-11-25,25.765966415405273,25.784405671825745,25.572357739918893,25.613845187632812,45903600,25.406979846954346,25.98821575164795,25.56702487560888,25.567821209282318,59.13317103690199,0.5034776135370844
2016-11-28,25.71525764465332,25.92269486955125,25.673770199673733,25.682989827276327,108776000,25.388896942138672,25.975479202270506,25.58114228218454,25.57360303027726,53.91892035456618,-0.19680523499260305
2016-11-29,25.68990135192871,25.821277953857138,25.369526800586335,25.533171216429537,114115200,25.37160997390747,25.96838088989258,25.591500288826843,25.578163748773395,51.40251673061785,-0.09860407807300575
2016-11-30,25.47325134277344,25.86046697188614,25.41562997986062,25.722176052588267,144649200,25.36699457168579,25.9569953918457,25.580238484440805,25.574049536773398,48.801695625895704,-0.843327524646198
2016-12-01,25.235843658447266,25.57004851312999,25.129820595105677,25.438671917417164,148347600,25.349362182617188,25.94095359802246,25.547438977203324,25.560786561152767,56.55863788595199,-0.9319881515381323
2016-12-02,25.330350875854492,25.374141914853848,25.08834045408502,25.162095726491955,106112000,25.350169086456297,25.92189479827881,25.526763919932005,25.551749867611658,55.773826239806944,0.3744959696466932
2016-12-05,25.148269653320312,25.360315862684946,24.950052009381544,25.353401579972008,137298000,25.35328092575073,25.907953910827636,25.490716846921366,25.535927114110038,65.74067263103376,-0.7188262943003454
2016-12-06,25.341875076293945,25.43637495691595,25.166707396571567,25.23815732491979,104782000,25.347979927062987,25.897105522155762,25.476541440194946,25.528317230274112,63.867145514759,0.7698558415452306
2016-12-07,25.590797424316406,25.6276759377741,25.15979078868156,25.18283898036046,119994800,25.347634410858156,25.890272483825683,25.48742296249223,25.530767433962048,56.1610512413484,0.9822570242851381
2016-12-08,25.842025756835938,25.913475673866735,25.49168693595472,25.551613637138335,108273200,25.361924743652345,25.88451988220215,25.52119465719163,25.5429736427022,61.433002465161174,0.9817135759935924
2016-12-09,26.26380920410156,26.436673244738817,25.885813309251876,25.885813309251876,137610400,25.43291425704956,25.89532039642334,25.591919852135433,25.57124170393355,67.35047164309555,1.6321609274537963
2016-12-12,26.11400032043457,26.505824854021338,25.92730592353313,26.111694973729435,105497600,25.489037609100343,25.899134712219237,25.641641801497254,25.59252635556104,57.703720908324605,-0.5704004415459818
2016-12-13,26.54961204528809,26.717865391499608,26.217712528374275,26.23845536894942,174935200,25.598287200927736,25.914092025756837,25.728115158048762,25.630059127707202,64.11326719465532,1.6681156448966172
2016-12-14,26.54961204528809,26.78240101790753,26.501210325482145,26.515038885865575,136127200,25.691403007507326,25.926847915649414,25.80635295683346,25.666120026435866,67.30771873858438,0.0
2016-12-15,26.69482421875,26.904566818149384,26.558838650012337,26.593410060054524,186098000,25.758589458465575,25.94227870941162,25.890969267492178,25.706461367310933,67.50656960546422,0.5469464985560224
2016-12-16,26.729393005371097,26.85154999006606,26.65563774526484,26.84463570919112,177404400,25.827965354919435,25.954548530578613,25.97081914729017,25.74657633350937,69.23083043923931,0.12949621371478592
2016-12-19,26.88382148742676,27.05438022006357,26.67868958721731,26.69021456256297,111117600,25.903795146942137,25.969127349853515,26.057771751112703,25.791174182682603,71.58350826572814,0.577747807533946
2016-12-20,26.95526695251465,27.08203462649237,26.89303666794817,26.906865229304262,85700000,25.963951778411865,25.976008529663087,26.143247484579554,25.836824879538764,78.27614441521007,0.26575635878738346
2016-12-21,26.98063087463379,27.058996855571387,26.916095218840905,26.92070591337739,95132800,26.024569988250732,25.98225040435791,26.22299828363234,25.881680016601315,86.22043534003873,0.0940963491989244
2016-12-22,26.803152084350582,26.853859162610323,26.653336196346185,26.816980648070743,104343600,26.082883071899413,25.980173263549805,26.278251026557886,25.917816176120894,79.55605366061282,-0.6578007427174959
2016-12-23,26.85616111755371,26.85616111755371,26.641809600606074,26.641809600606074,56998000,26.137392807006837,25.98080711364746,26.333290082843202,25.954614016961397,86.14635887076916,0.19777163908298867
2016-12-27,27.026721954345703,27.151184297285916,26.849247188898552,26.85616147042896,73187600,26.202966022491456,25.98187122344971,26.39933121346249,25.996657465486273,86.00989294196395,0.6350901606727133
2016-12-28,26.91148567199707,27.201896116474003,26.78241260487596,27.08665337418372,83623600,26.264045238494873,25.980997619628905,26.44810782856102,26.03253308142787,79.93758436444229,-0.4263790575242288
2016-12-29,26.90456199645996,26.992145816977864,26.828501391069523,26.84002460619699,60158000,26.335610771179198,25.980352363586427,26.491579654075206,26.066730293782072,77.08573401208726,-0.02572758569145961
2016-12-30,26.69482421875,27.0128935003889,26.60493503571152,26.886127560483953,122345200,26.408559799194336,25.97711753845215,26.51093627928233,26.09136142809454,62.319038097128015,-0.7795621342490455
2017-01-03,26.77088165283203,26.81236909841128,26.450507062483908,26.690212108223545,115127600,26.480586338043214,25.975678939819336,26.53569298152516,26.11800928004503,69.60097437152459,0.2849145342137538
2017-01-04,26.740922927856445,26.853862072021723,26.67869262590918,26.701740820761337,84472400,26.56021900177002,25.97575096130371,26.555238690699568,26.142437266233713,57.53203491550456,-0.11190787574385519
2017-01-05,26.87691116333008,26.934532531614646,26.692522081433623,26.717875624156004,88774400,26.636970806121827,25.973727188110352,26.585874164283428,26.171240164159062,61.63962270038101,0.5085397981233308
2017-01-06,27.176538467407227,27.23415982612011,26.84463887851244,26.91608880060783,127007600,26.716257858276368,25.974944343566893,26.642127907438077,26.21066362703154,65.4357522573894,1.1148130164821302
2017-01-09,27.425457000732425,27.52687113850575,27.18344838804248,27.18575197592712,134247600,26.79542942047119,25.993338966369627,26.716730678228014,26.25830258286295,69.61036979081577,0.9159317093445418
2017-01-10,27.45311737060547,27.51534765768287,27.266424750909135,27.37475141667616,97848400,26.854894828796386,26.0173775100708,26.786862744168726,26.305158064735206,67.27267887255789,0.10085655043889918
2017-01-11,27.60062599182129,27.64211343317052,27.335567436449203,27.367835251002603,110354400,26.929226112365722,26.04785171508789,26.86436400584992,26.355960728542506,68.71658878091083,0.5373110063404241
2017-01-12,27.485387802124023,27.496912777124887,27.245682741513264,27.404718252510857,108344800,26.97601490020752,26.076846656799315,26.9235091293046,26.400251986330016,63.91355277768426,-0.41752020309762106
2017-01-13,27.43698501586914,27.57066698348872,27.38397259475647,27.453118925170525,104447600,27.02038354873657,26.114275169372558,26.972411594691696,26.440908183566844,68.81002111316778,-0.1761037050062697
2017-01-17,27.65825462341309,27.71357064028986,27.247990794520103,27.275647923726257,137759200,27.068555068969726,26.155670433044435,27.03772997837945,26.488647259639247,71.64207371298711,0.8064647315146667
2017-01-18,27.655946731567383,27.773494795270068,27.591411091405693,27.658252078277247,94852000,27.11488275527954,26.202505111694336,27.096607764397348,26.534423709518784,68.6731820965676,-0.00834431484245668
2017-01-19,27.607545852661133,27.6789957766911,27.51304773621483,27.519962018093295,102389200,27.15106897354126,26.252935371398927,27.145268534708183,26.576506930818486,71.50989392878436,-0.1750107467881512
2017-01-20,27.65825462341309,27.761972374865096,27.596024324234772,27.761972374865096,130391600,27.186218357086183,26.29714256286621,27.194124352680078,26.61892840895945,72.67719861257447,0.18367721282646077
2017-01-23,27.67668342590332,27.84493675989133,27.605231766030673,27.658244174422393,88200800,27.22102098464966,26.338722076416015,27.24008235965372,26.66040899785921,83.3857576272482,0.06663038843612856
2017-01-24,27.651338577270508,27.681301051487395,27.54301013888461,27.554535114294993,92844000,27.263430309295654,26.380624465942383,27.279249618474367,26.699268981365538,81.00716718276637,-0.091574731852051
2017-01-25,28.091569900512695,28.142276987884298,27.72279348117104,27.75506130795939,129510400,27.325200748443603,26.445575485229494,27.35661345485897,26.753869017410526,86.90219351180747,1.5920796094987644
2017-01-26,28.105390548706055,28.22063324997716,28.027024597440384,28.043158505279777,105350400,27.37913417816162,26.507852630615233,27.427925559034882,26.80686986177506,85.96527866966696,0.04919856114238286
2017-01-27,28.107694625854492,28.19988914016885,28.02702508525347,28.151487415808234,82251600,27.438944625854493,26.58271411895752,27.49266547016056,26.857882597621312,83.00695575039333,0.008197990148706147
2017-01-30,28.033939361572266,28.033939361572266,27.81036999436097,27.872600280396256,121510000,27.495413494110107,26.649646987915037,27.544215364580722,26.90400247071743,74.62729428620813,-0.2624023964398092
2017-01-31,27.96940803527832,27.978627663974137,27.801154647356736,27.92331165026362,196804000,27.559142684936525,26.702013244628905,27.58470990464716,26.94578308109237,70.29040803445726,-0.23019000455712924
2017-02-01,29.67500114440918,30.07604708616391,29.273956961118845,29.27856589631015,447940000,27.704348659515382,26.78867576599121,27.78378526081497,27.05281124043813,86.64536711071807,6.098066526755108
2017-02-02,29.624296188354492,29.82251382661159,29.4514320916278,29.49753023916697,134841600,27.848517322540282,26.873817176818847,27.959072015818734,27.15365378741524,88.66702342908441,-0.17086757910450556
2017-02-03,29.75105857849121,29.776412115490093,29.53901241310441,29.573583819499053,98029200,27.99222469329834,26.953795661926268,28.129737402739924,27.255512798829987,90.68108675052517,0.427900090286526
2017-02-06,30.029945373535156,30.078348861680695,29.70957076388482,29.762584945408168,107383600,28.134895038604736,27.039029235839845,28.31070959043471,27.364314076269405,90.86612123685958,0.9374012501375928
2017-02-07,30.31574821472168,30.444819492337015,30.06682352920845,30.08756637376908,152735200,28.2794095993042,27.132606391906737,28.50166564989061,27.48005659150283,91.7515068844229,0.9517261441254421
2017-02-08,30.43329429626465,30.474783502012865,30.24429807453851,30.2742623055273,92016400,28.42841844558716,27.225952949523926,28.685630282878616,27.595869834826825,93.41399346170031,0.3877393383478811
2017-02-09,30.65321350097656,30.660157761656755,30.35228258685125,30.474969235104457,113399600,28.581047821044923,27.32471206665039,28.873019160792705,27.715765664871913,93.73950190783238,0.7226270103098953
2017-02-10,30.583763122558594,30.77358230731125,30.567561027276486,30.662470619652815,80262000,28.73596658706665,27.42258930206299,29.035947157151362,27.828236153408646,91.8326591532504,-0.22656801844201935
2017-02-13,30.854597091674805,30.977287244137845,30.729596895748088,30.805987277994184,92141600,28.906847190856933,27.530216217041016,29.20915191282026,27.946916974517123,93.05290228903849,0.8855482173037332
2017-02-14,31.255067825317383,31.271269918955483,30.8453388826695,30.896265803548964,132904800,29.08668785095215,27.65060070037842,29.404001047343797,28.07664838043086,92.97785010209483,1.2979289032772234
2017-02-15,31.368501663208008,31.544432358828097,31.16248034768775,31.370818771630887,142492400,29.27231559753418,27.77136371612549,29.59109634409277,28.205740666029964,93.1629029279355,0.3629294248363113
2017-02-16,31.33146095275879,31.458774733939673,31.21340147483764,31.40553423278166,90338400,29.458511352539062,27.895027542114256,29.756845354441914,28.328317932176194,92.25416971247267,-0.11808249831920525
2017-02-17,31.417095184326172,31.442558635657335,31.27357583982792,31.27357583982792,88792800,29.646453380584717,28.016531944274902,29.914964385859463,28.44944645186835,94.20564576826578,0.2733170716057609
2017-02-21,31.643964767456055,31.655539711445915,31.477295464097686,31.535166651869982,98028800,29.844817447662354,28.137595291137696,30.079631088868663,28.574721679930615,96.05921128759408,0.7221214494810058
2017-02-22,31.73886489868164,31.74117847391891,31.50738021662056,31.58145347814862,83347600,30.04919376373291,28.25553207397461,30.2376533564699,28.698805727724775,93.39028030517517,0.2998996235869411
2017-02-23,31.60461044311523,31.82452023392888,31.551369943317063,31.801373879840284,83152800,30.224845790863036,28.362348098754882,30.367839745674218,28.81275885381852,90.22077252952865,-0.42299702902098835
2017-02-24,31.634706497192383,31.634706497192383,31.31525641477906,31.46109293625939,87106400,30.401311588287353,28.47276222229004,30.48849372200928,28.92342346728416,89.82108266519572,0.09522678386217898
2017-02-27,31.69719886779785,31.815258327596492,31.546735222857016,31.745812209863693,81029600,30.580786800384523,28.575713958740234,30.603608497798668,29.03219897318666,88.79599062989044,0.19754370286639844
2017-02-28,31.711091995239254,31.815259409291937,31.643959450683795,31.731924771614516,93931600,30.764644432067872,28.67894355773926,30.70908311660253,29.137253601502447,87.17279029920668,0.043830773499409226
2017-03-01,32.35923767089844,32.44257228618946,31.85228925440144,31.919418248747473,145658400,30.984135913848878,28.792231826782228,30.86624069320214,29.26360591794935,89.99991284981884,2.043908408314943
2017-03-02,32.16712188720703,32.472679915469456,32.12082211222392,32.4078644691054,104844000,31.10874195098877,28.900986404418944,30.990134140250227,29.377469289292787,81.80972930686787,-0.5936968776745322
2017-03-03,32.356929779052734,32.36850472002137,32.08146243200919,32.12544508838435,84432400,31.24537363052368,29.010448570251466,31.120305153469513,29.494310877126512,85.46349546888175,0.5900679971035494
2017-03-06,32.25507354736328,32.35461379366759,32.08377714962105,32.26201780499198,87000000,31.370574378967284,29.11644470214844,31.228378333840347,29.602576079880897,80.04011059461371,-0.31478954395540715
2017-03-07,32.296749114990234,32.40323010814363,32.1277627262672,32.19026458966033,69785200,31.48391456604004,29.222767066955566,31.330127932045098,29.70822992439499,76.40890940020822,0.1292062396502036
2017-03-08,32.1763801574707,32.36156866337355,32.134714598035465,32.1648052135686,74828800,31.57694616317749,29.33023162841797,31.41072338208563,29.805020129613645,70.40972586963741,-0.37269682187196507
2017-03-09,32.10230255126953,32.12776601435599,31.724984821031654,32.116194602915954,88623600,31.660396575927734,29.435154457092285,31.47658806486505,29.89510963634525,69.11631567844105,-0.23022355478968803
2017-03-10,32.208778381347656,32.25970529375484,32.09303604081785,32.23424183755125,78451200,31.738174819946288,29.538795585632325,31.546320475958634,29.985841743992403,69.43229805522517,0.33167661387552005
2017-03-13,32.22266387939453,32.275904362042986,32.13470211070917,32.14164636791655,69686800,31.820119857788086,29.645019149780275,31.610734133428718,30.073560259106213,65.86306956317145,0.04311091182183091
2017-03-14,32.1740608215332,32.3268380442881,32.13933599604356,32.245820515831596,61236400,31.886093044281004,29.75040912628174,31.664384294200573,30.155932830181783,62.24008960873423,-0.15083500868594557
2017-03-15,32.514347076416016,32.58147609467358,32.1833220722569,32.27128740089075,102767200,31.949057006835936,29.866799583435057,31.745333130602045,30.24841966336744,72.92937412025326,1.0576416100235297
2017-03-16,32.567588806152344,32.643979194613266,32.468048530699576,32.574533065814535,76928000,32.009011363983156,29.982733726501465,31.823643194940168,30.339367472888416,73.24157699007895,0.1637484203856232
2017-03-17,32.40555191040039,32.63935023982534,32.382402022182184,32.63935023982534,175540000,32.06271591186523,30.096026306152343,31.879063072603046,30.420394313575162,66.8137454194461,-0.4975403512873622
2017-03-20,32.74583435058594,32.75509218644544,32.4611055643844,32.50045754809698,86168000,32.129152870178224,30.213404769897462,31.961612718125227,30.511588040516763,71.26597094986437,1.050074509227339
2017-03-21,32.370819091796875,33.05601534719135,32.34535563390981,32.89629034155211,158119600,32.16549558639527,30.317290382385252,32.00058475371301,30.584499062135592,50.2681220856295,-1.1452304277058456
2017-03-22,32.736568450927734,32.778237536969804,32.352302970677094,32.37313927978638,103440800,32.21538076400757,30.42351261138916,32.07067843916203,30.668893940127443,62.20227342208388,1.1298736621204064
2017-03-23,32.62082290649414,32.773603653436076,32.549063215948244,32.69952685533957,81385200,32.26619138717651,30.526866722106934,32.123073150336516,30.745440174102608,55.840151824699205,-0.35356651570581654
2017-03-24,32.55601501464844,32.81064965186172,32.48888599147964,32.75509204042147,89582400,32.312256813049316,30.625974502563476,32.16430570884241,30.816443109025975,56.77109261007639,-0.19867031567987192
2017-03-27,32.611568450927734,32.690272407925804,32.08841072366366,32.26665494689288,94300400,32.35797529220581,30.72849811553955,32.20690216046959,30.88684018125742,57.0393798576566,0.17063954619231936
2017-03-28,33.287498474121094,33.343052538036424,32.55137533765912,32.61850787445812,133499200,32.4367956161499,30.84550838470459,32.309816095103066,30.980983643722663,69.90045434359307,2.072669470683275
2017-03-29,33.36158752441406,33.4472393004431,33.146308360513785,33.25973364946774,116760000,32.48691310882568,30.95957504272461,32.409984802656496,31.07434065865174,72.55407008204114,0.22257319921641372
2017-03-30,33.31758117675781,33.44952911160406,33.21804448107393,33.37776944128775,84829200,32.544436073303224,31.07280773162842,32.496422552570905,31.162310875048057,70.31345219525559,-0.13190723500207113
2017-03-31,33.25509262084961,33.39629842816483,33.10462544757945,33.26898113760583,78646800,32.58934421539307,31.185758666992186,32.56867684478792,31.244380747432434,68.58332887023084,-0.1875542992652579
2017-04-03,33.26435089111328,33.361574041858745,33.11388724804497,33.266667998720514,79942800,32.639808082580565,31.297880592346193,32.634931515866526,31.3235952628709,69.90676701784005,0.02784015780448179
2017-04-04,33.51204299926758,33.53982003462168,33.141666044389595,33.16018524535114,79565600,32.70057277679443,31.414587783813477,32.7184659428571,31.409416742729594,68.85364313457497,0.744617290038474
2017-04-05,33.33843994140625,33.67177859912132,33.28982658208216,33.38473619227167,110871600,32.758675765991214,31.528329811096192,32.777511085576066,31.48506471130515,63.93310147581631,-0.518031854593648
2017-04-06,33.25509262084961,33.45416960276654,33.20647928002665,33.40092557896612,84596000,32.816315269470216,31.63160026550293,32.8229950413164,31.55447757050297,65.80500475494301,-0.2500036615484369
2017-04-07,33.181007385253906,33.37545363475313,33.16480529721662,33.27128625339107,66688800,32.864926719665526,31.733112602233888,32.85709145502474,31.618263053434383,58.98608581673357,-0.22277861751993644
2017-04-10,33.141666412353516,33.30602211510173,33.07916454993642,33.24120667710491,75733600,32.91087684631348,31.833792037963867,32.884193831913194,31.67800436162729,68.47936819733957,-0.11856473326326
2017-04-11,32.78517150878906,33.18332538206427,32.42173891950718,33.08841582958201,121517600,32.94143238067627,31.928816680908202,32.8747631344728,31.721422681123833,51.1703442967187,-1.0756698203671755
2017-04-12,32.824520111083984,32.90553760949143,32.641645281657844,32.778223893111864,81400000,32.95694103240967,32.02591892242432,32.86997808462625,31.76468140386737,55.0923135609384,0.12001951029712021
2017-04-13,32.65092086791992,32.95879597320454,32.65092086791992,32.84999787087928,71291600,32.961107635498045,32.085437316894534,32.84911549255898,31.799435892653747,52.25019400563295,-0.528870620428179
2017-04-17,32.831478118896484,32.84305306128152,32.6092512345038,32.7504570543777,66328400,32.982403945922854,32.14958095550537,32.84743574268636,31.83990813682013,54.922232012951085,0.5529928289218944
2017-04-18,32.68564987182617,32.88009623717541,32.664817089576765,32.73426322925218,58790000,32.97939472198486,32.208272781372074,32.8320275645092,31.87307447936939,32.33741953540442,-0.44417204288581535
2017-04-19,32.56527328491211,32.870834853644475,32.51203278084887,32.84305781364226,69313600,32.98911743164062,32.25897933959961,32.80662239502376,31.900219530567146,27.248511745818604,-0.3682857381943072
2017-04-20,32.972686767578125,33.08379845321876,32.67638658441855,32.690275103601536,93278400,33.00092334747315,32.31211811065674,32.822438049552744,31.94227706927346,41.840425685529866,1.2510672921475896
2017-04-21,32.93333435058594,33.028240407807615,32.83611118541318,32.9726863318099,69283600,33.01654891967773,32.36211891174317,32.832999602032096,31.98114206069748,42.30353000863204,-0.1193485301018371
2017-04-24,33.250465393066406,33.32222509188119,33.143980866576484,33.218057673208875,68537200,33.05127143859863,32.414063949584964,32.87275824879727,32.03091944628058,49.710498102330966,0.9629484798123089
2017-04-25,33.45648193359375,33.54213013852181,33.30370119060636,33.312962556216775,75486000,33.09351711273193,32.47151832580566,32.928350980682644,32.08682385754776,48.82110787530697,0.6195899458607323
2017-04-26,33.25971603393555,33.4726850408515,33.19027345795837,33.4425909031442,80164800,33.09212799072266,32.519620704650876,32.95990955718292,32.13281962917081,48.3458985304891,-0.5881248962420926
2017-04-27,33.285179138183594,33.370830867945195,33.174067485616035,33.31527327557354,56985200,33.088307571411136,32.5602229309082,32.99088761251632,32.1780101981517,50.64792101722039,0.07655839340920956
2017-04-28,33.252777099609375,33.40324428005763,33.16481531189833,33.354630936915555,83441600,33.08506736755371,32.59790843963623,33.01582946842994,32.22015791977749,51.57383489038199,-0.09734674534783716
2017-05-01,33.931026458740234,34.07454583698274,33.55602238930603,33.58843010478582,134411600,33.11886405944824,32.64989974975586,33.10299108655473,32.28725080365839,63.52107559089281,2.0396773391261336
2017-05-02,34.14631271362305,34.28057428663632,33.99121836173965,34.15325697324642,181408800,33.16296215057373,32.704484100341794,33.20235505103743,32.36015519228445,74.50043327139818,0.6344819987824435
2017-05-03,34.0421257019043,34.141665919533004,33.39628520325911,33.701843047423836,182788000,33.189466285705564,32.752447319030765,33.28233320826285,32.42611482011268,71.41689636570055,-0.30511936264551176
2017-05-04,33.91945266723633,34.06065847493561,33.75278340135599,33.91713909182939,93487600,33.21851692199707,32.79605907440185,33.34301125197461,32.484677088627336,72.71968276698897,-0.36035656451708364
2017-05-05,34.48196792602539,34.48659507759118,33.97269867964683,33.97269867964683,109310800,33.27986068725586,32.85360622406006,33.45148331616992,32.56300221950569,76.00293765535677,1.658385423572617
2017-05-08,35.41947937011719,35.579204408455304,34.498171078988356,34.498171078988356,195009600,33.391784286499025,32.92930168151855,33.638911511783945,32.67502093129438,84.47153462608142,2.7188455313891913
2017-05-09,35.64634323120117,35.85236454808707,35.52133946957119,35.61856265518479,156521600,33.5170181274414,33.00828456878662,33.830095485061776,32.79154337442798,87.83396383381769,0.6405059168525851
2017-05-10,35.47734832763672,35.63475978023358,35.21114230191216,35.56300007932574,103222800,33.65162696838379,33.08360969543457,33.98697670816415,32.89686905886754,82.66882673603303,-0.47408762932107384
2017-05-11,35.78417205810547,35.81206729700013,35.402970229604634,35.435511719351425,109020400,33.79960956573486,33.152108383178714,34.158138170063324,33.0100966274651,84.75882354035545,0.8648440341008756
2017-05-12,36.283912658691406,36.3582916702196,35.95152136483856,35.95849428633321,130108000,33.981259155273435,33.2344441986084,34.360592883266,33.13848156986614,85.40857001385707,1.396540905779431
2017-05-15,36.19094467163086,36.41176219035875,36.0398599342793,36.26300057857565,104038800,34.14923248291016,33.31112449645996,34.534912101205514,33.25818600522946,82.7838285050999,-0.2562237097610165
2017-05-16,36.13747024536133,36.274609082037145,35.963140133627775,36.24671739912144,80194000,34.32182350158691,33.38877243041992,34.68753668636321,33.37109911268561,85.72938749296671,-0.147756370425578
2017-05-17,34.92414093017578,35.92828432192558,34.79862477958509,35.702817038502765,203070800,34.4397668838501,33.441320266723636,34.71007042386917,33.4320027133715,65.71386145421721,-3.3575380538467314
2017-05-18,35.45644760131836,35.642400581087664,35.12870942024334,35.16125092569611,134272800,34.56395492553711,33.50692161560059,34.781153964578614,33.51139270897726,69.27996379493676,1.524179713416074
2017-05-19,35.57729721069336,35.79114177368789,35.47734962498381,35.65167977873809,107843200,34.69615306854248,33.57642150878906,34.85697713087526,33.59240857178966,65.95989390642404,0.3408395864522795
2017-05-22,35.793460845947266,35.930599686561685,35.54242505223062,35.79578397067189,91865600,34.823302841186525,33.648115158081055,34.94616605612021,33.67872434724682,65.96568370796987,0.607588693356198
2017-05-23,35.74929428100586,36.00497630723643,35.6353973354477,36.00497630723643,79675600,34.93794345855713,33.71864776611328,35.02265445849027,33.759923168178545,66.74226156182894,-0.12339283181220795
2017-05-24,35.64237594604492,35.83530171886918,35.486641452820535,35.7585960347278,76712000,35.0570764541626,33.788014068603516,35.081675552543096,33.83374484574193,66.94914363770096,-0.29907816954514166
2017-05-25,35.76557159423828,35.87714544126716,35.570322682071584,35.733030108877166,76942400,35.18109607696533,33.85303855895996,35.14680850889502,33.909502757447676,63.822085662762944,0.34564375949530657
2017-05-26,35.70512390136719,35.851562299322445,35.63539116201923,35.79577539849319,87710400,35.303713417053224,33.91578926086426,35.19998140341618,33.9799192728955,53.792168119453294,-0.16901083968928754
2017-05-30,35.71907043457031,35.895723637166924,35.640041650257714,35.6609604084426,80507600,35.39311561584473,33.98205963134765,35.24941845400229,34.04812127923569,51.023368112998305,0.03906031314062641
2017-05-31,35.507564544677734,35.83530608592491,35.4192396783089,35.78881875413772,97804800,35.46117820739746,34.037294235229496,35.27400379597138,34.10535434846871,50.420155586462094,-0.5921371617999216
2017-06-01,35.60517883300781,35.640046981953375,35.38203828547846,35.602855708446796,65616400,35.539330863952635,34.10198143005371,35.30554427568914,34.16417099492122,47.35735268939292,0.2749112466084558
2017-06-02,36.13282775878906,36.13282775878906,35.53778142451099,35.698165727231675,111082800,35.64999961853027,34.16990661621094,35.38433317884151,34.24137322095525,47.787621494805045,1.481944321234785
2017-06-05,35.779518127441406,35.90038802400569,35.670274496933565,35.87481946024702,101326800,35.714877128601074,34.23308052062988,35.421969840612924,34.30169262905275,44.402172841146545,-0.9778078641014099
2017-06-06,35.900386810302734,36.21650561210647,35.74465230785796,35.7725439958314,106499600,35.73892250061035,34.29996795654297,35.467533361535764,34.364386518513534,46.83235917122487,0.33781528982814724
2017-06-07,36.114234924316406,36.2560235967663,35.90736327566881,36.03288297744737,84278400,35.76231708526611,34.37002128601074,35.52912398656249,34.433008024623454,71.69495108524825,0.5956707796594074
2017-06-08,36.02591323852539,36.15375253015387,35.88877080457249,36.08634642269079,85003200,35.78974533081055,34.424789581298825,35.576437248654194,34.495474895756864,62.38612188816132,-0.24456197390338996
2017-06-09,34.628944396972656,36.07239978270524,33.940923303853054,36.07239978270524,259530800,35.7319839477539,34.45013671875,35.486199834208335,34.50070899384376,36.736044048679766,-3.877677804594404
2017-06-12,33.80144500732422,33.957179476776645,33.125043343217285,33.875827555169906,289229200,35.60786056518555,34.45981399536133,35.325746993552706,34.473286876725346,26.207692160491632,-2.389617714482739
2017-06-13,34.073421478271484,34.27332027082303,33.73870689104496,34.205914146864224,136661600,35.501984405517575,34.47618057250977,35.206477896859255,34.45760588070755,31.01669486882109,0.8046297159435944
2017-06-14,33.74101638793945,34.28492554192561,33.43419365691819,34.28492554192561,126124800,35.382161712646486,34.48571388244629,35.06691013410499,34.42950433197154,29.50925481322642,-0.9755553622462165
2017-06-15,33.53879165649414,33.582955857707404,33.0553192083585,33.313327947296735,128661600,35.3128942489624,34.48624885559082,34.921375040999195,34.39457442312929,26.40416055957037,-0.5993439234912801
2017-06-16,33.069271087646484,33.58761178507878,33.05299856980585,33.420254542962795,201444400,35.19353542327881,34.480865478515625,34.744984188298936,34.34260174330644,24.297697117584264,-1.3999328707381853
2017-06-19,34.015296936035156,34.10827514113461,33.39235892227018,33.39235892227018,130165600,35.115435409545896,34.49606956481934,34.67549016427382,34.32976626066835,35.941855458274475,2.8607399476128004
2017-06-20,33.706153869628906,34.13849280587483,33.689884899100015,34.13849280587483,99600400,35.01107006072998,34.506572494506834,34.58317242192668,34.30531087278445,35.371927348603165,-0.9088354189222159
2017-06-21,33.90605545043945,33.952546334167245,33.61318203543929,33.82470349742875,85063200,34.91890811920166,34.52186027526855,34.51868509130885,34.28965379739837,36.427995536685536,0.593071465773698
2017-06-22,33.85025405883789,34.09896313005492,33.73170733384954,33.882795532083705,76425200,34.82930202484131,34.54316192626953,34.45502499297829,34.27242243510189,30.28121438848541,-0.16457647715207857
2017-06-23,34.001346588134766,34.20589506550318,33.72939202440925,33.734041820737275,141757600,34.74109077453613,34.566698455810545,34.41181752585033,34.26179200973063,34.08253205949062,0.4463556729419116
2017-06-26,33.89442825317383,34.466229101408445,33.79215400799219,34.20822036352045,102769600,34.65055599212646,34.591568603515626,34.362542357024,34.24738558790487,31.99851565206555,-0.314453236973411
2017-06-27,33.408626556396484,33.973458046192356,33.383057994360364,33.70614970731368,99047600,34.535033798217775,34.603111572265625,34.27169323315471,34.21449307686533,26.849820317064484,-1.4332789246322641
2017-06-28,33.896751403808594,33.96183436956342,33.276136557446506,33.58528241815972,88329600,34.45449314117432,34.627333602905274,34.2359844875027,34.202032619098404,32.94871113375871,1.4610742725029935
2017-06-29,33.397003173828125,33.73404427035426,33.07158834234401,33.636419820909026,125997600,34.34408435821533,34.643968200683595,34.156081505247975,34.170462836930945,38.478312058053326,-1.47432485203971
2017-06-30,33.47603988647461,33.69453425037123,33.42025295949374,33.57598747388138,92096400,34.21124496459961,34.65403526306152,34.09131563679337,34.14323056436403,46.46123466623523,0.2366580984380695
2017-07-03,33.355159759521484,33.77355271672712,33.26218512314469,33.67592828450497,57111200,34.090027046203616,34.662471771240234,34.02120555324367,34.112325826919225,41.923517744514676,-0.3610944644678926
2017-07-05,33.4922981262207,33.65500551100677,33.173856276942615,33.39932349113009,86278400,33.96962261199951,34.66730842590332,33.97083341733672,34.08801101512713,47.07483750094215,0.411145884738473
2017-07-06,33.17619705200195,33.355177043865844,33.101818013709,33.24360671304797,96515200,33.82272071838379,34.661702728271486,33.895153763495316,34.0522536048085,45.84679110738254,-0.9438022826247283
2017-07-07,33.51321792602539,33.645710509229566,33.21569482840612,33.21569482840612,76806800,33.69708595275879,34.66677276611328,33.858778921831515,34.031114950738576,55.24420820017557,1.0158514355794734
2017-07-10,33.7177734375,33.92464506499715,33.32494894841133,33.496955966065755,84362400,33.651527404785156,34.67542465209961,33.84534982808566,34.018827048258636,45.73902934177144,0.6103726354363515
2017-07-11,33.8270149230957,33.90139747392816,33.55971016789646,33.641062092769815,79127200,33.65280590057373,34.686909408569335,33.843603646658046,34.0113050041346,51.83603361570494,0.3239878392272688
2017-07-12,33.87583541870117,33.97810612559624,33.66199086413815,33.906050232366475,99538000,33.64292659759521,34.685805587768556,33.84667333923358,34.0059924713725,49.518832467207474,0.14432398400054947
2017-07-13,34.34770202636719,34.51505931588674,33.80611573483271,33.82006158449979,100797600,33.673260879516604,34.689833374023436,33.89439035705583,34.019392846078176,56.993805475852085,1.39292980330612
2017-07-14,34.64288330078125,34.710292940009225,34.24541257418322,34.394174149377314,80528400,33.728465461730956,34.70184852600098,33.965675399315394,34.04384345214496,58.668394418002435,0.8593916244745037
2017-07-17,34.76375961303711,35.07522866447601,34.533646059353856,34.59175611582035,95174000,33.81318988800049,34.718734664916994,34.041683419669845,34.07207545845446,61.70219758325408,0.3489210502670037
2017-07-18,34.884620666503906,34.89624338419752,34.556879180023664,34.680072184713886,71475200,33.856656074523926,34.72678771972656,34.12196315746356,34.10393997641718,72.03336070493452,0.34766393166942855
2017-07-19,35.10312271118164,35.196097379667826,34.854409975508894,34.97760300729341,83692000,33.92650451660156,34.72046058654785,34.215406924484334,34.143123613074614,69.58502970797377,0.6263563728171384
2017-07-20,34.94505310058594,35.2704714554087,34.91018849499136,35.21468453970198,68974800,33.978454399108884,34.70643478393555,34.28489703649401,34.17457182827114,78.26815642458101,-0.45030070941624034
2017-07-21,34.92879104614258,34.96830545588833,34.60569929892158,34.86370807164886,105010400,34.032381248474124,34.69546363830566,34.34622027550816,34.20414905250139,77.15040194828711,-0.04653607020298489
2017-07-24,35.351829528808594,35.433185018344126,34.842784918114624,35.0008461000464,85972800,34.09990539550781,34.68681678771973,34.4419925853463,34.249156130003634,83.52890231543938,1.2111455048849473
2017-07-25,35.50291061401367,35.75859265691047,35.2844163004483,35.2844163004483,75415600,34.18032951354981,34.67119674682617,34.543032397600335,34.29832297251383,83.60567101675852,0.42736426153549
2017-07-26,35.67027282714844,35.779516452542396,35.577294623853,35.644704264586665,63124000,34.293411827087404,34.66078330993653,34.650388628985866,34.35212492759754,93.86747574834912,0.47140420388154247
2017-07-27,34.996192932128906,35.79346459381474,34.23843922218672,35.737677673784596,129905200,34.34838390350342,34.63795776367188,34.68332237214234,34.377382496402696,73.31869740212221,-1.8897525631104584
2017-07-28,34.749813079833984,34.919493448269165,34.67775717872136,34.84046462425895,68854800,34.416024398803714,34.63447120666504,34.68965482049393,34.39198761732157,66.01738957454393,-0.7040190136474167
2017-07-31,34.57082748413086,34.94273319627466,34.43136550214373,34.84278207309928,79383600,34.470763778686525,34.616758804321286,34.67833793131649,34.39900094543174,61.29944877910831,-0.5150692330112006
2017-08-01,34.877655029296875,34.9171694403032,34.496453217920134,34.65683753402334,141474400,34.546888542175296,34.60276596069336,34.69732051207653,34.41777169381861,64.11262543702114,0.8875331240099982
2017-08-02,36.52565383911133,37.13232291881002,36.29786343025978,37.0230757382192,279747200,34.69855632781982,34.61740982055664,34.871447495603654,34.50043373873205,73.0446421147548,4.725084895845644
2017-08-03,36.16072082519531,36.541922581900096,36.032878015712306,36.504731301549455,108389200,34.84778251647949,34.62563835144043,34.99423543175524,34.56554303624041,65.82644417715154,-0.9991142541170617
2017-08-04,36.35132598876953,36.58608933494351,36.18861854356201,36.27694696242737,82239600,34.9896879196167,34.63981735229492,35.12348215147089,34.635573740261165,66.31624673515105,0.5271055422142235
2017-08-07,36.91383361816406,36.939402186206614,36.41641165086437,36.50706320178677,87481200,35.149490928649904,34.66278259277344,35.29399181496547,34.72491726488481,69.11959008038231,1.547419837087416
2017-08-08,37.20903778076172,37.61580824160326,36.788321471601,36.86502718411339,144823600,35.3185920715332,34.69286087036133,35.476377145041305,34.82233375570351,69.55957622152353,0.7997114730787347
2017-08-09,37.436824798583984,37.48563880996327,36.983567036161894,37.0184316537495,104526000,35.49664154052734,34.727215957641604,35.6630864453787,34.92486281620863,72.84749402756937,0.6121819627919578
2017-08-10,36.244388580322266,37.33647887838671,36.08337444544976,37.31314215481408,163217200,35.591475868225096,34.741952438354495,35.71844855346856,34.976608924605245,59.92270740448334,-3.1851959258756946
2017-08-11,36.74843215942383,37.00278965434573,36.41940711122255,36.543083925509904,105028400,35.696753311157224,34.764817504882814,35.816542230226204,35.046092188715775,60.40651557348951,1.3906803200295137
2017-08-14,37.30147933959961,37.38548656397579,37.0447896093712,37.17780253158527,88490800,35.82363929748535,34.78819053649902,35.95796481207129,35.1345387436524,62.644253977108164,1.5049544910556323
2017-08-15,37.709842681884766,37.849852332322016,37.36914576718812,37.49049031278083,117862000,35.96490039825439,34.826797027587894,36.124810323482095,35.23553105495563,63.868588714342266,1.094764469171161
2017-08-16,37.558162689208984,37.922192780612306,37.37147958675794,37.7891834290691,110686400,36.087652397155765,34.85995254516602,36.26132007259894,35.32661464845576,68.75307499554631,-0.4022291844475001
2017-08-17,36.83709716796875,37.50215450585416,36.83242911193449,37.457816875237334,111762400,36.1822546005249,34.87440979003906,36.31615598644368,35.385849257064116,64.28573293460512,-1.9198636717322914
2017-08-18,36.75309753417969,37.21980353461372,36.57108247886515,36.83710475668518,109712400,36.27346992492676,34.88895347595215,36.35776946718045,35.43946683655884,65.13258727037349,-0.2280300030321203
2017-08-21,36.685420989990234,36.844099296178136,36.19537834194661,36.753091782762446,105474000,36.34014949798584,34.9300830078125,36.38897437411471,35.48832778375223,62.96568475899003,-0.1841383413371256
2017-08-22,37.28514862060547,37.33648657450019,36.874448550132506,36.92345069477803,86418400,36.42926139831543,34.999757080078126,36.474324302351924,35.558791345981774,56.411319901668,1.6347846485907036
2017-08-23,37.331809997558594,37.44615424344615,37.07512384734565,37.119461484744576,77596400,36.51233825683594,35.06492485046387,36.55598960665732,35.62832148918086,60.447189276822584,0.1251473540522241
2017-08-24,37.166133880615234,37.5091630807643,36.99811943316736,37.436820658673035,79275600,36.620835304260254,35.133427200317385,36.614098585129504,35.688627857472405,57.30130830617524,-0.44379342162673696
2017-08-25,37.30381393432617,37.467160336253635,37.16613650703621,37.25480823340568,101920400,36.748535346984866,35.20872764587402,36.67978576124347,35.75196848793726,53.782508796661155,0.3704449167438062
2017-08-28,37.67951202392578,37.80318883835701,37.320146382960566,37.369152083341085,103864000,36.90396957397461,35.30093246459961,36.77499778626083,35.827558430525045,54.49308033860219,1.0071305048353185
2017-08-29,38.01552963256836,38.06453175769056,37.33647169897915,37.35980841806438,118067600,37.06086330413818,35.38093711853028,36.89314367638536,35.91336122276204,55.4147588800418,0.891778026289769
2017-08-30,38.11821746826172,38.2442265331109,37.94553495058699,38.22322561575013,109078400,37.1404914855957,35.46917839050293,37.009817370849774,35.99982617356595,72.02419009888206,0.2701207550857898
2017-08-31,38.26988983154297,38.39123438165889,38.14854528142704,38.185882613875634,107140400,37.24594993591309,35.556455078125,37.12982427186817,36.088848277800345,69.49760215879037,0.39789993697247894
2017-09-01,38.28155899047851,38.48924301060967,38.18355116127232,38.4565737342076,66364400,37.342461585998535,35.64508117675781,37.23951329268821,36.17483693319949,64.58332387305356,0.030491749484795605
2017-09-05,37.82185363769531,38.32822920662865,37.46715609035932,38.21155270980482,117874000,37.387862586975096,35.72149131774902,37.29497427792698,36.23942582357187,51.64161080579425,-1.2008532695795826
2017-09-06,37.78217697143555,38.03419858459997,37.457816513514224,37.96886004348513,86606800,37.41651954650879,35.799246292114255,37.34137453445161,36.299925868586136,53.39455289985597,-0.10490407646287503
2017-09-07,37.63050842285156,37.859196956472616,37.42049211964045,37.824191865480984,87714000,37.42620372772217,35.88368392944336,37.368911095251605,36.35210557659654,64.53018680750591,-0.4014288236981467
2017-09-08,37.01677703857422,37.60482386822451,36.993440320914345,37.53715308410399,114446000,37.464823150634764,35.94608444213867,37.33537451842519,36.37817112412508,54.04422778079423,-1.6309409837913513
2017-09-11,37.68650436401367,37.81484920865944,37.31080594278718,37.453151395815446,126323200,37.511726760864256,36.03187446594238,37.368815456100286,36.42947831000307,62.96068747530626,1.8092534764481139
2017-09-12,37.53715515136719,38.260550710464074,37.049448347292106,37.945522808122405,286856000,37.52351055145264,36.11309677124024,37.384847808030464,36.47291661750754,53.69335462287106,-0.39629362066568863
2017-09-13,37.25479507446289,37.32713747611398,36.84876324175742,37.306133005604565,179629600,37.50075817108154,36.191089477539066,37.372461833404984,36.503578517780305,48.944225795216724,-0.7522149075114837
2017-09-14,36.93511199951172,37.19646621616109,36.89077436046924,37.100794193720326,95042800,37.46960563659668,36.259945755004885,37.33080946827229,36.52050139941683,46.96129935423659,-0.8580991368016044
2017-09-15,37.3084831237793,37.562837068833154,36.86977829327567,36.97945450090158,196458400,37.493174934387206,36.34259147644043,37.32868314974915,36.551402643509476,50.057829685905425,1.0108839639433542
2017-09-18,37.02611541748047,37.4531517809566,36.86976935446195,37.362144264850784,113077600,37.506825828552245,36.41284942626953,37.29986717524737,36.570018830724024,41.71591795042432,-0.7568458502105524
2017-09-19,37.04011535644531,37.282804435462985,36.97244456289605,37.22213038536672,83242400,37.524560546875,36.47929626464844,37.27512890679003,36.58845398859545,36.53363864929282,0.03781098504931357
2017-09-20,36.419395446777344,36.930435399901846,35.896683573707314,36.84642819817065,211805600,37.4812728881836,36.53114387512207,37.19363048202692,36.58182424185748,29.48134810421685,-1.6758044722448684
2017-09-21,35.79401779174805,36.35639939617449,35.64467200890081,36.35639939617449,150046800,37.40438327789307,36.56950752258301,37.06033403533369,36.550929871264955,23.16655600362823,-1.7171555083697387
2017-09-22,35.44397735595703,35.53265261117912,35.13361752336297,35.362302403970034,186581600,37.318275451660156,36.5914330291748,36.90639530396448,36.50751996870386,21.347853250842235,-0.9779299932954566
2017-09-25,35.13129425048828,35.429985800433215,34.80693372856288,35.00061714247289,177549200,37.20964946746826,36.60120124816895,36.73733806077627,36.45355033269541,22.001082936759346,-0.8821896660426543
2017-09-26,35.73566818237305,35.917683186099715,35.397307140095684,35.41830804959879,146640000,37.112457275390625,36.620639419555665,36.64194092949977,36.425398091506295,30.943043685216367,1.7203292528181313
2017-09-27,35.990020751953125,36.10436496744996,35.82900666342926,35.88968070297916,102016800,37.01118183135986,36.64274742126465,36.579853293542946,36.408324470347345,35.01054034610259,0.7117610569977728
2017-09-28,35.76834487915039,36.00169786169218,35.63299972199408,35.91069034092824,88022000,36.8936882019043,36.656051864624025,36.502566777886514,36.38322723147688,37.71248009143111,-0.615937051913773
2017-09-29,35.96435546875,35.96669127708443,35.46964835479913,35.75200699064002,105199200,36.77841148376465,36.67643791198731,36.45130855796875,36.36680088784053,31.306856718378242,0.5480001668007439
2017-10-02,35.892032623291016,36.041378435245775,35.6376786492983,35.99704078532897,74795200,36.658935165405275,36.695702743530276,36.39804418323754,36.348182524524866,31.839264102333033,-0.20109590319733472
2017-10-03,36.04836654663086,36.190712003672466,35.91535720256329,35.93869036363075,64921200,36.57026081085205,36.70963348388672,36.36474155117976,36.33642503519569,36.30089872494373,0.43556720506934266
2017-10-04,35.81501770019531,35.90369298025103,35.57700020217874,35.8500227868572,80655200,36.47190284729004,36.71587562561035,36.31238689870505,36.315977688725084,37.02687179124657,-0.6473215537622035
2017-10-05,36.26072311401367,36.27239147633922,35.94803094352074,35.97836441274606,85135200,36.40341358184814,36.72768463134766,36.307466538258254,36.31381084265797,38.064646211820985,1.2444651502040882
2017-10-06,36.23971176147461,36.28404938913225,36.067029306566766,36.16270486512448,69630400,36.36456031799317,36.75255500793457,36.3010137023741,36.31090499633706,40.47466128956242,-0.05794521105659811
2017-10-09,36.365726470947266,36.57341047456525,36.28405506677792,36.35872616660943,65051600,36.29852142333984,36.78487327575684,36.307176823190595,36.31305485808648,42.04724678650055,0.34772547392780684
2017-10-10,36.37973403930664,36.86977680080634,36.19305447367292,36.41707137670718,62468000,36.24065036773682,36.82105140686035,36.31408703424927,36.31566972793825,49.45418962094081,0.03851859901813359
2017-10-11,36.53140640258789,36.63174646571717,36.34472332346069,36.396061259237754,67622400,36.204480934143064,36.85412643432617,36.334784116948185,36.32412998968922,61.6691900349891,0.4169144368053157
2017-10-12,36.40306854248047,36.7227610178256,36.34006223454997,36.484743517971275,64500400,36.1778787612915,36.851674728393554,36.341287395570305,36.327225619210445,66.32300620666372,-0.35130829263209096
2017-10-13,36.63409423828125,36.701765051714794,36.49874905072944,36.57342017035663,65576800,36.1441593170166,36.86114219665527,36.369173761542775,36.33925968270342,76.3077407998034,0.6346324775648782
2017-10-16,37.3084831237793,37.33648434762094,36.788103309491405,36.84644156628456,96486000,36.158277702331546,36.88028533935547,36.458631796041495,36.37726844509856,76.87462194689527,1.8408777384028685
2017-10-17,37.44615173339844,37.539491498003954,37.156792766027294,37.28513761287271,75989200,36.1785795211792,36.89093170166016,36.55268131388501,36.419185436796596,75.91418873048201,0.36900082258073397
2017-10-18,37.28047561645508,37.50216382462566,37.24314184095446,37.43448945770484,65496800,36.22163352966309,36.89236045837402,36.62199505698692,36.4529615222734,77.4580920451082,-0.4424382994623999
2017-10-19,36.39839553833008,36.65508523154097,36.174378679422176,36.57807832357771,170336800,36.251852416992186,36.871591873168946,36.60069986473388,36.450821679765816,56.309466112287325,-2.3660644440267387
2017-10-20,36.46141052246094,36.81144006347656,36.393739711232485,36.54541775473207,95896400,36.302724075317386,36.87593231201172,36.58743421308884,36.45123692849896,58.299276380098945,0.17312571941392463
2017-10-23,36.44273376464844,36.797431284478705,36.28638769831077,36.61074819190047,87937200,36.36829605102539,36.86981834411621,36.57365321799928,36.450903471093056,55.98863687708758,-0.05122335517161458
2017-10-24,36.65974044799805,36.73441152125276,36.449720710561465,36.47072161610036,71028800,36.41449966430664,36.85698356628418,36.581852001808684,36.45909315646188,62.89146414021394,0.5954731188693607
2017-10-25,36.498741149902344,36.764763409729866,36.23271889007482,36.6154176421194,84828400,36.4399356842041,36.83276153564453,36.57393668257951,36.460647979734055,53.978131276100605,-0.4391719530150051
2017-10-26,36.73209381103515,36.83010163635278,36.58508029271675,36.69008842265107,68002000,36.48812313079834,36.81624015808106,36.58899926624195,36.471292914294885,57.6840511067533,0.6393444096452816
2017-10-27,38.04820251464844,38.176547360433645,37.03311566970075,37.17079306759591,177816800,36.59231548309326,36.84046226501465,36.72797100418543,36.53313250646561,69.14508210597596,3.582993962674408
2017-10-30,38.90460586547851,39.21963378647606,38.204546983869406,38.24421655987855,178803200,36.742944145202635,36.883492431640626,36.93526956240382,36.62613146172102,74.10879627943297,2.2508378694114706
2017-10-31,39.44600296020508,39.58834848101284,38.95596363006105,39.17998059221677,144187200,36.912825965881346,36.938704071044924,37.174387028861084,36.73671465774001,75.90229025438381,1.3916015409552562
2017-11-01,38.94427108764648,39.655998249850384,38.64557961640734,39.63966183531107,134551200,37.069288635253905,36.971886520385745,37.34294741541208,36.8232854981285,71.17834405029173,-1.2719460399188476
2017-11-02,39.228981018066406,39.31998856430416,38.56859146534219,38.87661919764533,165573600,37.217701530456544,37.009829940795896,37.52256966328392,36.91762649891038,71.43395508232214,0.7310701226867833
2017-11-03,40.253395080566406,40.66409510504927,39.931366780502856,40.60342460300612,237594400,37.418385696411136,37.07157516479492,37.78264827445368,37.04844095309297,72.99548246693165,2.611370563074833
2017-11-06,40.66175079345703,40.83443325514327,40.07136812561474,40.2230461160659,140105200,37.63318691253662,37.13873390197754,38.05684851435876,37.19013937820529,74.09075580298703,1.0144627852465726
2017-11-07,40.79243469238281,40.895110575377075,40.51007957483256,40.58241843039198,97446000,37.85382194519043,37.20099235534668,38.31738053131343,37.33140586111421,76.44971692589503,0.32139270045108415
2017-11-08,41.12612533569336,41.12612533569336,40.68042034504871,40.757427246103816,97638000,38.0835578918457,37.26320426940918,38.58488003649247,37.480218389529085,88.81203808092187,0.8180209046773523
2017-11-09,41.042110443115234,41.093448367535544,40.40272219576949,40.862427707644144,117930400,38.315509986877444,37.32168212890625,38.81890197998035,37.61990043084619,87.47578966422292,-0.20428594206809425
2017-11-10,40.90629196166992,41.07256975543336,40.81261664659578,41.009336952342,100582000,38.529119873046874,37.37441017150879,39.01770102585555,37.74877853009418,85.8306493150164,-0.3309247014321004
2017-11-13,40.742374420166016,40.866495869593095,40.608883291450695,40.63230391618568,67928400,38.700814437866214,37.42362648010254,39.1819556348375,37.866174447351895,83.05456310967466,-0.4007147400637012
2017-11-14,40.126426696777344,40.627597062571766,40.08895514689948,40.524552087149495,99130000,38.83482818603515,37.46971794128418,39.271905259784155,37.95481179046662,77.35585602689738,-1.5118110619586234
2017-11-15,39.59716033935547,39.88755953383596,39.433226751134306,39.80559095298327,116632400,38.95066242218017,37.50601760864258,39.302881934029045,38.01921761591324,70.68203973057668,-1.3189969827649306
2017-11-16,40.07023239135742,40.25055756737149,39.88287817128605,40.08896459722849,94550000,39.13425426483154,37.554812088012696,39.375962929965084,38.09964956789145,66.6191770032977,1.1947120650764642
2017-11-17,39.84774017333984,40.13813934158887,39.72830362131391,40.056170768140326,87598000,39.30357074737549,37.61143135070801,39.42089409600077,38.16820214065413,58.65338239916219,-0.5552556217906401
2017-11-20,39.80793762207031,39.94376935104812,39.70957745422116,39.88053653832911,65049600,39.47183094024658,37.65386001586914,39.457755384197874,38.23250549286653,53.6574440641848,-0.09988659606888772
2017-11-21,40.5479850769043,40.679131968027136,39.99529205468322,39.99529205468322,100525200,39.666243171691896,37.714076614379884,39.561586783503245,38.32330861380919,65.46125895523491,1.8590449519386487
2017-11-22,40.97420501708984,40.9835711181554,40.52689775467844,40.5994966517589,102355600,39.89001636505127,37.78846481323242,39.69612185336864,38.42726533550647,66.3786412494021,1.0511494945486533
2017-11-24,40.97654724121094,41.10066863268449,40.901604135839165,41.00699332445372,56106800,40.10223903656006,37.86929351806641,39.81806712840124,38.52723717494586,58.39766954370758,0.005716338169636792
2017-11-27,40.770450592041016,41.002301766111664,40.59480673778599,40.99527629782013,82867200,40.23835144042969,37.93853286743164,39.90877031541455,38.615206328557434,51.32450485039766,-0.5029624579072522
2017-11-28,40.53158950805664,40.953132024129054,40.24821576706764,40.819644513635296,105715200,40.31970062255859,38.00864234924316,39.96808642899951,38.69035861010642,46.90324561633922,-0.5858681484158135
2017-11-29,39.69083023071289,40.49645069529323,39.14750704492756,40.428536637126456,166665600,40.33194198608398,38.061656646728515,39.94168107678174,38.72959279130668,34.79127996843896,-2.0743308800574622
2017-11-30,40.24587631225586,40.313790385637134,39.44728113777023,39.9133206954704,166108800,40.39702224731445,38.13818626403808,39.9706520515888,38.789054890167435,42.32869220829051,1.3984239642169882
2017-12-01,40.05852508544922,40.20372291948373,39.461335027604534,39.80091256685432,159037200,40.438499450683594,38.22347640991211,39.97902091195646,38.83883803508045,41.91250805157374,-0.4655165795199423
2017-12-04,39.765777587890625,40.426196759021686,39.72596540146465,40.393410042348286,130169600,40.4141185760498,38.30991241455078,39.95871202395019,38.87518860577889,40.90700824804809,-0.7307994913295812
2017-12-05,39.728309631347656,40.16859150096301,39.437910419167515,39.592477914690065,109400800,40.36744651794434,38.401852722167966,39.936768938940425,38.908644332271784,45.84565338887111,-0.09422161168647358
2017-12-06,39.58076858520508,39.85945749580217,38.98358214647934,39.22714013077905,114240000,40.30686321258545,38.47875473022461,39.902864143346584,38.9350021461123,49.814146010216135,-0.3713750912426428
2017-12-07,39.65335464477539,39.915648299755055,39.557335155547825,39.585437026157635,102693200,40.23322467803955,38.55202140808105,39.87910133395885,38.963172832334386,44.80119501822023,0.1833871907112039
2017-12-08,39.665077209472656,40.046811113897945,39.53627453543775,39.92737454264423,93420800,40.16437301635742,38.6299560546875,39.85871808400778,38.99069849418295,47.595648829357636,0.029562605238009354
2017-12-11,40.43791198730469,40.48943448741607,39.52924633823246,39.62526586784773,141095200,40.14095401763916,38.71942718505859,39.9138794081313,39.04745196450145,56.95086780623231,1.948401042435055
2017-12-12,40.21074295043945,40.372335910833776,40.1545391892479,40.316128576157915,77636800,40.114372444152835,38.80580139160156,39.94215212644636,39.09307121885196,45.80413672649954,-0.5617724202390928
2017-12-13,40.344242095947266,40.64166325433846,40.28100927848082,40.398105235685705,95273600,40.12526321411133,38.89171890258789,39.98044640925597,39.142136743443935,41.54644716433507,0.3319987041083827
2017-12-14,40.33251190185547,40.54562729654022,40.19902086117933,40.37466471039535,81906000,40.16203079223633,38.98206878662109,40.013976456170205,39.18881812220517,41.37932795215764,-0.029075262001199143
2017-12-15,40.742374420166016,40.78921209615037,40.388745856975646,40.66275001364404,160677200,40.19563789367676,39.07170181274414,40.083347690836476,39.24974189859579,49.643629095360204,1.0162087581053747
2017-12-18,41.31612777709961,41.49879714319126,40.950789044916306,40.9554738827219,117684400,40.269057273864746,39.17323013305664,40.20075531809963,39.33077663892928,59.177881191194025,1.4082472244170585
2017-12-19,40.8758430480957,41.074907545710694,40.77045743255763,40.990598338583446,109745600,40.322452545166016,39.26343246459961,40.265049387623066,39.391367478504435,65.29602930749232,-1.0656485800877635
2017-12-20,40.83135223388672,41.081935665957744,40.57373975840791,40.95312942821834,93902400,40.33662090301514,39.35246482849121,40.31898299202913,39.44783746891159,58.70456136052478,-0.10884378373954284
2017-12-21,40.98591995239258,41.222456040069694,40.772808055776665,40.789199629292725,83799600,40.33720664978027,39.4415550994873,40.38250079777803,39.5081544290481,63.9237715161505,0.37855155425781106
2017-12-22,40.98591995239258,41.08193948157864,40.86648337911435,40.90863620257095,65397600,40.33767528533936,39.533212127685545,40.4399692886937,39.566106018198866,70.08458239405223,0.0
2017-12-26,39.94610595703125,40.156877194680966,39.7376717779659,39.9999690824779,132742000,40.296458053588864,39.599452362060546,40.392934685678235,39.58100797658445,52.695595189533,-2.537002942886557
2017-12-27,39.95314025878906,39.99529308624371,39.744709607131966,39.83604430676856,85992800,40.26753559112549,39.652345504760746,40.35104950216498,39.595601399416005,54.77479257790374,0.017609480547053913
2017-12-28,40.065547943115234,40.24587669436901,39.925031383322896,40.046812163577286,65920800,40.286271476745604,39.70473342895508,40.32385887749358,39.614030675639505,55.23198047703436,0.28134880912507043
2017-12-29,39.63228225708008,39.95078328774862,39.62994162524209,39.93439171791527,103999600,40.255591773986815,39.75176956176758,40.257994437454194,39.614746423931294,49.623972671644204,-1.081392139327042
2018-01-02,40.34188079833984,40.35125047209825,39.63930535276698,39.850080130528944,102223600,40.269759559631346,39.83063926696777,40.265983614681396,39.643261497437514,48.88270288791159,1.7904559133305797
2018-01-03,40.334861755371094,40.87818856844172,40.27163252810483,40.40512002581769,118071600,40.29821376800537,39.90810829162598,40.27254343760423,39.67038307618001,51.522060687825295,-0.017398898687515096
2018-01-04,40.52222442626953,40.62526943467592,40.299742834565635,40.40746910809244,89738400,40.33790950775146,39.9896981048584,40.29632257938187,39.703788619320775,52.15412842681265,0.4645179448854453
2018-01-05,40.98358154296875,41.0702314004302,40.52690806332976,40.618242759257555,94640000,40.40805015563965,40.076174926757815,40.36177581400919,39.75397657711089,57.106477664689734,1.1385286055523913
2018-01-08,40.83135223388672,41.12643269112992,40.732988507988125,40.83135223388672,82271200,40.466950035095216,40.1628271484375,40.40649737780705,39.79622660286681,51.029077108648494,-0.371439740868984
2018-01-09,40.82666778564453,40.997626844556606,40.61121170113573,40.87819028123188,86336000,40.52502956390381,40.244718627929686,40.446513607124906,39.83663606101496,43.48102211216324,-0.011472674760693025
2018-01-10,40.81729888916016,40.81964309485793,40.515192953344034,40.55266450966543,95839600,40.543998908996585,40.300100555419924,40.48182649112827,39.87509342682458,49.11915992180524,-0.02294798226873951
2018-01-11,41.04915237426758,41.09833424132138,40.864142361699365,40.88755940557088,74670800,40.58591938018799,40.342991485595704,40.53585752761772,39.92113495417529,53.10206862528839,0.5680275065163221
2018-01-12,41.47303771972656,41.53627052568865,41.13580085257462,41.25992225875077,101672400,40.64235916137695,40.38353218078613,40.62511278400904,39.98199388615769,56.44356037554767,1.0326287412568025
2018-01-16,41.262264251708984,42.01167748658843,41.25055394405002,41.66273032986267,118263600,40.68884677886963,40.42989204406738,40.68579387617094,40.0322005671597,53.462393631359916,-0.5082180607120623
2018-01-17,41.94375991821289,41.97888726477312,40.99996709013325,41.25289113233468,137547200,40.74891605377197,40.484187622070316,40.805600165889224,40.107163678965705,77.49820152384774,1.6516196550597106
2018-01-18,41.981224060058594,42.17794790326898,41.74469161004063,42.00698530300974,124773600,40.78217086791992,40.518744201660155,40.917564346286305,40.180656242930134,77.68514391171603,0.08931994155687573
2018-01-19,41.79387664794922,42.056170360899095,41.547974505316795,41.829003993975064,129700400,40.8280725479126,40.54138671875,41.00102266073039,40.243919788225,73.12018468754897,-0.44626476789089153
2018-01-22,41.45195770263672,41.63462706087131,41.35828239145941,41.52221597276173,108434400,40.8591028213501,40.55457717895508,41.04396885519766,40.291293824084285,74.9519548139866,-0.8181077534220038
2018-01-23,41.46131896972656,42.02338149170278,41.4098000560253,41.52221113102708,130756400,40.8828727722168,40.561281051635746,41.08371648515279,40.337177163129084,68.9985083671284,0.022583413688193055
2018-01-24,40.800907135009766,41.52221851030546,40.5620304313799,41.510508202321624,204420400,40.87362213134766,40.55645698547363,41.056782261329644,40.355362652222446,56.47372643444037,-1.592838460346624
2018-01-25,40.07256317138672,40.97185891844492,39.93673148456798,40.86881394406632,166116000,40.87994499206543,40.53978240966797,40.96304710990651,40.3442724765034,44.569958153907365,-1.7851170838260155
2018-01-26,40.1662483215332,40.28100362995669,39.82667080795431,40.28100362995669,156572000,40.89060039520264,40.52825988769531,40.887161511013815,40.337291137092805,39.168148769037685,0.23378876401243254
2018-01-29,39.33485794067383,39.85007920746292,39.12642737292119,39.85007920746292,202561600,40.854065895080566,40.512428512573244,40.73932307574334,40.29798003135089,33.192952210724144,-2.0698731288121497
2018-01-30,39.10301971435547,39.196695039895985,38.57140312952726,38.765782824834226,184192800,40.827602767944335,40.50254570007324,40.58348466037307,40.25111884244911,31.581564770488967,-0.5893963737406249
2018-01-31,39.21073913574219,39.44727518768578,38.99294243381661,39.07959227348799,129915600,40.77104568481445,40.485355834960934,40.452746991360605,40.21031963826452,33.18614808486164,0.2754759662389361
2018-02-01,39.29270935058594,39.48942965217391,39.05383265666675,39.149852175352834,188923200,40.7189380645752,40.47425521850586,40.34226721604873,40.17433492110066,31.022117733177595,0.2090504199881993
2018-02-02,37.587791442871094,39.063200793643205,37.49411613346626,38.875846601349544,346375200,40.57221641540527,40.42985229492187,40.079936190031816,40.07290184352303,17.12231925077829,-4.3390184486970735
2018-02-05,36.648677825927734,38.3793551679824,36.53392255197071,37.25991859617889,290954000,40.355471229553224,40.35186614990234,39.753149679164764,39.93861854871537,15.243320665530916,-2.4984538353914676
2018-02-06,38.18030548095703,38.341898465025935,36.065552892674454,36.25993260007003,272975200,40.22291889190674,40.295988159179686,39.60335499362117,39.869665095077785,24.8671091521327,4.179216675439568
2018-02-07,37.36297607421875,38.266956997625066,37.252909163167054,38.194358076650865,206434400,40.04973430633545,40.223716735839844,39.3899855727257,39.77136356484802,22.0680916489859,-2.140709448084266
2018-02-08,36.334861755371094,37.70488541893073,36.30675987869789,37.53860764381872,217562000,39.825612449645995,40.135004959106446,39.09902139964431,39.63659878800579,20.03091047689253,-2.7516927902247024
2018-02-09,36.779293060302734,37.12730914186198,35.32843847604352,36.93449073015276,282690400,39.61211948394775,40.05995903015137,38.87809489113559,39.52454758299783,24.633358087452308,1.2231539724131268
2018-02-12,38.260711669921875,38.53818298500872,37.03794626199481,37.270742729099624,243278000,39.45150318145752,40.03135665893555,38.81929648911524,39.474985390328186,35.01912649483771,4.0278604789663275
2018-02-13,38.64400863647461,38.74041964665234,38.01146342597023,38.0820081550772,130196800,39.3205904006958,39.999319305419924,38.80260240791137,39.442398066647655,39.63547509586972,1.0018030241033316
2018-02-14,39.35648727416992,39.39646176761508,38.3006812833972,38.33830201437041,162579600,39.19122676849365,39.985278549194334,38.855353347555045,39.439029015962255,46.55379234301732,1.8436975428652413
2018-02-15,40.678016662597656,40.70152917267764,39.73978032072299,39.92554457898195,204588800,39.12606639862061,40.00352333068847,39.028940329940056,39.4876167668107,52.20263659000063,3.3578438523274023
2018-02-16,40.54632568359375,41.108329490589895,40.39113165769863,40.52986728771876,160704400,39.06368885040283,40.0198836517334,39.173453220764216,39.5291347635473,55.54829555083228,-0.3237399209902847
2018-02-20,40.40995788574219,40.97665865050468,40.30884294882415,40.456986503540875,135722000,39.0115888595581,40.03646743774414,39.29121556980974,39.563676846770626,56.0383358877432,-0.33632590759448133
2018-02-21,40.22654342651367,40.943737915034774,40.21243161204451,40.64040028293785,149886400,38.94985008239746,40.04793121337891,39.38029441330535,39.58967161460369,54.66063560661405,-0.45388431175086286
2018-02-22,40.56280517578125,40.90376716834371,40.377040864154694,40.39820320572218,123967600,38.93794498443604,40.06588577270508,39.4929144859221,39.62783371504202,55.694479220969356,0.8359200682551027
2018-02-23,41.26823806762695,41.30350863075407,40.80734904379779,40.8379192572101,135249600,38.997728729248045,40.08249229431152,39.66199292227494,39.692163297496336,68.12580055977656,1.739112689047695
2018-02-26,42.084197998046875,42.18295916461196,41.435194508596325,41.46811489745136,152648800,39.09362621307373,40.11996139526367,39.892679119967504,39.78596857987087,77.09805696550387,1.977210485901515
2018-02-27,41.94782638549805,42.43928220604922,41.893743640494264,42.114782147972065,155712400,39.22427463531494,40.15203308105469,40.08840743097041,39.87074731734644,71.81768658071545,-0.32404469857107987
2018-02-28,41.88433074951172,42.47219752328346,41.86787234563421,42.15239785482947,151128400,39.36334018707275,40.183069458007814,40.259447747021966,39.949711373509786,78.6878365582903,-0.15136811953688767
2018-03-01,41.150665283203125,42.27466602503721,40.60042296283479,41.9830828764742,195208000,39.4603364944458,40.19123527526855,40.34432560761065,39.99680760526247,81.74216122491671,-1.7516466257901153
2018-03-02,41.4351921081543,41.45635444518084,40.55103842203479,40.63334118343101,153816000,39.56746063232422,40.19361656188965,40.448217655281475,40.053214840669995,81.34900943052143,0.6914270352448293
2018-03-05,41.578636169433594,41.79497067660836,41.03779810746997,41.2000498848644,113605600,39.76700286865234,40.20767242431641,40.5558765613912,40.113035284935236,77.24999310740665,0.34618896155924617
2018-03-06,41.54336929321289,41.91490152976552,41.416391647125984,41.83495250859769,95154000,40.0117374420166,40.22191276550293,40.649923488231366,40.169126814671614,75.25616708380907,-0.08481970422740126
2018-03-07,41.15772247314453,41.350544470010895,40.97901229082367,41.136560133406576,126814000,40.16060829162598,40.22534881591797,40.69828529631833,40.20789527186663,66.63782016271965,-0.9282993330330669
2018-03-08,41.60685348510742,41.64917816458234,41.16713034853489,41.26353775891226,95096400,40.37280216217041,40.23776748657227,40.78481560001253,40.262756378268236,60.22795723134542,1.0912435989526514
2018-03-09,42.32170867919922,42.32641261858986,41.71267949209813,41.84671485432314,128740800,40.67214450836182,40.285279541015626,40.93118636945888,40.343499605755724,67.32472989553182,1.7181188535385639
2018-03-12,42.73085021972656,42.88839804722147,42.37578006415326,42.39458863897228,128828400,40.96972236633301,40.34083374023437,41.10258292662723,40.43712119846047,71.50322685535346,0.9667415454055917
2018-03-13,42.31935119628906,43.14941874671563,42.14769511274194,42.93543439207039,126774000,41.17265434265137,40.38590980529785,41.218465618975976,40.510934139551786,68.60373243195403,-0.9630021900372432
2018-03-14,41.9595832824707,42.44868891385226,41.811439693661825,42.40166028523092,117473600,41.33843307495117,40.43245582580566,41.28904825359452,40.56774390986233,62.3647969159345,-0.8501262511082852
2018-03-15,42.00895309448242,42.382839043917734,41.87257117709006,41.97368252757985,90975200,41.471056365966795,40.46579727172852,41.35761061939337,40.62426191710233,57.418810080540396,0.11766039638516634
2018-03-16,41.86081314086914,42.119472337041785,41.7667523156716,42.008953109968175,157618800,41.53019618988037,40.496316299438476,41.40553466905773,40.67275412195593,47.41711104936066,-0.3526390035954896
2018-03-19,41.22120666503906,41.731474442720966,40.83556631937817,41.696203881980296,133787200,41.56394023895264,40.510295944213865,41.387979621055955,40.69426206482194,42.47424961379359,-1.5279361002321856
2018-03-20,41.20711135864258,41.57393965755342,41.13656662699339,41.20711135864258,78597600,41.603797912597656,40.51476654052735,41.370754072254684,40.71437380183452,42.91338174066815,-0.03419430806822499
2018-03-21,40.27357864379883,41.17183722398214,40.271224880308154,41.16007917069106,148219600,41.606149673461914,40.50361106872558,41.26626117430651,40.69708771720567,41.19041287887205,-2.2654650715960845
2018-03-22,39.70451736450195,40.60512596898789,39.64573069596585,39.97493460454661,165963200,41.56323528289795,40.481168060302736,41.117523668610836,40.658163389648664,33.556715677888704,-1.4129891071512635
2018-03-23,38.785099029541016,39.95612864394828,38.785099029541016,39.596354463690304,164115200,41.43907833099365,40.44052406311035,40.895387988699426,40.58470988533072,26.869071647193707,-2.315651709150224
2018-03-26,40.62629318237305,40.70389201786306,39.137814257363395,39.52110449652672,150164800,41.36618309020996,40.43206687927246,40.869759911906435,40.58634060286179,44.15462526831157,4.747168884188402
2018-03-27,39.584590911865234,41.18593921489509,39.2506830596845,40.8402733112041,163690400,41.24802131652832,40.394297943115234,40.74736286428347,40.54705630125408,40.74684554867506,-2.564108583157143
2018-03-28,39.147212982177734,39.979634125998444,38.84387538478574,39.32827690592115,166674000,41.11116542816162,40.35199691772461,40.594967637416254,40.49216048481971,35.512371937348945,-1.104919665991544
2018-03-29,39.452911376953125,40.386444023671224,39.24598114149307,39.45996549061165,153594000,41.026277732849124,40.302179946899415,40.486200374515,40.45140561784456,32.246673780228704,0.7808944021495678
2018-04-02,39.19425201416016,39.7256858766554,38.67457979286387,39.184847724476676,150347200,40.91423072814941,40.24644050598145,40.363157673528825,40.4021054765236,27.698679670466092,-0.6556154001452486
2018-04-03,39.59634780883789,39.6810007539685,38.77098428485459,39.41998780548692,121112000,40.81511631011963,40.20248992919922,40.29012816260588,40.37050713661436,32.80871361639835,1.025905009062189
2018-04-04,40.353515625,40.447572847156515,38.745113444973654,38.77097971927465,138422000,40.75562362670898,40.18052108764648,40.296165063786276,40.36984080282556,40.34480844917837,1.9122162978705504
2018-04-05,40.63335037231445,40.96960843017721,40.46404446170888,40.5816178114042,107732800,40.72940502166748,40.16396171569824,40.32827795031277,40.38017451143297,41.95326634825397,0.6934581609070234
2018-04-06,39.593997955322266,40.55809716197049,39.55166968838654,40.203026977373334,140021200,40.62876224517822,40.139823532104494,40.25834652221843,40.34934405825216,37.99203337962206,-2.5578801833194387
2018-04-09,39.98668670654297,40.70153091084203,39.93965809632183,39.94671220845235,116070800,40.51201114654541,40.13810600280762,40.23247415882077,40.335122201322385,43.28472490824186,0.9917885828650386
2018-04-10,40.73915481567383,40.915514793230855,40.33470231343214,40.68036815648815,113634400,40.41242637634277,40.14956413269043,40.28072945947344,40.350966617571466,47.64378316166991,1.8817965955847393
2018-04-11,40.54869842529297,40.89671454438979,40.37468857171758,40.49931603844929,89726400,40.32389373779297,40.17384094238281,40.30625031336101,40.35872080610957,51.49730335501749,-0.46750206586902987
2018-04-12,40.94844436645508,41.15067066294944,40.68978157278076,40.77678828777325,91557200,40.273336791992186,40.2107494354248,40.36741165175092,40.381847220240765,56.89701850017218,0.9858416094381095
2018-04-13,41.0871696472168,41.34818254998791,40.88024305273315,41.09892769632506,100497200,40.227247619628905,40.248278045654295,40.43596003227148,40.409506923259435,63.97367879947616,0.33878034418166614
2018-04-16,41.34349822998047,41.43050136861836,41.11070168436992,41.15773031098353,86313600,40.201381874084475,40.28929382324219,40.5223922415771,40.44613403332693,55.39065326880985,0.6238652722116544
2018-04-17,41.91253662109375,42.07713854447609,41.48221785764595,41.50103001861147,106421600,40.235948371887204,40.37578872680664,40.65478694438821,40.50364001716092,68.83561580414275,1.3763673019344003
2018-04-18,41.8184814453125,42.04892775712022,41.59274265944586,41.8114273325075,83018000,40.266516876220706,40.479184799194336,40.76561499209529,40.55520242610804,72.88488877123842,-0.22440821616583895
2018-04-19,40.63335037231445,41.242379462603296,40.60042997792192,40.8590891944193,139235200,40.284505462646486,40.52824569702148,40.75301836163997,40.55826705144947,58.788589332647184,-2.8339887820840293
2018-04-20,38.968502044677734,40.26180858382198,38.900307508758615,40.116018813040874,261964400,40.247704696655276,40.56035621643066,40.58306442669118,40.49592332569372,48.610245467956865,-4.0972460119140575
2018-04-23,38.85563659667969,39.2506812754814,38.58521577645036,39.229518936557035,146062000,40.251231575012206,40.61077171325684,40.41854749049961,40.431598355928465,45.271677696894315,-0.2896325033706626
2018-04-24,38.31480026245117,39.11194735682978,37.91034768951034,38.95674968831802,134768000,40.135656929016115,40.6414818572998,40.21819061163786,40.34858666598818,36.616235606061736,-1.3919121692494207
2018-04-25,38.48176193237305,38.89797265997753,38.1901822759273,38.239561081204,113528400,40.080515480041505,40.64590286254883,40.052816451707876,40.27537785290524,35.662771390718234,0.43576286129174413
2018-04-26,38.61579513549805,38.97086539550455,38.41591898573984,38.59227902797794,111852000,40.05394458770752,40.6453385925293,39.91595727873551,40.2102961777128,42.587331485586304,0.34830318674219374
2018-04-27,38.16901016235352,38.64165368931231,37.77161170591066,38.56405485568262,142623200,39.98974952697754,40.62158905029297,39.74958136288961,40.13024574573792,36.33794094119067,-1.1570005785891735
2018-04-30,38.86033630371094,39.33062963053425,38.05613514540948,38.12432968710872,169709600,39.973053741455075,40.58523544311524,39.664891357253545,40.080445375462354,35.74738674647401,1.8112236560938522
2018-05-01,39.76331329345703,39.786825813515165,38.86270089117531,39.130768018607526,214277600,39.98140201568604,40.5695751953125,39.67426487498721,40.068008823226855,44.62334365745503,2.323646873997487
2018-05-02,41.51984405517578,41.79731536883284,40.86848685602493,41.20474482983506,266157600,40.03971843719482,40.591772918701174,39.85003432071945,40.124943538205244,53.29890590732522,4.417465790024555
2018-05-03,41.59510040283203,41.73854003605556,41.01899169459304,41.357603523058685,136272800,40.087805938720706,40.61914405822754,40.01623109044446,40.18259674858277,52.954125427917894,0.18125392657120099
2018-05-04,43.22700881958008,43.32576998137287,41.896077928083315,41.91489009052762,224805200,40.269456481933595,40.672428131103516,40.32201944560023,40.30198545724933,59.44347220708084,3.923318854729674
2018-05-07,43.53975296020508,44.12996973811429,43.44334197614829,43.54445330963248,169805600,40.4471097946167,40.717858428955076,40.62847025651498,40.42895673187505,58.37367724893692,0.7234924394845965
2018-05-08,43.74904251098633,43.7890170178285,43.18939223908844,43.49978759299765,113611200,40.59760417938232,40.751155319213865,40.92566761408368,40.559156174193134,59.81824933155938,0.48068612371903185
2018-05-09,44.057090759277344,44.066495049580375,43.553876908789505,43.86662248516598,92844800,40.773023796081546,40.793340606689455,41.22389838981641,40.69633007949056,69.11762011975235,0.7041256919249284
2018-05-10,44.68727493286133,44.76487377033595,44.12527449301821,44.14644042182307,111957200,40.95996532440186,40.84939949035645,41.55374377486831,40.852837720799215,86.10452027200824,1.430380814355714
2018-05-11,44.51731872558594,44.86431758098543,44.24821793995877,44.729768989116714,104848800,41.131472778320315,40.9167325592041,41.83598900826999,40.99654285824183,85.48826443751561,-0.3803234982010739
2018-05-14,44.4134521484375,44.739207039830816,44.3449982374365,44.61645824567123,83115200,41.28497047424317,40.976297760009764,42.08146168828594,41.130539300994606,90.44269986152514,-0.2333172350039603
2018-05-15,44.009803771972656,44.15851859124368,43.69349302796125,44.090061076831134,94780800,41.38983383178711,41.02492111206055,42.26511331530372,41.24345163318983,85.54300377174869,-0.9088426072258016
2018-05-16,44.42052459716797,44.4866228592068,43.90592994287319,43.92245540885511,76732400,41.51993598937988,41.08246421813965,42.470390580243176,41.36804272981642,86.03970709233873,0.9332484810052222
2018-05-17,44.13963317871094,44.59285534241712,43.99091836181578,44.378045851766245,69176000,41.69525012969971,41.14210243225098,42.62936606581153,41.4767325513417,87.8493689123877,-0.6323460179822771
2018-05-18,43.9791145324707,44.33319468202338,43.93662664343136,44.186842706146265,73190800,41.945780754089355,41.18954765319824,42.75791353882669,41.57486517805264,84.79066079742884,-0.3636610335893242
2018-05-21,44.29070281982422,44.67783027119842,44.120744075134155,44.37804142960773,73603200,42.21753406524658,41.228927536010744,42.90389347035027,41.68136861498486,83.46110731435557,0.7084914979892609
2018-05-22,44.17975997924805,44.585772159242794,44.09005852495706,44.46774544649757,60962800,42.51078205108642,41.25790573120117,43.025404566435775,41.779344746916756,75.97795334496219,-0.25048787558754615
2018-05-23,44.4630241394043,44.49607147546965,43.84928378174547,43.988558042632555,80233600,42.80984516143799,41.30077919006348,43.1623207162423,41.88458707603392,76.91586155144921,0.6411627412401089
2018-05-24,44.4134521484375,44.57632959413416,43.95551151224936,44.55980772674339,92936000,43.09972801208496,41.349856567382815,43.28147609073708,41.983758255343865,65.83936907142152,-0.11149037189053246
2018-05-25,44.51494598388672,44.76752122268888,44.29541447169025,44.432325861706495,69844000,43.417024803161624,41.3999764251709,43.39894941389419,42.08302051920829,63.79735603882933,0.22852048318606766
2018-05-29,44.35443878173828,44.55508564127601,44.11130403301255,44.2836256330916,90056400,43.69172992706299,41.44984893798828,43.489948401307906,42.17209574518986,58.68523737857436,-0.36056923938880825
2018-05-30,44.26002883911133,44.37805558268229,44.09007004021791,44.31196089443378,74762000,43.9165657043457,41.51062538146973,43.56328939538442,42.25397547436325,53.10154485489511,-0.21285342621858439
2018-05-31,44.11129379272461,44.43232653232457,43.93897583453814,44.19391391615182,109931200,44.04613819122314,41.56870903015137,43.615480290369206,42.32681148684801,39.67818411510886,-0.3360482364966
2018-06-01,44.906795501708984,44.91151397586439,44.319021299380815,44.3756754062437,93770000,44.211722946166994,41.66137336730957,43.738462691449186,42.42798733056805,55.70133851540381,1.803396909468069
2018-06-04,45.28211975097656,45.65744375602655,45.16881513852328,45.237269033035616,105064800,44.31447849273682,41.77292541503906,43.885477649499414,42.5399140921527,61.77976237279578,0.835784974354925
2018-06-05,45.631492614746094,45.780207443365335,45.40724255383238,45.574842090997706,86264000,44.41906547546387,41.909853286743164,44.051764789046715,42.66115246558773,72.31983098260264,0.7715470602764674
2018-06-06,45.789649963378906,45.8132567505479,45.30338040357382,45.70703341206747,83734400,44.5210958480835,42.01312042236328,44.21727766279264,42.783838641971705,70.2516589175281,0.3465969214903719
2018-06-07,45.66690826416016,45.841585535827775,45.40252591473598,45.82742290319422,85388800,44.601586723327635,42.13476676940918,44.355337720065734,42.89690019578302,73.69977576829565,-0.26805555254715285
2018-06-08,45.25144958496094,45.32226634650537,44.79586811569759,45.12634153371815,106627200,44.629795455932616,42.256851501464844,44.440681707198614,42.98923546594686,68.29608126447488,-0.9097587180546651
2018-06-11,45.14048767089844,45.31516847195939,44.89971581227377,45.168816526298656,73234000,44.66095390319824,42.37060302734375,44.50732989421765,43.07359829751359,62.96809873093492,-0.24521184421764097
2018-06-12,45.38835144042969,45.46624950148121,45.12160992245534,45.178264040098995,67644400,44.709698867797854,42.49448501586914,44.5912367081426,43.16437293056912,67.7038152958282,0.5490941332719546
2018-06-13,45.015377044677734,45.52997526547218,44.95400446501303,45.421389130185375,86553600,44.75997753143311,42.602865600585936,44.63163102590785,43.23696132720083,57.88383007916717,-0.8217403450783367
2018-06-14,45.03899765014648,45.22075980980726,44.9020862209634,45.21603773241758,86440400,44.79090118408203,42.696575241088865,44.67042784726391,43.30762941829674,58.995158567076196,0.05247230395359903
2018-06-15,44.57632827758789,44.88792053004648,44.43941685773997,44.85723243194056,246876800,44.81273593902588,42.775434799194336,44.66146598348524,43.35738231473953,50.799602857122984,-1.0272639194870758
2018-06-18,44.55272674560547,44.666031386199435,44.18920243761086,44.34972064685109,73939600,44.84141654968262,42.874609375,44.651109865591934,43.40425856693035,52.67855854593126,-0.05294633473499344
2018-06-19,43.832759857177734,43.98383390094082,43.30399890306228,43.70292975662603,134314000,44.81851940155029,42.951530838012694,44.57317176955249,43.421062539096916,45.06270034665039,-1.6159883827957855
2018-06-20,44.02396774291992,44.18920443498189,43.84220558070689,43.98856116672441,82514800,44.810729789733884,43.01722709655762,44.52086662415891,43.44470588042331,49.0007141497689,0.4362214160486655
2018-06-21,43.778472900390625,44.46066720310662,43.65572410212739,44.201006976374714,102847600,44.776502227783205,43.08182258605957,44.4501624599905,43.457794783167124,35.229121576609685,-0.5576390659807751
2018-06-22,43.650997161865234,43.941341854400115,43.59906512230429,43.934260540086285,108801600,44.73837947845459,43.13587364196778,44.37405147921667,43.46537134703764,27.165172253581957,-0.29118361167014273
2018-06-25,43.00185775756836,43.65100476323305,42.66194020375429,43.292202500663755,126652400,44.66272506713867,43.1741674041748,44.24336636286921,43.44719434352904,16.037097217610025,-1.4871124292756832
2018-06-26,43.53533554077149,44.0310492206768,43.08919466961261,43.19542160237072,98276800,44.62176990509033,43.21800415039063,44.17593485600276,43.45065086106796,23.45776049082184,1.2405924093110698
2018-06-27,43.47159957885742,44.20808511168363,43.440911481026525,43.72417487042973,101141200,44.58234844207764,43.2491854095459,44.10885530579844,43.45147237941265,23.788290229165156,-0.1464005298739024
2018-06-28,43.787899017333984,43.95549849058706,43.386609018954445,43.45742574852459,69460800,44.566178703308104,43.28857376098633,44.0782880402304,43.46466558089976,32.101573747426,0.7276001838919965
2018-06-29,43.69585037231445,44.186841936704425,43.17653354905816,43.97439168953857,90950800,44.50563144683838,43.349823760986325,44.041865405190784,43.47373165115132,32.250765127974404,-0.21021480154389538
2018-07-02,44.184478759765625,44.21280762030508,43.296919170467575,43.39134270245,70925200,44.45074939727783,43.454143295288084,44.055447629436,43.50160408678325,36.03506411901622,1.1182489487852276
2018-07-03,43.41495132446289,44.36624646682203,43.325249858311246,44.32847704929608,55819200,44.33992233276367,43.54532958984375,43.99444798134333,43.49820593924128,32.99913119871884,-1.7416238844566112
2018-07-05,43.764312744140625,44.00272905866396,43.499934005229385,43.73126540177672,66416800,44.238655471801756,43.65431983947754,43.972530339704974,43.50864150021773,37.33580944079144,0.8047030090320151
2018-07-06,44.37095642089844,44.47953896425488,43.71708751596208,43.76901955039826,69940800,44.173857879638675,43.772103729248045,44.010475680771016,43.542457771616974,48.01634762128994,1.3861606380167313
2018-07-09,44.987064361572266,45.01066754408912,44.684916250995535,44.732126217918854,79026400,44.160638618469235,43.89952911376953,44.10348412656161,43.59910901043875,53.76433458371436,1.3885387883675326
2018-07-10,44.932769775390625,45.15229772629047,44.89263752447302,45.01774915035912,63756400,44.150252723693846,44.034804306030274,44.18246371216438,43.65140943259373,60.77713503214514,-0.12068932914862662
2018-07-11,44.34972381591797,44.798223934989025,44.28598837520287,44.49607580388834,75326000,44.09832134246826,44.14459205627441,44.19839324585519,43.67879431037115,52.96396180638712,-1.297596303070514
2018-07-12,45.09327697753906,45.18297841471113,44.68726487502903,44.7391969068772,72164400,44.10221633911133,44.25119132995606,44.28362026792033,43.734264218887546,60.968876939860635,1.6765677385215616
2018-07-13,45.16410827636719,45.2844942425338,45.06260341706248,45.10509491222652,50055600,44.10847187042236,44.324076614379884,44.367476268724786,43.790336534867144,62.743715900014685,0.15707729305947105
2018-07-16,45.064971923828125,45.47570268468771,44.94930441888667,45.20896469451428,60172400,44.132904052734375,44.3934740447998,44.43390442635368,43.840322236395025,69.15010314505668,-0.2195025127750272
2018-07-17,45.19242477416992,45.29156677447239,44.6613045999065,44.7911346962154,62138000,44.1648889541626,44.432782363891604,44.50614445947903,43.893345865327376,66.63521367102403,0.28282021468297724
2018-07-18,44.94456100463867,45.27503788963505,44.83361563061922,45.27031581362247,65573600,44.220479011535645,44.46087852478027,44.547898416160905,43.93456998843762,64.25963129283858,-0.5484630903737631
2018-07-19,45.2939338684082,45.452089236262694,44.77697627392988,44.77697627392988,81147200,44.283977317810056,44.49177635192871,44.61894941161303,43.98787837588745,64.48704305770627,0.7773418094649376
2018-07-20,45.1900520324707,45.42374253410313,44.89026328183309,45.27030930370026,82704800,44.354556274414065,44.514435577392575,44.673340137409,44.0350224408515,64.34056873731413,-0.22935043849205972
2018-07-23,45.230194091796875,45.312814226157805,44.74628388030256,45.01066254723482,63957600,44.433516120910646,44.52529396057129,44.7263738473507,44.081891917359165,60.98160118706154,0.08882941603458594
2018-07-24,45.55830764770508,45.71410376110917,45.3340576309569,45.42847755320166,74791600,44.56133861541748,44.54611373901367,44.805605637860644,44.139790573451165,74.8085057532166,0.7254303513318572
2018-07-25,45.98792266845703,45.99500398192889,45.42375161468067,45.572466401367414,66839600,44.683967971801756,44.57760314941406,44.9182072598222,44.21226634188277,75.26797913733432,0.9430003942949128
2018-07-26,45.84393310546875,46.25702656183616,45.70229962253,45.93835302616852,76304000,44.802584648132324,44.614285736083986,45.006371626074255,44.2762532737881,68.70493699656838,-0.3131029945108721
2018-07-27,45.08148956298828,46.07527623163018,44.87376496387609,46.02806625919059,96096000,44.86726417541504,44.62750503540039,45.01352571530416,44.30783116748223,51.1561128304097,-1.6631285555852915
2018-07-30,44.82891082763672,45.369471634547054,44.63062679730287,45.29865488031646,84118000,44.92391719818115,44.64129058837891,44.99594334505012,44.328265663958874,48.78726706137873,-0.5602714945757481
2018-07-31,44.91861343383789,45.3553137961586,44.694363356655685,44.92097627375873,157492000,44.96062393188477,44.66008056640625,44.98857859160134,44.35141655689531,57.50776043391977,0.2000999010350002
2018-08-01,47.56475830078125,47.62613088577967,46.57569401589206,47.00531291654773,271742800,45.168114280700685,44.72556167602539,45.233929040094665,44.47742995861633,71.71291989179132,5.890976289463956
2018-08-02,48.95511245727539,49.18880661029049,47.29329817483464,47.347589446060375,249616000,45.42765426635742,44.82106872558594,45.588327460778544,44.653025350720604,77.03691894330129,2.923076256799373
2018-08-03,49.09675216674805,49.27379223190768,48.50425577680465,48.87013929851241,133789600,45.6639440536499,44.913743286132814,45.92246314706135,44.827289147427564,78.5808275810596,0.2893256748133677
2018-08-06,49.351688385009766,49.394176270098725,48.87958156283439,49.09910950623912,101701600,45.882175254821775,45.01250801086426,46.249056026865965,45.00471656850922,78.96109111888134,0.5192527143055736
2018-08-07,48.8890266418457,49.4531942025148,48.80640649955824,49.41070631349122,102349600,46.07998809814453,45.099989624023436,46.50048179972118,45.1570424537381,76.66773610851774,-0.9374790575647163
2018-08-08,48.92207717895508,49.05426653375146,48.27765227337783,48.638813761264295,90102000,46.30860576629639,45.19134239196777,46.73110993107679,45.304690874334845,75.62518051669807,0.0676031808763522
2018-08-09,49.30683898925781,49.519285624205786,48.91026737496181,49.46027226984365,93970400,46.519283866882326,45.2922785949707,46.97641746042736,45.46163785923379,77.96679304348727,0.7864788915141308
2018-08-10,49.15997314453125,49.53187849965724,48.95625509336832,49.11970375953087,98444800,46.71907711029053,45.39325218200683,47.18437514462774,45.60667061551997,76.31481072774386,-0.2978610021189154
2018-08-13,49.477394104003906,49.97010762312092,49.2002434272234,49.58162245038734,103563600,46.939698219299316,45.48466415405274,47.40275790266356,45.75846369349973,76.28084471978508,0.6456898553207857
2018-08-14,49.68584442138672,49.877717664190016,49.33289004179024,49.7829666057384,82992000,47.16436920166016,45.57273864746094,47.62019471397053,45.912478624005104,75.55578051810281,0.42130415547885214
2018-08-15,49.80192184448242,49.92036248504382,49.34947773005274,49.56030192567116,115230400,47.40723724365235,45.656147232055666,47.82797825020975,46.065005809121864,77.45899925633636,0.23362272383105065
2018-08-16,50.531517028808594,50.64758654419464,50.09328520941288,50.15961167949677,114001600,47.66911640167236,45.750984573364256,48.08545813388583,46.24016311185468,87.98330820063339,1.4649940349781954
2018-08-17,51.54063415527344,51.6282790804215,50.49361923351846,50.559945708958374,141708000,47.9866455078125,45.86845909118652,48.414522516875124,46.448024721400515,92.31440409503388,1.9970054053384922
2018-08-20,51.0384407043457,51.91963571512228,50.955530812932935,51.6638071208938,121150800,48.277057838439944,45.98419891357422,48.664419487110415,46.62804103445719,86.67523494173665,-0.974364128727645
2018-08-21,50.93896484375,51.44826192426324,50.69971597710946,51.355878340657235,104639200,48.54609069824219,46.10016845703125,48.88104285440942,46.79709687011573,79.10504730366479,-0.19490380039615118
2018-08-22,50.94132995605469,51.25164391525928,50.65470196077252,50.71629341891963,76072400,48.79376106262207,46.21122802734375,49.077260673613736,46.95961581466236,72.52656635727024,0.004643031737971981
2018-08-23,51.04555892944336,51.41509322466389,50.834734691040765,50.84657586588272,75532800,49.0538423538208,46.33183166503906,49.264717650359415,47.1198488779871,72.29143613140597,0.2046059132704059
2018-08-24,51.20426177978515,51.37955162542493,50.955535696231685,51.308490128285406,73905600,49.35998096466064,46.455136947631836,49.44943613887615,47.28002193295958,71.66769136319137,0.3109043248231469
2018-08-27,51.62590789794922,51.81541364909847,51.244528884025435,51.43876965842527,82100400,49.69983081817627,46.59612854003906,49.65671916354978,47.450448833547405,82.32064906455957,0.8234590315498558
2018-08-28,52.042823791503906,52.24180322712333,51.85805665635416,51.87937510705867,91107200,50.05604133605957,46.74593048095703,49.88396722335494,47.63054196915354,83.79028081018856,0.8075710636969768
2018-08-29,52.819793701171875,52.940605483044955,51.97412930067011,52.149419157471115,109019200,50.3187931060791,46.925671157836916,50.16356974505179,47.83404203707583,85.05925314539634,1.4929434128722496
2018-08-30,53.30538558959961,54.07051098907177,52.682386766592245,52.88373726806851,195175200,50.53630676269531,47.11129951477051,50.46279030167539,48.04860452933167,88.75121867027828,0.9193369651819827
2018-08-31,53.921295166015625,54.21502568482457,53.53517746394279,53.65598563398304,173360400,50.77753391265869,47.314155960083006,50.79217171732684,48.27890612292712,89.34578050378616,1.155435927540105
2018-09-04,54.09421157836914,54.288452356795226,53.68440795836104,54.10605636578427,109560400,51.01466007232666,47.52302024841308,51.10665170409277,48.50695731725818,89.27831687711368,0.32068297287950465
2018-09-05,53.741268157958984,54.404536629269586,53.32199079088694,54.24345905391312,133332000,51.25727214813232,47.7378084564209,51.357567556841936,48.712224409050364,83.67784874195131,-0.6524606055101301
2018-09-06,52.84822845458984,53.85497415063341,52.421841319243384,53.58966459168317,137160000,51.45357971191406,47.924066314697264,51.499535261389354,48.874420646130346,69.26734153376802,-1.6617391698764528
2018-09-07,52.421836853027344,53.3859419461356,52.28207774167499,52.55212230196686,150479200,51.60932960510254,48.10307106018067,51.58737350821202,49.01353500718513,58.11526527905029,-0.8068228851396131
2018-09-10,51.71830368041992,52.55212701387265,51.2777042410155,52.338931637986526,158066000,51.737246131896974,48.26167915344238,51.599843048422294,49.11960436691983,56.03718337493124,-1.3420612760668527
2018-09-11,53.025882720947266,53.13247858760648,51.299015945884626,51.642493122685174,142996000,51.91467056274414,48.44827980041504,51.73565635056753,49.27279175335228,65.25807245139126,2.5282713226775444
2018-09-12,52.36734771728515,53.29828943782888,52.07598113256949,53.284077138968904,197114800,52.048745727539064,48.61193717956543,51.79581743311206,49.39414688919278,59.51324956330183,-1.2419123829162992
2018-09-13,53.63228225708008,54.091832439642694,52.72265916565848,52.94769562008797,166825600,52.24026374816894,48.816283798217775,51.970718844918544,49.56034827616875,64.94246845328546,2.415502397837499
2018-09-14,53.02350997924805,53.734153888023066,52.710828538938394,53.47595413532005,127997200,52.36486339569092,49.00146774291992,52.07098466723564,49.696158539034606,59.98963552142253,-1.1350855347045496
2018-09-17,51.6116943359375,52.812680543493926,51.46719661085651,52.62317479698291,148780400,52.36841640472412,49.1462825012207,52.027242730921536,49.77127758989354,49.92960689436802,-2.6626220026986003
2018-09-18,51.696983337402344,52.55212509282721,51.43167378696617,51.590383846094824,126286800,52.401343536376956,49.28048088073731,51.99578945534828,49.84679546234487,48.22904229983061,0.16525131089419887
2018-09-19,51.72776794433594,52.02386956716063,51.00054423822981,51.75856366975667,108495200,52.44078369140625,49.41638084411621,51.97026359715663,49.92055908908962,43.94532373613805,0.059548168860601436
2018-09-20,52.12099075317383,52.65397366389171,51.91253405811278,52.17073741523038,106435200,52.499766731262206,49.57180618286133,51.984618564396364,50.00685052689685,43.36523051016964,0.7601774143068285
2018-09-21,51.55958557128906,52.4360456744624,51.47193703080643,52.29865408419949,384986800,52.525468063354495,49.70113235473633,51.944139231719475,50.067742097265175,36.68883803292338,-1.0771191678672798
2018-09-24,52.301021575927734,52.412356078089026,51.31559809726625,51.36060612339808,110773600,52.58030605316162,49.843870620727536,51.978128026405976,50.155321684663704,40.50185164530527,1.4380177738502642
2018-09-25,52.63264846801758,52.781884820535055,52.0428128212058,52.054657607274386,98217600,52.63064308166504,49.995224151611325,52.04046330655946,50.25247175459915,44.11458552723244,0.6340734503788026
2018-09-26,52.213382720947266,53.00219798957387,52.05704017447591,52.350774327132186,95938800,52.639171028137206,50.135643310546875,52.05693182221544,50.329370223867706,46.45123127162529,-0.796588732039738
2018-09-27,53.28643798828125,53.63939236210128,52.95243454874563,53.018764626001634,120724800,52.662503242492676,50.30248085021972,52.17402764755504,50.44533366560942,54.50723663539209,2.055134548682469
2018-09-28,53.473575592041016,53.49726154873405,53.06613954590139,53.24853550907005,91717600,52.670912742614746,50.46607368469238,52.29779411845847,50.56408825095968,59.67106922469018,0.35119180569156416
2018-10-01,53.83364486694336,54.34530936077399,53.618085623251176,53.99709354812719,94403200,52.666530227661134,50.63894554138184,52.44406561831417,50.69230615746884,54.969406759613534,0.6733592637406138
2018-10-02,54.3121452331543,54.48270006163944,53.68441122173111,53.83127647394593,99152800,52.67742691040039,50.820584564208986,52.62197796258466,50.83426063102514,62.23556297312829,0.8888500256551746
2018-10-03,54.973045349121094,55.30467772526183,54.430585144800126,54.494544108242195,114619200,52.7390157699585,51.008879318237305,52.8458891422548,50.996565914087725,59.129183058467106,1.2168551124792648
2018-10-04,54.00656509399414,55.03936763401543,53.708092363669415,54.66746228417319,128168000,52.79693260192871,51.169252166748045,52.95642970908712,51.11460509761347,56.38265516394157,-1.75809844440864
2018-10-05,53.13010025024414,54.106053573442246,52.25127273302901,53.99945772125052,134322000,52.83234577178955,51.31497550964355,52.97296976062588,51.19364412320683,60.59505043842488,-1.6228857403254304
2018-10-08,53.00693130493164,53.25091876301774,52.16126330037392,52.637397042763254,118655600,52.89677715301514,51.47348434448242,52.976204193416905,51.264753424450944,59.09241833782664,-0.23182517016224757
2018-10-09,53.741268157958984,53.836022862159,52.64687752973604,52.97614244597104,107564000,52.93254642486572,51.65173149108887,53.049067428135196,51.3618716492944,62.732277397962456,1.3853600556556378
2018-10-10,51.25164031982422,53.61808590534996,51.17820769212848,53.407261684262664,167962400,52.87676105499268,51.7783920288086,52.87788389401034,51.357548852060276,45.654757887102065,-4.632618327533933
2018-10-11,50.799190521240234,51.995441725762305,50.29463584528402,50.815773946054776,212497600,52.735106468200684,51.84308067321777,52.67991309660366,51.33565244693008,46.157493921055256,-0.8828006201568872
2018-10-12,52.61369705200195,52.79609663513049,51.36533179383224,52.21336714238532,161351600,52.71461582183838,51.91625236511231,52.673606806641594,51.38577184320741,51.42545202094684,3.5719201667259615
2018-10-15,51.48851776123047,52.54737742537575,51.46719931244083,52.38866739351679,123164000,52.70845699310303,51.964087677001956,52.56074118326911,51.38980109489459,45.13597133805994,-2.1385672435437986
2018-10-16,52.62318801879883,52.82217109061761,51.34639774603002,51.860429817973575,116736000,52.75476722717285,52.02951766967774,52.566688500938604,51.4381692095575,51.64230251338266,2.203734554624792
2018-10-17,52.395774841308594,52.7392520002313,51.95754299454812,52.65871322646053,91541600,52.788167572021486,52.09965263366699,52.55041100954527,51.475722371586954,46.171135713938995,-0.4321539345145564
2018-10-18,51.17109298706055,52.05229160113189,50.455710539180835,51.6069536566275,130325200,52.74067268371582,52.1446329498291,52.41904738835625,51.46377612121337,40.912531865804986,-2.3373675796516946
2018-10-19,51.95042419433594,52.41234188968303,51.50508630624701,51.65432264417487,132314800,52.76021461486816,52.197504653930665,52.37441660797336,51.48286035937504,42.805385813781655,1.522991129918716
2018-10-22,52.26785659790039,52.909806501448585,51.86279160524243,52.06413853844261,115168400,52.7585563659668,52.25966232299805,52.364268035585454,51.51364452559172,42.09273213281308,0.6110294737478927
2018-10-23,52.76056289672851,52.883742166023275,50.85840663676069,51.12608362161625,155071200,52.76495208740234,52.32532569885254,52.40201040331336,51.562543285244146,41.32934435743389,0.9426564066296717
2018-10-24,50.950809478759766,53.11590490610076,50.82052401137417,52.729790757604945,163702000,52.70182342529297,52.350625,52.26380079145112,51.53855372420554,38.76702724078066,-3.4301253030811774
2018-10-25,52.06652069091797,52.44079365218324,51.34403186108698,51.571439544148824,119423200,52.6408275604248,52.39591697692871,52.24501221044796,51.559258311135444,46.15785732653093,2.189781131197366
2018-10-26,51.23741912841797,52.15888711882301,50.37753896663008,51.14266445225162,189033600,52.52901973724365,52.4100350189209,52.14905096454034,51.54663716671515,43.91790701327404,-1.5923890275322816
2018-10-29,50.27568054199219,52.04044522779363,48.81885860636133,51.92200459633688,183742000,52.351121520996095,52.384735946655276,51.97063473382147,51.49679573045151,38.271570193093446,-1.8770238680745122
2018-10-30,50.52678298950195,50.9721173842347,49.57215162121228,50.017486015945025,146640000,52.16185340881348,52.3745027923584,51.83312504388628,51.45875601512016,47.10884586627812,0.4994511159327475
2018-10-31,51.84384536743164,52.220485795314765,51.31322991423812,51.374821370171105,153435600,52.005393409729,52.39260040283203,51.834146027081076,51.47385755834806,53.89785221724239,2.606661853384451
2018-11-01,52.6397590637207,52.67292229880161,51.358230453591474,51.88884582940752,233292800,51.93705310821533,52.42656898498535,51.910871078189615,51.51957918600973,50.10524324560803,1.535213467766905
2018-11-02,49.148136138916016,50.60969347566478,48.66252870134263,49.63848221504018,365314800,51.73795490264892,52.3886205291748,51.647753464925465,51.42658141945704,42.06555698763864,-6.633052633424974
2018-11-05,47.752899169921875,48.41616751574769,46.94276557852468,48.394849066781845,264654800,51.47525329589844,52.31959327697754,51.276814960639406,51.28251544888703,33.7752311684245,-2.838840042785218
2018-11-06,48.26930618286133,48.49434270740384,47.77659261786653,47.83107430781383,127531600,51.20165519714355,52.25246124267578,50.99038555323197,51.164350379631124,36.512870717792275,1.0814149966097197
2018-11-07,49.73322296142578,49.75928004625563,48.35457582053014,48.79043649902817,133697600,51.12573432922363,52.20626922607422,50.87065578258376,51.108227735779934,45.37276626398467,3.03281089854206
2018-11-08,49.55970001220703,49.94716125572578,49.14608713874183,49.9138823091573,101450400,51.06375980377197,52.141067352294925,50.74580285207169,51.04750115838492,41.99421480931147,-0.3489075086755111
2018-11-09,48.604122161865234,48.9701906382226,48.076410468774,48.86084706340695,137463200,50.863281059265134,52.04704208374024,50.54183326252822,50.95168237420768,38.23416273461821,-1.9281348557526168
2018-11-12,46.15571975708008,47.505901849670465,46.06538963892169,47.30384878341077,204542000,50.59664115905762,51.891730575561525,50.12410816677126,50.763605408830124,31.15601516034073,-5.037437764293518
2018-11-13,45.69457244873047,46.871225412365966,45.50916064244286,45.55194993542723,187531600,50.2502103805542,51.72373779296875,49.70224762219595,50.56481980255171,33.75344264429039,-0.9991119427378736
2018-11-14,44.40382766723633,46.22942223730996,44.19701936866865,46.09155124730951,243204000,49.850613021850585,51.536988983154295,49.19763619791408,50.32321226783346,26.56883428163232,-2.824722307977301
2018-11-15,45.49965286254883,45.63276865604136,44.42758831620002,44.78177425949028,185915200,49.567041015625,51.39001747131348,48.84544730883167,50.13405307546936,32.736521050682825,2.4678620129882756
2018-11-16,46.00359344482422,46.34589328098323,45.03612451761562,45.28333905087855,147713200,49.26969947814941,51.261652603149415,48.57479455987858,49.97207426642446,36.782254946347784,1.1075701693763707
2018-11-19,44.18037033081055,45.330875172656896,43.97356571261881,45.164480443816814,167701200,48.865325164794925,51.110893936157225,48.15627796663401,49.74494862189058,32.105182769421404,-3.963218908541155
2018-11-20,42.069522857666016,43.13683212021404,41.72009212284798,42.39993653439014,271300800,48.330773162841794,50.891766738891604,47.576587003875154,49.44395153309746,23.620455276423712,-4.777794883426923
2018-11-21,42.0219841003418,42.85158561836727,41.96731232258113,42.723221376680144,124496800,47.8843318939209,50.68485946655274,47.047577203538644,49.152893986714886,20.137804095113196,-0.11300046707222178
2018-11-23,40.954681396484375,41.97920521463513,40.90951995451612,41.58460933705691,94496000,47.328739929199216,50.43130744934082,46.46730141239062,48.83139545376467,23.31753900691774,-2.5398674686775258
2018-11-26,41.508544921875,41.58698895011725,40.47213851794213,41.4182184024633,179994000,46.84229621887207,50.20100814819336,45.99503888948437,48.54422484467096,28.485935133435788,1.3523814775376897
2018-11-27,41.418212890625,41.54419774818144,40.61951445051487,40.76926791438119,165549600,46.399422836303714,49.99713851928711,45.55915069911681,48.26477339549268,25.68151678122433,-0.21762273628241902
2018-11-28,43.010841369628906,43.0940369068249,41.582215454014,42.01009013445717,184250000,46.02362575531006,49.82341567993164,45.31645457249892,48.05873684545881,26.354448723281493,3.8452370777310785
2018-11-29,42.68043899536133,43.45298939568039,42.2406780858648,43.41971044659814,167080000,45.56545543670654,49.64246910095215,45.06540546991439,47.84782320427852,26.066768857125794,-0.7681839362967735
2018-11-30,42.449859619140625,42.865848271687376,42.081411801458295,42.85633792843457,158126000,45.055960464477536,49.449046478271484,44.81630586507879,47.63613835780252,27.451591523614354,-0.5402460275672483
2018-12-03,43.93317031860352,43.96169410234924,43.07504476195522,43.84759534023209,163210000,44.79521217346191,49.29651817321778,44.73219771779543,47.49092392489276,41.23716922129164,3.4942652644110783
2018-12-04,42.000587463378906,43.35552105926829,41.900750632853665,43.01322128196301,165377200,44.50759658813477,49.090509490966795,44.47204436023195,47.27561661267654,36.94992879005628,-4.3989150821794105
2018-12-06,41.532318115234375,41.5465800066735,40.51017357886562,40.828701244786494,172393600,44.17074718475342,48.868502883911134,44.192070432136944,47.050389220619984,39.22966883566379,-1.1149114248766745
2018-12-07,40.051387786865234,41.47763456048138,40.00622272535943,41.23992676487869,169126400,43.68665542602539,48.62526298522949,43.797719704015826,46.775918576159015,30.1386565770232,-3.565730003945833
2018-12-10,40.315242767333984,40.4317172634516,38.824813903539,39.22178547888754,248104000,43.22443256378174,48.365839080810545,43.46605523385565,46.52255874051882,28.89399062720716,0.6587911057486018
2018-12-11,40.08466339111328,40.83581720596931,39.69719855590311,40.80491766156773,189126800,42.79845962524414,48.098060836791994,43.144017915499234,46.27009225622841,32.76656041948432,-0.5719409344783433
2018-12-12,40.19639205932617,40.86672619637411,40.17737499929975,40.505409310138816,142510800,42.50049324035645,47.82531578063965,42.863291643482754,46.031907934781266,40.52433687918903,0.2787317112351362
2018-12-13,40.63614273071289,41.02123178621812,40.30335330213577,40.526799187237295,127594400,42.247571754455564,47.55179573059082,42.65118222321896,45.820309299327604,43.25697837496316,1.0940053294775431
2018-12-14,39.33589172363281,40.19164138491191,39.28835088181369,40.172624322757514,162814800,41.99417495727539,47.23905265808106,42.33544027087742,45.566018414006244,42.298126094418365,-3.199740230505066
2018-12-17,38.96983337402344,40.018126074596374,38.68220522153694,39.32877099419408,177151600,41.66768398284912,46.93831802368164,42.01490628070085,45.30734449086967,37.70154077236724,-0.9305962915020172
2018-12-18,39.476131439208984,39.8231827551535,39.07678049611825,39.31211249617883,135366000,41.34131088256836,46.66523864746094,41.77311820055877,45.07866946923592,40.95631539997706,1.2992051064889543
2018-12-19,38.24482727050781,39.8041906521669,37.81695228721477,39.45951489209071,196189200,41.04453372955322,46.369996566772464,41.43709049293487,44.810675657521095,27.03325024448712,-3.119110520232482
2018-12-20,37.27971267700195,38.53480950241136,36.916020052998824,38.128327590631585,259092000,40.80504322052002,46.04076545715332,41.04114974856031,44.51534377593211,25.474905122912375,-2.523516675025228
2018-12-21,35.82969284057617,37.59586354079904,35.568216457565846,37.28684269984785,382978400,40.49542865753174,45.73232650756836,40.54482051922849,44.17473001376129,22.93484007504601,-3.889568165369217
2018-12-24,34.90264129638672,36.0246225500154,34.84559011112074,35.216413747515475,148676800,40.192826652526854,45.41439552307129,40.00747011705308,43.81111869151131,11.321361407613509,-2.5873834540372953
2018-12-26,37.360538482666016,37.37480037184857,34.876492432675754,35.252071232061816,234330000,39.985426330566405,45.10933235168457,39.7553813899686,43.558154761752675,30.982015514444853,7.042152384420697
2018-12-27,37.11806106567383,37.26544232661775,35.67280124057618,37.04437224876795,212468400,39.77041873931885,44.82192321777344,39.504208025750046,43.3056020677888,31.566272123178365,-0.6490201341843305
2018-12-28,37.1370964050293,37.68144941294603,36.73774895789092,37.43898639024977,169165600,39.47673149108887,44.512201385498045,39.278768823776645,43.06369988493549,36.13750069860127,0.05128322657206308
2018-12-31,37.496036529541016,37.88112207522634,37.196522325444576,37.68382412991746,140014000,39.217511367797854,44.2142066192627,39.1089847957542,42.84536014550825,36.71001484661377,0.96652716355905
2019-01-02,37.538822174072266,37.75989235442373,36.661679652061515,36.81856769913238,148158800,38.97195949554443,43.94156120300293,38.95944549845116,42.63726061721665,37.78236183835475,0.11410711235451121
2019-01-03,33.79967498779297,34.63878328935381,33.754509922344255,34.225170383128884,365248800,38.465284729003905,43.57854621887207,38.46803878315038,42.290688631749056,27.229612159770397,-9.96074722041197
2019-01-04,35.2425537109375,35.311490997459316,34.18237905675144,34.35590471835777,234428400,38.12738304138183,43.238040161132815,38.160849728653915,42.01429118387409,32.08021752702675,4.268913010748299
2019-01-07,35.16411590576172,35.37805511903299,34.68156932360782,35.347151941896,219111200,37.808972930908205,42.88611122131348,37.87544650742608,41.74565685924224,34.91487212196485,-0.22256561150232335
2019-01-08,35.83445739746094,36.08880653095804,35.30436992220377,35.55158448343476,164101200,37.59812641143799,42.5837841796875,37.68106659219131,41.51384511564297,38.906608849446684,1.9063226088086527
2019-01-09,36.44298553466797,36.73298936707537,35.56822249255178,35.96281471962946,180396400,37.40451354980469,42.2713134765625,37.56315411052242,41.314987877173365,39.34538921199235,1.6981647871976646
2019-01-10,36.55946350097656,36.59987339518637,35.860601928696866,36.25044260904651,143122800,37.228253555297854,41.97775436401367,37.46756452866091,41.12849672516565,43.57669531174126,0.3196169704531737
2019-01-11,36.20051956176758,36.535688433017384,36.01510776642368,36.34076992153444,108092800,37.02845993041992,41.69625114440918,37.34689357943297,40.935242718757884,45.687699340100814,-0.9818085519755937
2019-01-14,35.656158447265625,35.958048271049435,35.47074671351041,35.85821146265293,129756800,36.779460716247556,41.398838653564454,37.18587118589323,40.72821980615034,49.25247758221497,-1.503738402353949
2019-01-15,36.38593673706055,36.462001351236886,35.66805812501693,35.72035413413402,114843600,36.63196296691895,41.08968048095703,37.10968695267107,40.5579341955978,56.49996272238272,2.0467103624588256
2019-01-16,36.8304557800293,37.053901744956434,36.36930195915994,36.3883190228914,122278800,36.52499408721924,40.7734944152832,37.083093507657566,40.41175857145786,47.17940661135821,1.2216781614859062
2019-01-17,37.04913711547851,37.47701187238664,36.43109539692976,36.65454130482251,119284800,36.40364437103271,40.531514434814454,37.07985956554528,40.27989106338024,49.63232151883687,0.59375136912585
2019-01-18,37.277339935302734,37.52930962970912,37.077662621334206,37.43897950260748,135004000,36.35527000427246,40.32200325012207,37.09866721980789,40.16214396031838,50.73180538801768,0.6159463825377021
2019-01-22,36.44062423706055,37.25596064766593,36.2789809681199,37.17989600067941,121576000,36.31331558227539,40.08542961120605,37.03599645954624,40.016202010386706,44.754307356976334,-2.244569220052617
2019-01-23,36.58798599243164,36.87798981327915,36.06027435955394,36.64265777360124,92522400,36.351230239868165,39.822524871826175,36.99332879601152,39.881762166545336,45.32270231523008,0.4043886691195153
2019-01-24,36.29798126220703,36.72110086684965,36.069783799569784,36.633150139284595,101766000,36.42099723815918,39.55729049682617,36.92710522136347,39.741221738924224,68.6017844097621,-0.7926228305777716
2019-01-25,37.50077438354492,37.58872871995602,36.683062747455686,36.95880098855051,134142000,36.428009033203125,39.335223541259765,36.98174037966646,39.65336105832112,67.43760092516824,3.3136639546128777
2019-01-28,37.15373229980469,37.160863244101265,36.52618381177193,37.03249899249603,104768400,36.42979259490967,39.15518379211426,36.99812056253677,39.55533640112439,64.7515547274235,-0.9254264463736339
2019-01-29,36.76863479614258,37.58872947476373,36.63314325823947,37.141837722602936,166348800,36.411369514465335,38.9766650390625,36.97626477526113,39.446053985242756,57.232146074058846,-1.036497492512034
2019-01-30,39.281219482421875,39.49515508169959,38.08792514275934,38.80580381546367,244439200,36.50062866210938,38.87421287536621,37.195784271181196,39.43958988709292,66.96987860574511,6.83350007475092
2019-01-31,39.564083099365234,40.172614429915,39.11719131662213,39.485639097471,162958400,36.601891708374026,38.75550148010254,37.42133654053206,39.4444719738487,67.61424144148012,0.7200988682898091
2019-02-01,39.583099365234375,40.16785845546753,39.44284902258005,39.68769136566834,130672400,36.8910629272461,38.627091598510745,37.62721871431323,39.449908342138336,70.65313646088909,0.04806446751559612
2019-02-04,40.70745849609375,40.80491955920945,39.76375829217425,39.794661465145815,125982000,37.16430816650391,38.55763336181641,37.92057488400661,39.499224034450314,78.80196420135152,2.840503014897555
2019-02-05,41.403953552246094,41.61789280375876,40.96895135781865,41.090181061348616,144406400,37.47630004882812,38.54432197570801,38.252325233362754,39.573919309657995,78.72119949991725,1.7109765185148618
2019-02-06,41.418212890625,41.734364734328345,41.087799157709014,41.51567034262258,112958400,37.75548782348633,38.53224655151367,38.55383834357821,39.64624454812729,77.61886543044812,0.034439557471044324
2019-02-07,40.63377380371094,41.34689723690451,40.491147666218886,40.980825176670464,126966800,37.965027236938475,38.5258283996582,38.75192743501942,39.684971185601164,70.20370743839823,-1.89394720864845
2019-02-08,40.681522369384766,40.74120419776211,40.206453704132734,40.342530021324166,95280000,38.17113018035889,38.509287948608396,38.93569838114945,39.724051624180916,69.58502104259611,0.11750955228644333
2019-02-11,40.44756317138672,40.87250110070133,40.40459400749151,40.83430385989045,83973600,38.38348236083984,38.48987495422363,39.07968550402919,39.75242462603212,74.77081463447074,-0.575099417061431
2019-02-12,40.796112060546875,40.82237221177081,40.51202596349423,40.60751907825849,89134000,38.640480041503906,38.445580368041995,39.24315469988802,39.7933535450327,75.38315123975651,0.8617302547579087
2019-02-13,40.62660217285156,41.175675583367735,40.564534398430666,40.91546375180589,89960800,38.85251331329346,38.404503631591794,39.374911602075024,39.826029961809915,76.495110629594,-0.41550500558420467
2019-02-14,40.77462387084961,40.88443638975765,40.43563153945899,40.514411986165825,87342800,39.04972171783447,38.37099891662598,39.50821753243451,39.86322972294873,73.01008430578301,0.364346733621157
2019-02-15,40.68390655517578,40.98947721171357,40.5239596992294,40.88205065386177,98507200,39.23146018981934,38.306013641357424,39.62018791555273,39.89541312813411,75.7390620375995,-0.22248473943295988
2019-02-19,40.805660247802734,40.92741351587097,40.46189595684812,40.51441626019325,75891200,39.40787620544434,38.282115097045896,39.73309004243368,39.93110909361131,80.61007144303358,0.29926745717456793
2019-02-20,41.068260192871094,41.37622047276301,40.819985385123545,40.86773012014925,104457600,39.639258003234865,38.27283393859863,39.8602491043801,39.9757032543666,70.5676878902031,0.6435380373057464
2019-02-21,40.83668899536133,41.149421157459315,40.65525756921384,41.01334849852102,68998800,39.85169315338135,38.28853996276855,39.95324337971165,40.00946740107228,64.82187413362905,-0.5638690229930021
2019-02-22,41.29265594482422,41.29981747146773,40.91308046196187,40.96082518714831,75652800,40.101426887512204,38.30808822631836,40.080806481150944,40.0597885204351,68.07161383564207,1.116561995304477
2019-02-25,41.59346008300781,41.984972743412,41.52661672459904,41.57675106475054,87493600,40.30606117248535,38.33826416015625,40.22486872894684,40.11993250328109,61.34039947736315,0.7284688555406316
2019-02-26,41.6173210144043,41.84888673322697,41.34039653624892,41.469311288319616,68280800,40.52924060821533,38.36668273925781,40.35748323232374,40.178653621364354,53.299060646847806,0.057367026808696764
2019-02-27,41.746246337890625,41.77728205593581,41.235370005885635,41.34996174511865,111341600,40.77812118530274,38.38888481140137,40.48974638523487,40.240127845541856,54.89832188386479,0.30978765654259277
2019-02-28,41.33563232421875,41.75579472169711,41.28072606279907,41.61494648285592,112861600,40.88084182739258,38.42887962341309,40.57030695085238,40.28308880548997,61.79752082013506,-0.9835950527106063
2019-03-01,41.77011489868164,41.81308406308611,41.273561690323184,41.60539248308564,103544800,40.9911434173584,38.48488525390625,40.68457437445517,40.34140355424258,66.1928561863193,1.0511090553907643
2019-03-04,41.980201721191406,42.43378218337515,41.53139318278945,41.94200447479764,109744800,41.11099853515625,38.5349666595459,40.807967455096716,40.40567014902489,72.96112909420091,0.5029596471528786
2019-03-05,41.90380096435547,42.01600308218327,41.66745963565002,42.001680027599186,78949600,41.17081565856934,38.60814613342285,40.91233255121659,40.464420377077076,68.0681074327301,-0.1819923528318168
2019-03-06,41.66269302368164,41.894258816148955,41.52423074056893,41.69850066470656,83241600,41.183752632141115,38.69580574035645,40.98379545335612,40.51141146125765,66.51449612865018,-0.5753844165089506
2019-03-07,41.18046951293945,41.64360117319081,41.06588140033503,41.50752482978708,99185600,41.171865463256836,38.80282127380371,41.00252631617359,40.53764903191184,55.84604124264231,-1.1574468085106426
2019-03-08,41.27834701538086,41.31654426567523,40.46428587659716,40.66004405233811,95997600,41.204094123840335,38.93033538818359,41.02879495419333,40.56669601165572,58.54504616646689,0.23767942327770353
2019-03-11,42.70832443237305,42.76084474444608,41.86084519500202,41.89426688062208,128044000,41.305434226989746,39.03729110717774,41.188750142591395,40.65068143991915,69.87532197597614,3.464231298940712
2019-03-12,43.18815994262695,43.60831871063706,42.820517833264546,42.97091720915733,129870400,41.44246406555176,39.158693084716795,41.37917012354716,40.75019040080965,71.18317540838257,1.123517526457185
2019-03-13,43.3791389465332,43.75871447631922,43.19054234110201,43.50805008474166,124130000,41.57161540985108,39.28353393554688,41.56964334478393,40.85328642221057,75.6133085535003,0.4422022243132151
2019-03-14,43.86137008666992,43.94970167331341,43.58205955555263,43.9019532945051,94318000,41.733353805541995,39.410840606689455,41.78790303448736,40.97125048748349,75.74167987442878,1.1116660031705417
2019-03-15,44.431922912597656,44.7207845418945,43.86375442838504,44.12874187114219,156171600,41.916218757629395,39.54870262145996,42.039714451450244,41.10696313160561,76.98591962026785,1.3008094019870464
2019-03-18,44.8855094909668,44.97383742930715,44.353144971142925,44.355534575545406,104879200,42.126298904418945,39.77041931152344,42.31074255045182,41.25514142020801,78.72435301675176,1.020857412048981
2019-03-19,44.529808044433594,45.11707887203992,44.384184229156126,44.96429352836273,126585600,42.31250629425049,39.95616439819336,42.52208212130723,41.38355971919725,73.52707134722851,-0.7924638721206634
2019-03-20,44.91893768310547,45.23644548606472,44.10010100332841,44.45819201742965,124140800,42.50504016876221,40.15126083374023,42.750354079573725,41.52220199229169,80.39701719346434,0.8738632744241581
2019-03-21,46.57331085205078,46.86933403302084,45.312830924516525,45.36296526328095,204136800,42.79187126159668,40.36603790283203,43.11444520076201,41.720284692674404,83.75845684695607,3.6830193550359436
2019-03-22,45.608856201171875,47.19400549455504,45.54439880342435,46.63299482334304,169630800,43.00768127441406,40.54935531616211,43.352008153182,41.87277769300764,73.0583100866744,-2.0708311975987326
2019-03-25,45.05738830566406,45.83086236441141,44.54651207027704,45.718660250980165,175381200,43.180877685546875,40.71931381225586,43.51442531056124,41.99766438370005,68.89847192618134,-1.209124589916033
2019-03-26,44.59187698364258,46.0457292118618,44.06429161696405,45.754481573825046,199202000,43.32960548400879,40.88714096069336,43.61703975561661,42.099398211148774,67.09394022503767,-1.0331520301698593
2019-03-27,44.9929313659668,45.300887958578926,44.534575419245186,45.05977471386228,119393600,43.4919397354126,41.07387641906738,43.74807705184044,42.21287009957301,72.46130569512205,0.899388878542462
2019-03-28,45.05261993408203,45.25315000780088,44.768533841635445,45.10752619750009,83121600,43.67778911590576,41.247210083007815,43.87231923110154,42.32423283818121,72.33682585049678,0.13266210114146748
2019-03-29,45.34625244140625,45.37728815780185,45.00964605534381,45.31760632946552,94256000,43.85659599304199,41.41752601623535,44.012693822559136,42.4427434108567,68.03785796377284,0.6517545655587709
2019-04-01,45.65421295166016,45.759249910216006,44.97145268625358,45.74970242041629,111448000,44.04029655456543,41.589627532958986,44.16902897771161,42.568683392848996,67.26849603561935,0.6791311159656255
2019-04-02,46.31787109375,46.42291168705589,45.60885073162473,45.61839822070278,91062800,44.261000061035155,41.77043815612793,44.373680607810506,42.71571036151178,69.30074264557402,1.4536624315318658
2019-04-03,46.635372161865234,46.90990705651993,46.11016927049096,46.13404345380395,93087200,44.509634017944336,41.974333114624024,44.589079803434764,42.869422588976626,68.62178108290824,0.6854828614048181
2019-04-04,46.71654510498047,46.87887791765802,46.107789772060734,46.50168835311438,76457200,44.786437797546384,42.176904296875,44.791695546439115,43.020290138623835,66.41512702331721,0.1740587441513064
2019-04-05,47.0292854309082,47.053159621705504,46.77384543159934,46.897984666903184,74106400,45.073984718322755,42.39153038024902,45.00479934495998,43.17750564028205,65.72133541467345,0.6694423254651083
2019-04-08,47.76934051513672,47.800372591218704,46.87172341690704,46.8908220405598,103526800,45.32703552246094,42.59690170288086,45.268088980214905,43.357577596158706,72.48925620184887,1.5736047814627119
2019-04-09,47.626094818115234,48.42583270446762,47.56163742923543,47.82185294630968,143072800,45.548932266235354,42.80634895324707,45.49266096477684,43.524970428392294,69.45770721684309,-0.2998695302818599
2019-04-10,47.89347457885742,47.92212433476872,47.31097932542279,47.430342987431864,86781200,45.77464904785156,43.02884574890137,45.72130988040356,43.69628431664583,61.85167706951357,0.561414413176875
2019-04-11,47.49479293823242,47.984184604276585,47.373043333440464,47.948376968364045,83603200,45.956320190429686,43.193117218017576,45.890213028768216,43.84524543906099,68.84523402020122,-0.8324341554475478
2019-04-12,47.4756965637207,47.77888125198127,46.8406847198041,47.55447700914382,111042800,46.10850887298584,43.35134948730469,46.04121146066845,43.98761607140059,77.0420895025786,-0.040207301327865874
2019-04-15,47.5616340637207,47.70964745151515,47.27038649628247,47.40646279176766,70146400,46.24231510162353,43.510920181274415,46.186013613340094,44.12777363972687,86.28908806479701,0.18101366850860057
2019-04-16,47.56640625,48.07250687229438,47.40168385882599,47.61654057706165,102785600,46.394145011901855,43.64809913635254,46.317479578736275,44.26262197738464,84.8188249089815,0.010033688651023276
2019-04-17,48.49268341064453,48.552365242777874,47.4136348657205,47.63564953276536,115627200,46.57283229827881,43.78987373352051,46.524641848441824,44.428506739473264,87.70254111862735,1.9473347550710285
2019-04-18,48.66695022583008,48.73617954389049,48.34705650031418,48.49029070265323,96783200,46.677514266967776,43.93484848022461,46.728671217716894,44.59472020952647,87.37213849098305,0.35936723424816464
2019-04-22,48.826900482177734,48.92477956166057,48.30408704698256,48.42106474997594,77758000,46.838416481018065,44.098711013793945,46.92850257623697,44.760688063355936,86.93694213826309,0.32866299532934296
2019-04-23,49.53114318847656,49.5956005846408,48.676498948258654,48.80302413607264,93292000,47.06210422515869,44.27570343017578,47.17637311073598,44.947764734929294,87.05923035905667,1.4423252333124914
2019-04-24,49.45475006103515,49.76986821378847,49.42848991141491,49.50249479415661,70162400,47.30524787902832,44.45584716796875,47.39336139171685,45.12450925752168,84.43126772032824,-0.15423251417945316
2019-04-25,49.00594329833984,49.597986024015086,48.9677460534086,49.37597136789553,74172800,47.50589847564697,44.62004379272461,47.54694062091904,45.27672235716161,75.65528373542068,-0.9075099199599923
2019-04-26,48.7719841003418,48.93909246803627,48.251556735019896,48.9152182829274,74596400,47.69186668395996,44.78295143127441,47.66361142848311,45.41379144512946,69.87991234070847,-0.47740984511559503
2019-04-29,48.845985412597656,49.17065463588192,48.666939965404616,48.795851084600464,88818800,47.86685333251953,44.94437866210937,47.77621847458926,45.54838728699096,64.48267227152932,0.15172914045000763
2019-04-30,47.9053955078125,48.55711986250299,47.532981590846504,48.475953473972176,186139600,47.97941246032715,45.08880844116211,47.788521049181945,45.640818981925136,53.09347301993982,-1.9256237679311394
2019-05-01,50.256874084472656,51.400376291203976,49.94891381611676,50.10408875249977,259309200,48.17636260986328,45.27783271789551,48.0236022906382,45.82184075065249,67.9087379931724,4.9085881699414635
2019-05-02,49.929805755615234,50.76535117872983,49.68630656932932,50.09452815043092,127985200,48.34108428955078,45.45506362915039,48.20514547777887,45.982937417513774,68.65384120838915,-0.6507932194662169
2019-05-03,50.55051040649414,50.5719949912171,50.18764385729484,50.34520476397623,83569600,48.532782554626465,45.649340057373045,48.42851356622794,46.16205792688555,71.56720251728493,1.2431545476403238
2019-05-06,49.76986312866211,49.85580509657565,48.581002274765794,48.76959522626785,129772400,48.66981143951416,45.818884201049805,48.556261143602626,46.30354048381797,64.1134116834748,-1.5442915839119609
2019-05-07,48.428226470947266,49.516822516545794,47.943610280846954,49.14918402990383,155054800,48.702755737304685,45.95557952880859,48.5440673652545,46.38686150292108,54.70424717177965,-2.695680826460234
2019-05-08,48.43775939941406,49.020254494269096,48.16322450860907,48.199032140387494,105358000,48.74333896636963,46.09198829650879,48.53394279707922,46.467288871411,49.66685578312261,0.01968465327244484
2019-05-09,47.9173469543457,48.14652313682094,46.94811463835433,47.840952465060795,139634400,48.74453258514404,46.21541030883789,48.47521938348555,46.52415389427119,45.63647539199864,-1.0743941328439255
2019-05-10,47.25352096557617,47.653734057428736,46.19668210151915,47.311037473459045,164834800,48.73246898651123,46.33376808166504,48.358867153208465,46.55275652451844,41.34868782600889,-1.3853563082321885
2019-05-13,44.50716781616211,45.40823773541505,43.81938322929667,44.98406587699124,229722400,48.5840425491333,46.38850914001465,47.99203864491834,46.47253735948486,27.4414447560722,-5.811954523801011
2019-05-14,45.21173477172851,45.46096566171211,44.43288321254333,44.67252984613877,146118800,48.46654758453369,46.453139801025394,47.72724779985264,46.42309412074932,31.96546545718803,1.5830415417054322
2019-05-15,45.753326416015625,45.95223352405222,44.57905959047362,44.63897123783222,106178800,48.37589359283447,46.530130310058595,47.53925528710626,46.39682872056368,36.28325047392666,1.1979006048354002
2019-05-16,45.552024841308594,46.12478005237358,45.25486174953752,45.51128535930009,132125600,48.22886066436767,46.60791694641113,47.349995244649335,46.36369915667133,36.383466445556806,-0.43997145229766055
2019-05-17,45.29322814941406,45.74855543531862,44.756418203076386,44.79715770493365,131516400,48.060174560546876,46.69017211914063,47.15411266415074,46.32171990148477,35.20733122868856,-0.5681343316704668
2019-05-20,43.87689971923828,44.178856807213535,43.20349328767014,43.979949669541405,154449200,47.8126745223999,46.74214317321778,46.84199714558765,46.2258446002202,33.86568153831581,-3.1270202810529946
2019-05-21,44.71805953979492,45.053563335993125,44.26272878013493,44.38734604303017,113459200,47.57202033996582,46.78233787536621,46.63971737360739,46.16671577432117,24.7637524163561,1.9170903731555722
2019-05-22,43.802608489990234,44.5047749813333,43.7474907918009,44.25314530140876,118994400,47.28941326141357,46.79462684631348,46.36951652754861,46.07400568473957,23.503574739606535,-2.047161838473832
2019-05-23,43.05491256713867,43.26579910587868,42.61156485806626,43.08846294762348,146118800,46.991861724853514,46.78814231872558,46.053839959890524,45.9556098762062,17.93821060738574,-1.7069666593541477
2019-05-24,42.88956069946289,43.64924013152873,42.805682910338874,43.18432505134615,94858800,46.69774055480957,46.76870613098144,45.75248003032599,45.83537265358882,18.934895955334227,-0.38404878286057986
2019-05-28,42.71221160888672,43.27777771943375,42.635526599968856,42.877568344534325,111792800,46.391051864624025,46.73431190490723,45.46293065685558,45.71289574987502,21.15954704279396,-0.41350176519385773
2019-05-29,42.50851821899414,42.98062234841405,42.17780471640916,42.27845585703999,113924800,46.1212080001831,46.68677207946777,45.18155804372592,45.587233885918906,20.658586891312652,-0.4768973139527066
2019-05-30,42.72898483276367,42.95185439113661,42.338359747385475,42.64510706926104,84873600,45.74481353759766,46.650755615234374,44.9479796426819,45.475145687755955,23.539381846677983,0.5186410230385796
2019-05-31,41.95494842529297,42.65471633215764,41.93577625098894,42.23293581090559,108174400,45.34607067108154,46.591475830078124,44.66292905054962,45.33709873628682,23.277706658848075,-1.8115019827880108
2019-06-03,41.530765533447266,42.637931895817616,40.80463647024104,42.08195356453021,161584400,44.8950834274292,46.49062492370606,44.36462776320654,45.187830767548014,30.39770072204162,-1.0110437690109997
2019-06-04,43.05011749267578,43.095650934304736,41.82312800199585,42.04360244755758,123872000,44.55909614562988,46.439450149536135,44.23943630887028,45.10399887441577,37.143572796026525,3.6583769639519037
2019-06-05,43.74509811401367,44.332235335001265,43.40959426492165,44.162084603643216,119093600,44.3249397277832,46.41320434570312,44.1923564807887,45.05070864851765,38.269895021860606,1.6143524380766827
2019-06-06,44.38734817504883,44.44725983129885,43.65163128107434,43.87450454381739,90105200,44.12241916656494,46.40911376953125,44.21092711833729,45.024694512303185,43.53036108498832,1.4681646372383117
2019-06-07,45.56880187988281,45.99297740766236,44.51915220426031,44.69648835711677,122737600,44.004991912841795,46.42063117980957,44.34024852419876,45.04603205612984,51.38845537030858,2.661690218966739
2019-06-10,46.151153564453125,46.8197661273768,45.921091165173166,45.96662461499967,104883600,43.949873542785646,46.44260185241699,44.512715670889655,45.08937015449546,62.50995664818724,1.2779613695031111
2019-06-11,46.685569763183594,46.970749901230256,46.39559932431063,46.69755282868571,107731600,44.05879364013672,46.46938819885254,44.71965415587003,45.151966217581275,61.20063289957215,1.1579693191939855
2019-06-12,46.53696823120117,46.963538835260515,46.3452502429605,46.47945173771403,73012800,44.12505531311035,46.48704330444336,44.89273168685395,45.20628002203696,67.05524999119632,-0.31830292044461306
2019-06-13,46.52739334106445,47.16006031960597,46.395590615436326,46.65919972341008,86698400,44.16375865936279,46.49123374938965,45.048413749159714,45.25808838748902,73.85581005293778,-0.020574804291395576
2019-06-14,46.189491271972656,46.39318870678023,45.60475292882197,45.9043112065248,75046000,44.195631980895996,46.482316131591794,45.15708779895142,45.294613990802105,72.14536849257065,-0.7262432834241106
2019-06-17,46.465084075927734,46.72150772045912,46.052891587494855,46.22783260024407,58676400,44.25422477722168,46.477286911010744,45.281658872949166,45.34051477845409,74.85723035221314,0.5966569372507946
2019-06-18,47.5578727722168,47.998821691765386,46.78142003490676,46.982722325563635,106204000,44.438273429870605,46.48785865783692,45.49844114906989,45.42746999389577,79.92050481971177,2.351849174540077
2019-06-19,47.41888427734375,47.90057641270795,47.284682730460275,47.85264415449137,84496800,44.57331466674805,46.480849533081056,45.68134049461978,45.505564671678044,78.06147998789373,-0.29225128621447327
2019-06-20,47.7999153137207,48.075507457573906,47.45721875366059,48.0179909537039,86056000,44.77318000793457,46.484325942993166,45.88310952501035,45.59553920666011,86.69863358202699,0.8035428124971933
2019-06-21,47.636962890625,48.133033233178,47.48598432433185,47.6417568477169,191202400,45.002282524108885,46.47919570922851,46.05014317887841,45.67559503740384,89.63912049705438,-0.3409052548026814
2019-06-24,47.58902740478515,47.96766951247152,47.490771410564825,47.57943949198851,72881600,45.237255859375,46.48108039855957,46.196703581345716,45.75063160083056,86.42305610724307,-0.1006266624299923
2019-06-25,46.86769485473633,47.751987879310825,46.80059043176467,47.55308073051549,84281200,45.44503002166748,46.46892036437988,46.26060751214482,45.79443800294451,74.95214231716537,-1.5157539235111317
2019-06-26,47.88139724731445,48.16657732114802,47.29426373709572,47.39491488255744,104270000,45.713673973083495,46.47531562805176,46.414968439303834,45.87627954193941,76.35576472646453,2.1629021775447566
2019-06-27,47.86702346801758,48.30557727889453,47.82628397608489,47.99882620091607,83598800,45.97057590484619,46.48132797241211,46.55325939441943,45.95434793119738,71.04003531438957,-0.03001954855793576
2019-06-28,47.43086242675781,47.80950455578012,47.22237102064913,47.612992556266285,124442400,46.244371604919436,46.460091552734376,46.63684063559451,46.01225046043505,62.03785306031055,-0.9111931548264951
2019-07-01,48.30078125,49.00534295998104,48.08509707895737,48.689007638472184,109012000,46.58287239074707,46.45276817321778,46.7953111702998,46.10199676590818,64.2917416551793,1.834077599970918
2019-07-02,48.58355712890625,48.679417968727066,48.25524243722315,48.2672254992904,67740800,46.859544372558595,46.447901306152346,46.9656203092147,46.19931285857478,67.68866167142869,0.5854478366356552
2019-07-03,48.98616790771485,48.993357013988195,48.573975416695106,48.71536604902747,45448000,47.121597862243654,46.43700180053711,47.15805341383376,46.30860129187439,69.89922465782017,0.8286976141750113
2019-07-05,48.94303894042969,49.14674007490686,48.6243084269404,48.73215235502716,69062000,47.349382400512695,46.426767578125,47.32805203541432,46.41191257220989,73.40141479766831,-0.0880431540724147
2019-07-08,47.93412780761719,48.264837724616385,47.54829652385314,48.123447067370165,101354400,47.46764869689942,46.40533126831055,47.385773537528884,46.471607287323906,61.1011787224597,-2.061398627168376
2019-07-09,48.22649002075195,48.29119197920028,47.64414679769493,47.73760883883773,82312000,47.57141551971436,46.39442138671875,47.465841774026316,46.540426218046576,55.747902180001276,0.6099249668381601
2019-07-10,48.703392028808594,48.82321536456781,48.303182526178986,48.37268210868142,71588400,47.67230663299561,46.39156951904297,47.5837037030532,46.62524840670391,60.43619751311008,0.9888797792487747
2019-07-11,48.34870910644531,48.98137608305649,48.339124849902824,48.72255727579953,80767200,47.76289367675781,46.400435791015624,47.65656136051912,46.692835100811415,54.477938535303245,-0.7282509648475433
2019-07-12,48.72016906738281,48.88792100615838,48.45655626593691,48.516467933836616,70380800,47.87253246307373,46.36970169067383,47.757857332601375,46.772338393618135,58.54768057064005,0.7682934411334275
2019-07-15,49.17788314819336,49.33604713394336,48.88790913700364,48.90947645459903,67789600,48.021952056884764,46.35466323852539,47.89309788646728,46.86667348203285,61.77621657139404,0.9394755592442738
2019-07-16,49.00773620605469,49.393567429544646,48.76808957424024,49.02930352530581,67467200,48.149084663391115,46.3238077545166,47.99925391690417,46.950636726112144,67.27274294725858,-0.34598264757746966
2019-07-17,48.73214340209961,49.14912619568089,48.712971233000175,48.89989531082296,56430000,48.20779819488526,46.30305335998535,48.06905291549422,47.020499733013615,57.79536817733134,-0.5623455096891994
2019-07-18,49.285736083984375,49.3384586450495,48.81602699178186,48.88792172566321,74162400,48.301140785217285,46.32020355224609,48.18492750296947,47.1093325310909,61.83057058604595,1.13599083323086
2019-07-19,48.550018310546875,49.4870376738974,48.49490059997273,49.316886928145024,83717200,48.338645935058594,46.32244873046875,48.21969805607208,47.165830012638196,58.88851455343529,-1.4927600395047702
2019-07-22,49.65958023071289,49.661975380848794,48.794455658342386,48.80403991560377,89111600,48.43977680206299,46.357293395996095,48.35682969175216,47.2636241388372,60.39606503330407,2.285399591548609
2019-07-23,50.047794342041016,50.06457135902232,49.67634138607371,49.95673112192649,73420800,48.56271514892578,46.41317886352539,48.51787394416063,47.37280728406088,61.02488923151688,0.7817506904499005
2019-07-24,50.00706481933594,50.12209418470075,49.647594852943,49.76741817507398,59966400,48.71968364715576,46.52317680358887,48.659701646558275,47.4761115011305,58.129820988524344,-0.08138125414023367
2019-07-25,49.61163711547851,50.143652827411785,49.542137557976254,50.05977505986539,55638400,48.80619564056396,46.61117485046387,48.75036216740782,47.55985760365395,55.04144611832029,-0.7907436784902688
2019-07-26,49.78419876098633,50.26109327692397,49.64040930144378,49.72188828871622,70475600,48.902054405212404,46.69179229736328,48.84882279536768,47.64708666864738,65.96356770769899,0.3478249369319508
2019-07-29,50.24910736083984,50.47916975170816,49.95194785783544,49.956741814672895,86693600,49.0429666519165,46.785733947753904,48.982183230174556,47.749126695792185,66.9477564280823,0.9338477095624853
2019-07-30,50.03343200683594,50.36414558513368,49.68115110561913,50.02863804950347,135742800,49.1295991897583,46.88053802490234,49.08230216128516,47.83870729622527,61.654777742864965,-0.429212309096616
2019-07-31,51.0543098449707,53.05056645356271,50.637327102985296,51.864316519787174,277125600,49.253136825561526,47.024086227416994,49.27011241687426,47.96480935696039,71.22978588135143,2.0403913886924308
2019-08-01,49.94954681396485,52.25015599273981,49.54454706892121,51.260414211398206,216071600,49.30130577087402,47.12871597290039,49.33482045469241,48.04264219841154,58.65090784147408,-2.163897689265659
2019-08-02,48.89271545410156,49.470261159344595,48.31996004950161,49.25458061542855,163448400,49.29878959655762,47.230518112182615,49.292715216540905,48.07597840451704,48.1493676087963,-2.1157976944203627
2019-08-05,46.33327865600586,47.6058016786869,46.151148533272625,47.44763768168687,209572000,49.21874713897705,47.29608543395996,49.010864115537565,48.00763723790876,36.75209831397935,-5.2348019011101865
2019-08-06,47.21038055419922,47.46680417334717,46.50102500392178,47.04502381388391,143299200,49.167941665649415,47.38250183105469,48.8393894906482,47.976372269920155,42.88590041498216,1.8930279134901307
2019-08-07,47.69926071166992,47.82387797553629,46.448308743686994,46.82934598449226,133457600,49.11773509979248,47.48224281311035,48.730805797412174,47.96550514998877,42.53822793476751,1.0355353033205228
2019-08-08,48.75130844116211,48.77527456500826,47.783137739281464,47.97725090959715,108038000,49.13786506652832,47.60709861755371,48.73275843015026,47.996320965328906,50.91938341879537,2.2055849792967486
2019-08-09,48.34959030151367,48.775373879354945,47.94064014742092,48.424162442131816,98478800,49.11933612823486,47.71951072692871,48.69626622742297,48.01017466478713,43.60304872551263,-0.8240150931195456
2019-08-12,48.226898193359375,48.60457469476368,47.90695673151683,48.0200188898601,89927600,49.071786880493164,47.84494972229004,48.6515645098931,48.01867362669192,40.871467294541695,-0.2537603884317785
2019-08-13,50.26923751831055,51.03180338880131,48.226905603803466,48.35680854512529,188874000,49.13486194610596,48.019719161987304,48.80562860593285,48.106931034206376,51.09464288046514,4.234855239419888
2019-08-14,48.7729606628418,49.6606171063461,48.73447063907869,48.87158997225576,146189600,49.136902809143066,48.13417602539062,48.802517373257515,48.13304984317247,46.79309672842015,-2.9765258622109214
2019-08-15,48.53001022338867,49.34790322459332,48.03205506391868,48.94376889570016,108909600,49.099116516113284,48.229874267578126,48.77656431136524,48.14861691690644,45.2299525632886,-0.4981252648011192
2019-08-16,49.67505645751953,49.83382507339097,49.03517349339124,49.141019237305535,110481600,49.155368423461915,48.33562843322754,48.862134991951365,48.20847729104813,47.92411237746825,2.3594601131549098
2019-08-19,50.60120391845703,51.17372750673664,50.52422385951554,50.66615171375127,97654400,49.20244960784912,48.43627647399902,49.027760603999525,48.302309707809265,51.95283634791079,1.8644114913679344
2019-08-20,50.60359954833984,51.32286671027369,50.59397887791668,50.72869028750456,107537200,49.23023986816406,48.52532539367676,49.17784050346051,48.39255636822223,48.33300271147545,0.0047343337653993345
2019-08-21,51.15207290649414,51.39503430979136,50.90189508225022,51.23626937835333,86141600,49.28749027252197,48.61465545654297,49.365862637082756,48.50077270305643,54.63853874000549,1.083862339931696
2019-08-22,51.1087760925293,51.58507824401724,50.69742173173677,51.28438179246483,89014800,49.36234722137451,48.70609161376953,49.53185439474433,48.60304734578085,59.273149151727466,-0.08464332236152172
2019-08-23,48.74650192260742,51.01014564047347,48.35198833377321,50.37988339602778,187272000,49.310462379455565,48.75047378540039,49.457058921207484,48.608673015460326,60.26760180249313,-4.6220519263562965
2019-08-26,49.672645568847656,49.84103483411144,49.328646947098854,49.5210933948049,104174400,49.28163928985596,48.820136871337894,49.4775909828875,48.65039742931865,60.43272329720787,1.8999181678936328
2019-08-27,49.112152099609375,50.16819791599971,48.96059990979167,50.00221288345861,103493200,49.23557529449463,48.873078231811526,49.442787279718154,48.66850545560457,55.95037161205828,-1.128374506369756
2019-08-28,49.44171142578125,49.48741787220754,48.910082172512254,49.09771645844376,63755200,49.154945373535156,48.910755004882816,49.44268481743845,48.698827258356594,53.09603110657217,0.6710341780654661
2019-08-29,50.278846740722656,50.35342253777785,49.713539661494714,50.15616392017947,83962000,49.171410369873044,48.96795425415039,49.522319286322656,48.76078880668468,58.32636647319704,1.693176248961481
2019-08-30,50.21390151977539,50.62525219652797,49.84344144801472,50.55549223711403,84573600,49.23746967315674,49.01623397827149,49.588184260937204,48.81777361896275,58.61855235469293,-0.12917006884063387
2019-09-03,49.48260498046875,49.790517838568434,49.126581426530514,49.65821067205432,80092000,49.39493598937988,49.053146820068356,49.57812909136878,48.84384543706102,46.15016109838894,-1.4563627146531144
2019-09-04,50.322147369384766,50.391907323066086,49.87230670410968,50.1297009283662,76752400,49.55052433013916,49.10780921936035,49.64898797498935,48.90181806185803,58.102695192133496,1.6966414546028652
2019-09-05,51.306026458740234,51.47201147242179,50.88023929372371,50.99811361359005,95654800,49.730862617492676,49.19657585144043,49.80680116391801,48.99610074408871,63.474984519940385,1.9551611781059464
2019-09-06,51.30122375488281,51.58027096935908,51.12080586682492,51.49126598584614,77449200,49.85835838317871,49.2649723815918,49.949127124962274,49.08649772490416,58.876085852065934,-0.009360896153753906
2019-09-09,51.52012634277344,52.06619212190076,50.774401351657886,51.681299198955934,109237600,50.0168851852417,49.33803443908691,50.09874609808715,49.181934141291194,55.43539084993276,0.42670051875670634
2019-09-10,52.12874221801758,52.14798723364633,50.92836419189196,51.44556068094827,127111600,50.21197738647461,49.431992034912106,50.29207906189004,49.29749524233929,58.41749629556645,1.181316736676652
2019-09-11,53.78617477416992,53.81504412951995,52.37650966317453,52.45830188762013,177158400,50.38782424926758,49.54169990539551,50.62485008210717,49.473521890646374,62.952493356002705,3.1794984602169674
2019-09-12,53.665889739990234,54.46694543066619,53.61056262735679,54.077244051108906,128906800,50.632470703125,49.643346557617186,50.91447290666746,49.637928472973584,62.47943774280963,-0.2236355990823391
2019-09-13,52.62187957763672,53.11261457668617,52.205716712062376,52.92257603236607,159053200,50.8370641708374,49.71606079101562,51.07708306580739,49.754946163352535,71.70582833476699,-1.9453887141566373
2019-09-16,52.89852142333984,52.953852216544,52.33561851362574,52.37651279298673,84632400,50.998237419128415,49.79517044067383,51.25055338557239,49.87822362452851,69.48571091493278,0.525716390071107
2019-09-17,53.090965270996094,53.11983462664283,52.71088451204481,52.912955319127846,73274800,51.12272548675537,49.898307189941406,51.4258307079937,50.00421349301744,75.15213950244669,0.36379816009630694
2019-09-18,53.588924407958984,53.60816942297296,52.78786855223211,53.17757001208415,101360000,51.27199172973633,50.005555877685545,51.63183963179991,50.1447903916426,75.67014281929626,0.937935738069795
2019-09-19,53.15351486206055,53.82707201378475,53.011583339522566,53.40609695865153,88242400,51.37206382751465,50.09455833435059,51.77676108230093,50.26277958656095,68.72463363350977,-0.8124991324397035
2019-09-20,52.376522064208984,53.538413867995985,52.31397850892914,53.254558112558406,221652400,51.435451126098634,50.17511459350586,51.83388117581598,50.345671448429506,62.89082822476488,-1.461790061989221
2019-09-23,52.61465072631836,52.88407351151001,52.357252859986225,52.66997783314661,76662000,51.62885856628418,50.25300422668457,51.90824018062573,50.43465102795456,69.83551237679615,0.45464771757361966
2019-09-24,52.364479064941406,53.52156204892097,52.246608409698545,53.17034699206987,124763200,51.76345024108887,50.31673614501953,51.95169150294151,50.51033055881679,63.97770605684496,-0.4754790879031967
2019-09-25,53.170352935791016,53.283415103474375,52.23458565709621,52.57377216014629,87613600,51.96636028289795,50.39998847961426,52.06775449654622,50.61464516183539,63.07809144993032,1.5389704724268816
2019-09-26,52.896114349365234,53.1487001042751,52.64112434424878,52.922575784081715,75334000,52.13908042907715,50.48326789855957,52.146645911100414,50.70411454173853,60.78050360294713,-0.5157734927149216
2019-09-27,52.63872528076172,53.15351751274349,52.26826515822796,53.05248026433511,101408000,52.2570743560791,50.550327682495116,52.19351061297292,50.77998162954336,57.521921859063944,-0.4865935272740929
2019-09-30,53.877586364746094,54.0243263762996,53.11261270219493,53.139074136101655,103909600,52.44025859832764,50.6568790435791,52.35389877980846,50.90145632504151,60.84105691845152,2.353516498312991
2019-10-01,54.0267219543457,54.89994546249152,53.93290482566469,54.1421920131918,139223200,52.66746444702149,50.74422187805176,52.51321527262153,51.02401576148481,51.834126420867705,0.2768045112302886
2019-10-02,52.672393798828125,53.78376662810997,52.424616563859,53.65867588561685,138449200,52.78497676849365,50.7967138671875,52.52837513226025,51.08865803745906,43.624557347625505,-2.506774622865382
2019-10-03,53.11983871459961,53.15351657327003,51.751067761117135,52.54490352557878,114426000,52.87566738128662,50.858969345092774,52.58470499724495,51.16831218166065,53.46044362772256,0.8494865782641581
2019-10-04,54.6088752746582,54.72434534521525,53.85833816909079,54.279313165976994,138478800,53.04104995727539,50.95891410827637,52.777483118903355,51.3032362245233,60.171700576191995,2.8031646859073334
2019-10-07,54.62091064453125,55.311308550510645,54.327430602345274,54.43087209456384,122306000,53.19608917236328,51.05564834594727,52.95304764515363,51.4333411037393,59.29831313234353,0.022039219472125282
2019-10-08,53.98103332519531,54.86147354368214,53.96419623018985,54.3226277737233,111820000,53.288703727722165,51.130286865234375,53.05095104325284,51.53325060261993,52.342648561008595,-1.1714878272539475
2019-10-09,54.61370468139648,54.79652684489467,54.279330296593805,54.61370468139648,74770400,53.3300802230835,51.22189231872559,53.19978472307604,51.654052723356266,58.52298788639338,1.1720252785636598
2019-10-10,55.349796295166016,55.433992769762874,54.67864343102517,54.830191946444145,113013600,53.414275550842284,51.307802047729496,53.404547729941754,51.79898384381939,67.43797799585835,1.347814835239114
2019-10-11,56.82200622558594,57.16600118945812,55.88383113476842,56.03778756451031,166795600,53.624281883239746,51.44525123596191,53.730019967622155,51.99596511369259,71.55547755416656,2.659828994797042
2019-10-14,56.74020767211914,57.28386912163445,56.45153985739628,56.50686696815397,96427600,53.81636619567871,51.60220108032227,54.01670451090758,52.182013841474024,72.8116581637016,-0.14395576450091374
2019-10-15,56.607913970947266,57.16840893665815,56.502068230785376,56.8653082294218,87360000,53.99221363067627,51.807693786621094,54.26348636424469,52.35557855243376,69.2744324846448,-0.2331568857420363
2019-10-16,56.3793830871582,56.588670322294504,56.097931637089864,56.13882591575506,73903200,54.13173656463623,51.991073837280275,54.4650003378555,52.51337480869747,69.63133969481405,-0.40370836471089744
2019-10-17,56.59828186035156,56.807565391102926,56.17490262842623,56.55257541786321,67585200,54.30397491455078,52.16905426025391,54.668170006664646,52.67356724209567,72.41288769005007,0.38826032000911503
2019-10-18,56.8701171875,57.15156861487775,56.3601335292246,56.4323014089496,97433600,54.52865467071533,52.331430435180664,54.8778792619823,52.83813782818996,69.0214803154494,0.4802890091595957
2019-10-21,57.85639190673828,57.97186196777041,57.0890177733123,57.137128463437165,87247200,54.790741729736325,52.521566467285155,55.161547132911444,53.034932105780086,72.00118341898511,1.7342582853953736
2019-10-22,57.724098205566406,58.26294389922715,57.64230598082633,58.01276606582909,82293600,55.05872268676758,52.711510467529294,55.40559961602144,53.21882097243837,83.76224265440736,-0.22865874765424232
2019-10-23,58.498687744140625,58.51312425689027,58.027197771424554,58.238889244421685,75828800,55.32513942718506,52.8760994720459,55.700179437747074,53.425874571328656,84.44254458495263,1.34188244191491
2019-10-24,58.594913482666016,58.88839351156194,58.16912628162669,58.818629879608615,69275200,55.6100793838501,53.07253852844238,55.97586839440602,53.6285819796164,81.0650736286566,0.16449213176585875
2019-10-25,59.31658554077149,59.35266764688448,58.42652477407812,58.49388048589636,73477200,55.94397239685058,53.28827003479004,56.294031932155114,53.85164094279895,82.95088725242192,1.2316291896547815
2019-10-28,59.91075897216797,59.95886966807034,59.3502603719089,59.51864964287259,96572800,56.24563102722168,53.49298408508301,56.63848212644206,54.089253414538916,91.87920020001465,1.0016986412477724
2019-10-29,58.525150299072266,60.07915117989535,58.35195251947973,59.89151688727669,142839600,56.47055244445801,53.65146301269531,56.81816480954969,54.26321015510885,74.96934116874681,-2.3127877143726328
2019-10-30,58.51793670654297,59.00867539604496,58.02479743733707,58.87877246680747,124522000,56.76282958984375,53.80974975585937,56.98004784735858,54.43006217673372,72.29948270056832,-0.012325628370768449
2019-10-31,59.84099960327149,59.93962892278996,57.07459217991583,59.47535535189402,139162000,57.09888763427735,53.98352828979492,57.252519443159805,54.64225580130383,71.70541168675092,2.2609527457597256
2019-11-01,61.53933334350586,61.56579110685089,59.937221805325485,60.02863102849158,151125200,57.445410537719724,54.19213943481445,57.66078743366895,54.9127294304098,77.9962774352223,2.838077156955654
2019-11-04,61.94347381591797,62.02767029711615,61.43349376919417,61.90257586520256,103272000,57.81153869628906,54.45607887268066,58.06866232721647,55.18844489650816,80.16876745232412,0.6567189640424687
2019-11-05,61.854461669921875,62.1094516637506,61.659610964094675,61.83521298667724,79897600,58.20521011352539,54.69971519470215,58.42921464556937,55.44985731899497,81.45391222632912,-0.1436989895991614
2019-11-06,61.88092422485352,61.94106351751216,61.43108349036237,61.76786206100636,75864400,58.56857109069824,54.95509063720703,58.75794889121548,55.702056021185506,81.03457471960903,0.04278196627571784
2019-11-07,62.59510803222656,62.81708830253441,62.27661748219188,62.428624670311265,94940400,58.93083667755127,55.21815856933594,59.123392618930815,55.97237178632437,81.97158974708569,1.154125954515406
2019-11-08,62.76641845703125,62.8387993222777,61.97260727293929,62.41656042739546,69986400,59.228057289123534,55.46791000366211,59.470347460654665,56.2388049890972,80.16623214940269,0.27368021270366416
2019-11-11,63.26347351074219,63.32861631020604,62.317654845213625,62.322477783345064,81821200,59.554220581054686,55.72890144348145,59.831597560663,56.51428218602445,82.57289519798368,0.7919124046423143
2019-11-12,63.205535888671875,63.40580187077444,62.95461066850528,63.10661047248142,87388800,59.884101676940915,56.00336006164551,60.15292502047337,56.77668429201063,80.22483337873244,-0.09158147483077084
2019-11-13,63.81114959716797,63.885945606147736,62.99080128485799,63.00527745670818,102734400,60.255690002441405,56.27314010620117,60.50132736111095,57.052545676526606,81.43909313009814,0.9581656099915126
2019-11-14,63.3696174621582,63.91008089634329,63.23932454025214,63.63743402929962,89182800,60.59425678253174,56.51441192626953,60.77449784692497,57.30027398184549,75.28202233715896,-0.6919357162456841
2019-11-15,64.12239074707031,64.12721368241881,63.458872655277816,63.62052566694344,100206400,60.95687046051025,56.77083526611328,61.09334478979596,57.567807972638626,75.76161035790088,1.1879088355892797
2019-11-18,64.44574737548828,64.52536636009172,63.7532764804503,64.1320796491291,86703200,61.28633823394775,57.02934768676758,61.41262122652856,57.83753108647587,91.62406503018454,0.5042803686054809
2019-11-19,64.25028991699219,64.66287560634905,64.03313994171292,64.63874619503746,76167200,61.61264781951904,57.27177864074707,61.682875387525094,58.08901182492749,89.26144581838855,-0.3032899244030385
2019-11-20,63.5023193359375,64.19961290123727,62.829147817543415,64.06932734020269,106234400,61.86282939910889,57.466101531982424,61.856155763564374,58.301298393986706,77.22114291062447,-1.1641512933576292
2019-11-21,63.21761703491211,63.70017582792511,63.01735101238453,63.62296465385995,121395200,62.09396457672119,57.65713607788086,61.985818741787966,58.49409520343476,65.79856073772964,-0.44833370497739944
2019-11-22,63.162113189697266,63.499902835074955,62.935309992816094,63.35754889035371,65325200,62.28624095916748,57.867940750122074,62.09784678444599,58.6771547323078,62.27756311169904,-0.08779806613746777
2019-11-25,64.26959228515625,64.28648361025664,63.340665127052524,63.386508801889065,84020400,62.50418262481689,58.095362167358395,62.30467968927554,58.896466008890094,70.18888092389405,1.7533914549895613
2019-11-26,63.76774215698242,64.46021293797112,63.335849918680225,64.407131169223,105207600,62.766312217712404,58.308897705078124,62.44401897191429,59.08749644607019,64.61125894486085,-0.7808515821092876
2019-11-27,64.62428283691406,64.65806549210242,64.01384616231051,64.07898895883437,65235600,63.07162952423096,58.52960487365723,62.65166314953331,59.3046253241425,65.37467267083258,1.3432193942558346
2019-11-29,64.48190307617188,64.66286257965973,64.15617449724154,64.32507297913462,46617600,63.30367469787598,58.75617263793945,62.82597171397508,59.507655824222084,63.055135903423626,-0.2203192894248418
2019-12-02,63.73636245727539,64.72319424644424,63.56505615770284,64.48673780121864,94487200,63.413526153564455,58.98336944580078,62.9126755942894,59.67348745689084,53.46762034501375,-1.1562013267750193
2019-12-03,62.59993743896485,62.61923654932985,61.83749372245772,62.32487541424331,114430400,63.4463493347168,59.18307518005371,62.88289100806801,59.7882502012859,46.16570314522771,-1.7830089049595932
2019-12-04,63.15245056152344,63.53126088330564,62.89669505639606,62.99079753107585,67181600,63.51124877929688,59.39883460998535,62.908563346492336,59.92017962717757,45.8012687086872,0.8826097040389058
2019-12-05,64.0789794921875,64.15378288001588,63.39133909623157,63.64709466989342,74424400,63.621151542663576,59.617007141113284,63.02003155084426,60.083269817962275,54.258375572443576,1.4671306060584755
2019-12-06,65.31671142578125,65.38668447826393,64.4939482024452,64.53738406865537,106075600,63.75723171234131,59.8654190826416,63.238762967504925,60.28850282219047,56.7751496192219,1.9315724804023437
2019-12-09,64.40230560302734,65.33846356133417,63.91733161576993,65.14544297190798,128042400,63.839026069641115,60.10069068908692,63.34957655184039,60.44982842143898,49.769050307608445,-1.3999569218865804
2019-12-10,64.77867889404297,65.16231215536672,64.14652084747135,64.80763123629215,90420400,63.91478633880615,60.31871253967285,63.485681536812066,60.619587263501884,52.75606093044763,0.5844096534921794
2019-12-11,65.3311996459961,65.41082594602184,64.78349823349234,64.85829423457072,78756800,64.02106952667236,60.54480209350586,63.66144516625816,60.80435637654087,59.737933152479926,0.8529361224807852
2019-12-12,65.49769592285156,65.76310470333209,64.49880315683109,64.60978960566402,137310400,64.10539684295654,60.801308135986325,63.83632619069563,60.98840890776874,62.29512378248842,0.2548495630841696
2019-12-13,66.38801574707031,66.42420617913521,65.36981653316047,65.49769430196437,133587600,64.25631675720214,61.06667167663574,64.07934424368369,61.20015819558449,65.95858792376123,1.3593147234788772
2019-12-16,67.5244369506836,67.74883234755957,66.82955859141919,66.83438152775894,128186000,64.42641906738281,61.32498291015625,64.40744831101702,61.44816912715701,66.05578855776818,1.7117866693634909
2019-12-17,67.65715026855469,67.98528668341874,67.26868664682006,67.45447647762181,114158400,64.58698921203613,61.58570770263672,64.71694373554442,61.69165858368241,69.91114841522818,0.19654116918890185
2019-12-18,67.49547576904297,68.01663999270224,67.34588376621923,67.50995193942846,116028400,64.74924850463867,61.85599655151367,64.98156583397285,61.91925925761812,65.82439863727842,-0.2389614384732064
2019-12-19,67.56304168701172,67.84292661971328,67.30487837572159,67.43757907439164,98369200,64.95228462219238,62.114983291625975,65.22742067711941,62.14058405877081,67.1227057072718,0.10010436580956128
2019-12-20,67.423095703125,68.19760028081991,67.21076871731513,68.0962670869402,275978000,65.16255855560303,62.35644927978515,65.43653258435803,62.34774137815725,71.96671359481269,-0.20713393061109198
2019-12-23,68.52333068847656,68.5836505218291,67.64748553007605,67.68609110701298,98572000,65.430619430542,62.59047576904297,65.73051335617885,62.58992135111095,85.44630261193518,1.6318369453044435
2019-12-24,68.5884780883789,68.73807747033234,68.26275685689335,68.68981865508782,48478800,65.64656372070313,62.827441177368165,66.00270047353123,62.825158870219504,84.5448154486878,0.09507331188922663
2019-12-26,69.94931030273438,69.966201627571,68.69224671623391,68.72119906551794,93121200,65.95564212799073,63.09426910400391,66.37856807631249,63.10453735776911,85.35328658990453,1.9840536665677089
2019-12-27,69.92276000976562,70.92889824450315,69.51741242648437,70.24125055231326,146266000,66.2205659866333,63.36513664245606,66.71611016521278,63.37191863823956,82.47720714653056,-0.037956475701961256
2019-12-30,70.33775329589844,70.62005337456992,68.81769633977586,69.84071842512762,144114400,66.51335849761963,63.63992607116699,67.06102855861141,63.64508862481442,95.02152201565048,0.5935024390840038
2019-12-31,70.85169982910156,70.85893791713207,69.85521465174138,69.95414009700069,100805600,66.86912536621094,63.91955772399902,67.42204487008667,63.927700828904115,95.12330065496565,0.7306837496515506
2020-01-02,72.46824645996094,72.52856629098083,71.2232442641189,71.47658460909824,135480400,67.36254081726074,64.21179481506347,67.90263549769374,64.26262418698478,95.78911301572695,2.2815918810114466
2020-01-03,71.76372528076172,72.52375386627762,71.53933722124737,71.69616734789946,146322800,67.79310455322266,64.49258735656738,68.27035833417641,64.55678501419172,87.604840592849,-0.9721791455081896
2020-01-06,72.3355712890625,72.3741768820521,70.63455422652187,70.88548689932232,118387200,68.2059341430664,64.76932502746583,68.65752147273699,64.86183545634351,87.11219569787636,0.7968454899234256
2020-01-07,71.99535369873047,72.60095990158051,71.77578859164102,72.34520436217124,108872000,68.53986625671386,65.03733383178711,68.97541025616493,65.14158126977046,80.9760315970196,-0.4703323472382337
2020-01-08,73.15348815917969,73.45508735263148,71.6985739444987,71.6985739444987,132079200,68.97742538452148,65.31407188415527,69.37332243740444,65.45577369680612,83.34283672555067,1.6086238916132256
2020-01-09,74.70731353759766,74.90033403927089,73.87972727586492,74.1306524553881,170108400,69.47385711669922,65.61000297546387,69.88132158980379,65.81857918075873,87.42789763602441,2.1240619108098935
2020-01-10,74.87621307373047,75.44081319943417,74.37435529486838,74.94136320691373,140644800,69.95110778808593,65.93702423095704,70.35702554065395,66.17378050989488,87.55875461377511,0.2260816620688777
2020-01-13,76.47591400146484,76.50245856347271,75.07408132346671,75.19231323252647,121532000,70.5000186920166,66.29618377685547,70.93977682263593,66.57778574485842,90.4309858982161,2.1364607824906345
2020-01-14,75.44322967529297,76.62308929816353,75.32018220682278,76.41317742986432,161954400,70.95277938842773,66.6082283782959,71.36867709431756,66.9254502127186,81.09271611718222,-1.350339305721926
2020-01-15,75.11992645263672,76.12364962606802,74.68803427101611,75.24298130114484,121923600,71.33255386352539,66.87984024047852,71.725938937967,67.24680222212716,78.68192277333077,-0.4285384176257345
2020-01-16,76.0609130859375,76.17190690767254,75.30088447470833,75.66280356227105,108829200,71.75274200439453,67.1621890258789,72.1387936187261,67.5924536285511,77.86574794275043,1.2526458394419127
2020-01-17,76.90298461914062,76.90539240608445,76.00300982033474,76.30943200280402,137816400,72.22311744689941,67.46315948486328,72.59252609495606,67.95757249092716,79.6232211406458,1.1071015309160215
2020-01-21,76.3818130493164,76.97294309653658,76.24428203921465,76.53140508279039,110843200,72.66405601501465,67.75317726135253,72.9534105667999,68.28793486576596,75.42115244534436,-0.6777000559930135
2020-01-22,76.65447998046875,77.20700458892972,76.56037746579443,76.86679969961068,101832400,73.12562522888183,68.03436470031738,73.30589336810169,68.61603467418568,74.91195776068756,0.35697886743837337
2020-01-23,77.02362823486328,77.10324719984139,76.15984382890906,76.70755279875391,104472000,73.55064010620117,68.31950889587402,73.65996335541232,68.9457442255848,71.90260601111778,0.48157427261732444
2020-01-24,76.80164337158203,78.01286327957854,76.61103058846822,77.26972598534742,146537600,73.96129837036133,68.59027229309082,73.95917097599991,69.25381870189842,75.40133282658637,-0.2882035920255044
2020-01-27,74.54326629638672,75.22366854186772,73.56125746709372,74.81108286986905,161940000,74.19099617004395,68.81702690124511,74.01479910175104,69.46124801932935,59.51332510548371,-2.940532228286863
2020-01-28,76.65204620361328,76.82335250031947,75.32500962430629,75.42393505290065,162234000,74.52746047973633,69.07384483337403,74.26596549240459,69.74324010498754,67.41244736571839,2.8289341371787735
2020-01-29,78.25655364990234,79.103446634538,77.54236874294361,78.28309821074268,216229200,74.92340049743652,69.3715835571289,74.64602150740437,70.07709553812145,68.4651387751654,2.093234982960479
2020-01-30,78.14314270019531,78.196224452265,76.90779359376785,77.33968569636842,126743200,75.28797264099121,69.6519985961914,74.97908066862256,70.39341111310475,63.87911751272368,-0.14492198342186402
2020-01-31,74.67835998535156,77.85600430616152,74.38399893896334,77.43376552275893,199588400,75.39847831726074,69.85665084838867,74.95044060354913,70.5614483237811,49.36883234592457,-4.433892207454171
2020-02-03,74.47331237792969,75.63868882615688,72.919472204784,73.42133019707448,173788400,75.53395767211914,70.06111129760743,74.9049998201568,70.71485475727712,42.9875606911214,-0.274574331120947
2020-02-04,76.93193054199219,77.12254331082424,75.67245190422207,76.07779948888638,136616400,75.76377563476562,70.32970352172852,75.09804084128399,70.95866165079536,54.73961933808023,3.3013412262177244
2020-02-05,77.55925750732422,78.35789164403798,76.95605907395962,78.0587002140709,118826800,76.0419708251953,70.61653633117676,75.33244242852592,71.21750854712982,57.618680885052584,0.815431201209238
2020-02-06,78.46647644042969,78.46889159082244,77.27214775489887,77.8295026141326,105425600,76.30762023925782,70.9226235961914,75.63092185823105,71.50178179784747,57.52909656190153,1.1697106989707828
2020-02-07,77.39988708496094,78.21492705790754,76.9089278720762,77.9658198194633,117684000,76.44224891662597,71.1852294921875,75.79939473696723,71.73308004440094,51.53368454466076,-1.3592930431615358
2020-02-10,77.76750946044922,77.76750946044922,75.90525344548281,75.9850613598187,109348800,76.58681373596191,71.46522483825683,75.9868342344417,71.96972433522636,54.31786541599625,0.474965002319383
2020-02-11,77.2983169555664,78.33586413946524,77.08065162389036,78.26331148915241,94323200,76.627933883667,71.71870552062988,76.11173735073929,72.17868875171028,51.981938522774826,-0.6033271582670863
2020-02-12,79.13399505615234,79.13882944016846,77.7481801290524,77.7481801290524,113730400,76.81247215270996,72.01174736022949,76.39957141792148,72.4514458616884,55.958412388224566,2.3747969850897777
2020-02-13,78.57047271728516,78.89697445434517,78.20286026576835,78.4060150979807,94747600,76.98499946594238,72.30842956542969,76.60632392262278,72.69140769916278,54.8996212073182,-0.7121115753947693
2020-02-14,78.58981323242188,78.83892050632156,78.08192253766144,78.53901899642953,80113600,77.1114444732666,72.62822708129883,76.79522766641317,72.9227177200749,62.79610299435985,0.024615500540914326
2020-02-18,77.1507797241211,77.3321687046637,76.08904601525819,76.2704349958008,152531200,77.12383422851562,72.90819366455078,76.82908976714725,73.08852407317475,51.64686664537018,-1.8310687468425124
2020-02-19,78.26813507080078,78.49789739964547,77.39263210107522,77.39263210107522,93984000,77.21815032958985,73.19197677612304,76.96614170082854,73.29164607308165,50.03951425064009,1.4482748595350259
2020-02-20,77.4652099609375,78.51726787221662,76.95974005365503,78.02872938009521,100566000,77.25868682861328,73.43494674682617,77.01367201131511,73.45531524515444,47.79092304005266,-1.0258646243927472
2020-02-21,75.7117691040039,77.50147989029539,75.09504942814512,77.05888657687778,129554000,77.1930938720703,73.6611360168457,76.88968125823786,73.54380363177599,53.790126213489,-2.263520434292743
2020-02-24,72.11543273925781,73.56654484289926,69.950861613102,71.8929330165793,222195200,76.9587833404541,73.80787109375,76.4349909230969,73.48778908697136,43.074918123004615,-4.750036100471866
2020-02-25,69.6727066040039,73.16747023858986,69.20109972929876,72.78534740458967,230673600,76.71525535583496,73.89470123291015,75.79096384508804,73.33817800920794,28.659770969801016,-3.3872446471837514
2020-02-26,70.77799987792969,72.04288873722294,69.29061126924033,69.29786653540023,198054800,76.42155303955079,74.00030731201171,75.31353870535868,73.23777886680487,30.609770410578534,1.5864078314165253
2020-02-27,66.1513671875,69.16968329754985,66.015930635838,67.98460978013814,320605600,75.81629371643066,73.99557434082031,74.44095094175309,72.95988036957723,20.96272241634381,-6.536823163142791
2020-02-28,66.11266326904297,67.3340203730767,62.00359989656375,62.21885173263986,426510000,75.21476974487305,73.9673388671875,73.64778068720926,72.69136205190922,22.030592741455223,-0.05850811570882186
2020-03-02,72.26779174804688,72.90386365568166,67.16713422063305,68.26997869246647,341397200,75.09424133300782,74.05955169677735,73.51635316919379,72.67475145175776,39.40948924948396,9.31005978984063
2020-03-03,69.97261810302734,73.52300347304629,69.12129439177312,73.44319556548463,319475600,74.8692066192627,74.10909454345703,73.17885459146365,72.56878543808206,36.820153404380314,-3.1759288467279934
2020-03-04,73.21829223632812,73.37791548587623,70.89409742046385,71.69462716996614,219178400,74.68352470397949,74.22219955444336,73.18261055764121,72.59425629291525,39.870818093722974,4.638491771912645
2020-03-05,70.84330749511719,72.44678042666858,70.4781085286997,71.47211693616212,187572800,74.34772720336915,74.2906037902832,72.95981978978178,72.52559163417807,37.54195364563436,-3.243704091793276
2020-03-06,69.90249633789062,70.33541356546097,68.01605333738418,68.20227675514613,226176800,73.91952819824219,74.31818710327148,72.6686461276969,72.42272515197072,36.398106688467976,-1.3280169863489344
2020-03-09,64.3737564086914,67.2566283985615,63.60708224588359,63.78847126369504,286744800,73.26822166442871,74.23389266967773,71.87865663064876,72.10707931890094,32.265920442685385,-7.909216721638545
2020-03-10,69.01005554199219,69.27609424415243,65.14767842910632,67.02687337652254,285290000,72.83034896850586,74.21510757446289,71.60545652696719,71.985627406081,38.29361699089884,7.202157201866832
2020-03-11,66.61331939697266,68.01364506509296,65.74990566404036,67.08735480764533,255598800,72.29609909057618,74.14891876220703,71.13001489553913,71.77494866062577,36.80995840587315,-3.47302451243664
2020-03-12,60.0349235534668,65.30004285714023,59.9792986243362,61.8996041788163,418474000,71.3411455154419,73.9428621673584,70.07333952962749,71.31455551916855,32.94572707277139,-9.87549622666728
2020-03-13,67.22759246826172,67.6992067625623,61.176455139066015,64.06417194479151,370732000,70.77400150299073,73.8703800201416,69.8023159999736,71.15428245834867,45.06856268075525,11.980807984854302
2020-03-16,58.57896423339844,62.65900188399273,58.044469783711506,58.51608036263056,322423600,69.77345905303955,73.59259437561035,68.73342535553788,70.6611327240369,40.05293003964109,-12.864700218063463
2020-03-17,61.15470123291016,62.303494624543745,57.65751943951495,59.86079146440188,324056000,68.97365512847901,73.38041389465332,68.01164210576381,70.28833148909077,41.593068931576035,4.397034043226022
2020-03-18,59.65763092041016,60.46299850331859,57.34794363950967,57.98885363786599,300233600,68.04312992095947,73.12685508728028,67.21602199287298,69.87144127071113,43.99892238978468,-2.4480052756669424
2020-03-19,59.200531005859375,61.14985749394757,58.67571261986398,59.8317648600508,271857200,67.12989597320556,72.87095863342284,66.45264189887169,69.45297420150126,43.66128647226361,-0.7662052741594927
2020-03-20,55.44215774536133,60.905593927619734,55.142259915533515,59.780979833542105,401693200,66.11641540527344,72.51673202514648,65.40402436044214,68.90353041890754,33.86073422746229,-6.348546536053979
2020-03-23,54.26432800292969,55.26317786918558,51.42015002405914,55.16160047962253,336752800,65.22386016845704,72.10787231445312,64.3431008978219,68.3294440496535,34.60244743457011,-2.1244298388263694
2020-03-24,59.70841217041016,59.90431166461382,56.66591411638723,57.16412855605778,287531200,64.72564544677735,71.80451629638672,63.901701971401735,67.99136436811455,37.30452417031928,10.032528491252224
2020-03-25,59.37950134277344,62.458276127894656,59.08444162111208,60.64438621130527,303602000,64.15572052001953,71.46258804321289,63.47101619724666,67.65364424947371,38.7964269869852,-0.5508617892869161
2020-03-26,62.50422286987305,62.56226498005051,59.58265066903737,59.621347869401106,252087200,63.97336330413818,71.20380790710449,63.3789406422587,67.45170615615605,43.06567385687896,5.262289942554221
2020-03-27,59.91641616821289,61.882670430565696,59.74953769675213,61.12809336695391,204216800,63.66355094909668,70.89973770141602,63.04917640663529,67.15620458800142,45.57841812896058,-4.140210985500426
2020-03-30,61.62630081176758,61.79801733681127,60.31788074870765,60.64196519805995,167976400,63.131476402282715,70.61104545593261,62.91366444521932,66.9393456163844,42.22401645372242,2.8537832415648
2020-03-31,61.500545501708984,63.483731229594824,60.94670602705082,61.8173747321562,197002000,62.707872772216795,70.30299667358399,62.779081688694525,66.72605933737752,44.34514821232607,-0.2040611044344609
2020-04-01,58.26457595825195,60.15343980395874,57.83407962142321,59.61652797885875,176218400,61.96018695831299,69.9406519317627,62.34912876198571,66.39423645976476,47.88562397797521,-5.261692424121844
2020-04-02,59.236812591552734,59.29002033037774,57.294741195546685,58.12671272222617,165934000,61.379862213134764,69.59229858398437,62.05271769813495,66.11355317081527,38.79088246874509,1.668658215237695
2020-04-03,58.385498046875,59.423041606914005,57.795378517377415,58.721672212892855,129880000,60.804012298583984,69.2195359802246,61.70345868372924,65.81049218556271,49.65262395083749,-1.4371376639517819
2020-04-06,63.4788932800293,63.63367471849766,60.313051558292024,60.68066393279939,201820400,60.75926914215088,68.95308097839356,61.872547692900675,65.71905693436533,53.827159501192156,8.723733467281637
2020-04-07,62.7436637878418,65.71119260823201,62.6396691972311,65.49351989948178,202887200,60.44594955444336,68.71708892822265,61.95551113051412,65.60237485018793,55.21243347580914,-1.1582267021325143
2020-04-08,64.34954833984375,64.66395291391103,63.17898581969377,63.544177235259646,168895200,60.33276100158692,68.47103897094726,62.1835146742598,65.55324439880188,58.372005784679224,2.5594370093401153
2020-04-09,64.81390380859375,65.31696001402688,64.0182161815665,64.98562401276064,161834800,60.57171001434326,68.2021859741211,62.43402792514875,65.52425065016627,67.06598847673597,0.7216141849164748
2020-04-13,66.0860595703125,66.19489592354667,64.29151446730144,64.89131008954301,131022800,60.514633369445804,67.96104431152344,62.78184046278339,65.54628237252494,71.45372096198082,1.9627821917279409
2020-04-14,69.42359924316406,69.71382453524082,67.24693169479575,67.71854594923653,194994800,61.05686511993408,67.8559490966797,63.41438891805774,65.69833401451079,69.09044216328628,5.050293049021293
2020-04-15,68.78997039794922,69.2494877739681,67.87093564591146,68.29901107744294,131154400,61.438628578186034,67.74228225708008,63.92634905899978,65.81957465699857,68.27284207108082,-0.9126995029391738
2020-04-16,69.33655548095703,69.7017543891835,68.28691861079514,69.50343396347523,157125200,61.922574806213376,67.59037475585937,64.4416068134719,65.95749547362439,64.7428120914675,0.7945708943408736
2020-04-17,68.39573669433594,69.39942831156146,66.95913534892303,68.85284047730217,215250000,62.382335090637206,67.40710433959961,64.81819061164943,66.0531127763974,69.69667271294982,-1.3568871140122951
2020-04-20,66.97605895996094,68.12485572619737,66.95671405142177,67.2227526734342,130015200,62.95903015136719,67.17729598999023,65.0237018829172,66.08930674438028,62.59682684425732,-2.0756816184605342
2020-04-21,64.90583801269531,67.05348554767438,64.19479234555389,66.81888874755303,180991600,63.49110565185547,66.92741500854493,65.01247675241987,66.04289620588283,57.34563765513503,-3.090986509826188
2020-04-22,66.77533721923828,67.21066785744529,65.832115915965,66.17312073347611,116862400,63.844451904296875,66.7075715637207,65.1803682254502,66.07161938287716,69.50887080456248,2.880325196906486
2020-04-23,66.51654815673828,68.14179371829223,66.47785095518503,66.71970292934046,124814400,64.20130424499511,66.49193618774414,65.30762345700144,66.08906757008741,67.25129863473177,-0.3875518616257012
2020-04-24,68.4368667602539,68.44654290771221,66.99300989791057,67.04138325446418,126161200,64.49793643951416,66.27799362182617,65.60564662873978,66.18113812656453,72.67079591012856,2.8869787394719015
2020-04-27,68.48521423339844,68.8165501964249,67.70645072393546,68.1538708896368,117087600,64.92637634277344,66.07628845214843,65.8798911625168,66.27149405232272,64.61865950201673,0.07064536328629245
2020-04-28,67.3751449584961,69.12857242814091,67.28324737370122,68.94718337955696,112004800,65.21381855010986,65.85199508666992,66.0222962859434,66.3147744800158,63.23439867781913,-1.6208889573145147
2020-04-29,69.58807373046875,70.05726716798014,68.65936300137292,68.86251778141856,137280800,65.61819496154786,65.70074096679687,66.36189413780295,66.44313915650416,64.46712037251638,3.284488327759205
2020-04-30,71.05610656738281,71.2326611643709,69.73801774571496,70.12739587868194,183064000,66.2577714920044,65.55650039672851,66.80896198823913,66.62403983928371,66.33348026274813,2.1096040718127984
2020-05-01,69.91216278076172,72.31375148512824,69.13339900800005,69.23013833651491,240616800,66.79153900146484,65.405439453125,67.10450492086034,66.75298583698873,60.079089990791054,-1.6099162223816577
2020-05-04,70.90132904052734,71.02951029776773,69.24706234339718,69.9363419790523,133568000,67.41733055114746,65.30923065185547,67.46610721797148,66.9156659626177,54.44242252154021,1.4148700604035946
2020-05-05,71.96548461914062,72.79745613687825,71.21574190038736,71.36085458478117,147751200,67.84166011810302,65.30623168945313,67.89461935141617,67.11369806679507,59.305507053003836,1.5008965177577993
2020-05-06,72.70796203613281,73.33919216211522,72.28230018886588,72.6668439519477,142333600,68.33987503051758,65.36693679809571,68.3530329404368,67.33308096755341,59.767410710141334,1.0317132176925758
2020-05-07,73.4601058959961,73.80595977956555,73.03203061924786,73.33434554425705,115215200,68.7954029083252,65.42057891845702,68.83942084096626,67.57335645494332,64.83432102616958,1.0344724825178009
2020-05-08,75.20860290527344,75.26195467448645,73.79236468701193,74.11975020715006,133838400,69.31513786315918,65.6017236328125,69.44600960899551,67.87277788436803,73.65865252220158,2.380199412934214
2020-05-11,76.39204406738281,76.88675244657776,74.50776212066847,74.71632174778293,145946400,69.8304370880127,65.8073112487793,70.10753670027049,68.20686675429019,84.78178904703553,1.573544935544069
2020-05-12,75.5190200805664,77.52697546648025,75.39776671813026,77.07590910984447,162301200,70.13520812988281,65.8723358154297,70.62291606982248,68.49361786512455,78.17755083776467,-1.1428205613222553
2020-05-13,74.607177734375,76.61998759486177,73.53044749592581,75.6984577813938,200622400,70.4260684967041,65.96502700805664,71.00236956168463,68.7333653109775,75.0199011618881,-1.2074340281674978
2020-05-14,75.06551361083984,75.12614027584165,73.12303289595279,73.84570540703209,158929200,70.71251640319824,66.00197143554688,71.38933566160418,68.98168485214858,72.53659736106802,0.6143321465619023
2020-05-15,74.62173461914062,74.6678114842192,72.80293436830361,72.83688885866347,166348400,71.02381629943848,66.07753997802735,71.69718318136955,69.20286327438356,70.31713201995728,-0.5911889099965317
2020-05-18,76.37991333007812,76.7533757455592,75.2546860142826,75.9458316362108,135178400,71.49400901794434,66.2070883178711,72.14315748124656,69.48431621774414,78.58666319184917,2.356121470387973
2020-05-19,75.93856048583984,77.24324046806854,75.90703342703199,76.39689435415646,101729600,72.04564514160157,66.43838439941406,72.50462443406497,69.73742383610083,72.71540405845954,-0.577838891137461
2020-05-20,77.4154281616211,77.48574978669299,76.75822957715101,76.79703154307944,111504800,72.5776496887207,66.60649185180664,72.97232002716555,70.03852204494477,72.73263802335748,1.9448191621391553
2020-05-21,76.83824920654297,77.81797834459402,76.60058997680626,77.27718574052247,102688800,73.09373474121094,66.81099044799805,73.34050375853482,70.30517801206626,75.80424366872006,-0.7455606314973107
2020-05-22,77.33296203613281,77.41541342276373,76.47448628011443,76.57633494565745,81803200,73.53853950500488,67.15695121765137,73.72073788021082,70.58077738555907,74.87869156285875,0.643836676002385
2020-05-26,76.80915069580078,78.6303710026143,76.75337148985957,78.45091841064635,125522000,73.954736328125,67.34858238220215,74.01487243407654,70.82502731929405,69.55355113400118,-0.6773455025391173
2020-05-27,77.14380645751953,77.28931196459057,75.92642542981746,76.66607534046294,112945200,74.44316940307617,67.71987922668457,74.31286615059491,71.07282257961663,68.51690842488043,0.4356977764851777
2020-05-28,77.177734375,78.43634436660551,76.54236819363913,76.8188219012375,133560800,74.82265243530273,68.04033988952636,74.5857107433954,71.31223088531794,66.50869788232839,0.04398009255499602
2020-05-29,77.10257720947266,77.88102160812149,76.74609208099886,77.42026037966232,153532400,75.12497596740722,68.38923881530762,74.82541231159323,71.53930329018677,59.878582496810566,-0.09738192774895182
2020-06-01,78.05078887939453,78.17204223872224,76.92555415248881,77.05650985276371,80791200,75.53190727233887,68.76624397277833,75.13259103233621,71.79465566623414,58.86931030572125,1.2298054153828897
2020-06-02,78.41211700439453,78.43636915500637,77.34266154865261,77.7840255273494,87642800,75.90744667053222,69.22564315795898,75.4449268391989,72.05416395400513,66.3648918081461,0.46293974755120537
2020-06-03,78.84378814697266,79.10569956400518,78.15991738115441,78.73223712157194,104491200,76.25136184692383,69.71723236083984,75.76862791612973,72.32042372627838,75.34109795710867,0.550515862942369
2020-06-04,78.16475677490234,78.96502587807994,77.79129440641832,78.66674739088378,87560400,76.52420158386231,70.08635925292968,75.99683066458427,72.54961325759696,68.06114282665528,-0.8612363612013785
2020-06-05,80.39096069335938,80.45158736054894,78.3854332069865,78.4145328231229,137250400,76.87074432373046,70.50658843994141,76.41531923875333,72.85711707860725,77.83760342687339,2.848091659605645
2020-06-08,80.86627960205078,80.90023409134206,79.37729235859877,80.08783519139197,95654400,77.15362815856933,70.87382957458496,76.83922022573404,73.17120188344818,74.70621204494904,0.5912591472870377
2020-06-09,83.41986846923828,83.81272809723069,80.51464324949785,80.5461703012507,147712400,77.50501937866211,71.34389862060547,77.4659486298773,73.57311037700858,83.42356811646764,3.157791949566513
2020-06-10,85.56607055664062,86.03410675203712,83.92915018975505,84.36808676274399,166651600,78.00737190246582,71.82269401550293,78.23738881337857,74.04342254091571,84.3590015727063,2.572770883945674
2020-06-11,81.45799255371094,85.13439472060976,81.35614389223483,84.71000802945393,201662400,78.34991264343262,72.22184295654297,78.5441129791245,74.33418999239788,65.00706090420219,-4.801059551063924
2020-06-12,82.16124725341797,84.34380702887056,81.05057009066908,83.59688982869712,200146000,78.70469932556152,72.69977638244629,78.88860195762865,74.64113341439867,65.47483569145058,0.8633341893901081
2020-06-15,83.1773452758789,83.82968869181623,80.65285041136477,80.81533310708441,138808800,79.13247985839844,73.17858703613281,79.29705370222392,74.97588682073123,69.78593907190327,1.2367120223076622
2020-06-16,85.38175964355469,85.65337337676685,83.596913801037,85.23140666668927,165428800,79.58257217407227,73.7185122680664,79.87654950616019,75.38396026476353,72.93099369302902,2.6502581446477658
2020-06-17,85.262939453125,86.18688949305373,85.14168608934729,86.12626281116486,114406400,80.04879112243653,74.15419319152832,80.38953902491875,75.77137121332673,72.39994318340347,-0.1391634359911631
2020-06-18,85.29688262939453,85.71399444147255,84.6881884557675,85.21927871070163,96820400,80.4428638458252,74.60525756835938,80.85690508248787,76.14492068062351,72.75416676553237,0.03981000008590474
2020-06-19,84.8094482421875,86.4681932764156,83.70119078400126,86.00258453034328,264476000,80.84142379760742,75.01445556640626,81.23333776436402,76.48470607519465,69.2605020896122,-0.5714562738768247
2020-06-22,87.02838897705078,87.17146705960882,85.15623672615204,85.20231359689153,135445200,81.32619514465333,75.45874526977539,81.78524740366753,76.89818383605176,72.20345314349302,2.616383882756468
2020-06-23,88.88599395751953,90.30465984817052,87.85291289035612,88.27245220934594,212155600,81.93003730773925,75.91474395751953,82.46150898022486,77.36829403689363,74.10638477119802,2.134481635594332
2020-06-24,87.31697082519531,89.43405719903721,86.94350839643548,88.51495463894143,192623200,82.43869552612304,76.27261138916016,82.9239339178411,77.75843822467017,71.06967506374829,-1.7652085131365958
2020-06-25,88.47614288330078,88.51494484309887,86.71312185164297,87.47216900112456,137522400,83.00361595153808,76.66633483886719,83.45271572407535,78.17874036814588,69.57491729423305,1.3275449745343115
2020-06-26,85.75764465332031,88.59254854021978,85.60971171941675,88.37186655732566,205256800,83.43636932373047,76.99475662231445,83.67223276495582,78.47595230089782,60.68213467746208,-3.0725776931371684
2020-06-29,87.73408508300781,87.82866626069892,85.18776440060446,85.66550295799838,130646000,83.92053413391113,77.3815235900879,84.05907584286554,78.8390163315688,59.665362506858386,2.3046813350312556
2020-06-30,88.4664306640625,88.75259416052774,87.30240160297599,87.32179888035039,140223200,84.42324981689453,77.81133102416992,84.47882392107478,79.2165619916666,56.93731026030516,0.8347332514629713
2020-07-01,88.29911041259766,89.08725718249154,88.25061351334215,88.54404454624031,110737200,84.89601593017578,78.27919647216797,84.84266072979125,79.57274036111487,70.16445422919247,-0.18913417237349517
2020-07-02,88.29911041259766,89.84145686297828,88.18513936902451,89.20609049720933,114041600,85.40273361206054,78.70967193603515,85.17184641386805,79.9149509513691,68.87405348440672,0.0
2020-07-06,90.66112518310548,91.12916130648333,89.69594591770318,89.72747297069945,118655600,85.91624183654785,79.1925634765625,85.69463486808114,80.33636954869209,71.25352631464912,2.6750153647876918
2020-07-07,90.3798370361328,91.81790022041916,90.26828600853445,91.03945566141076,112424400,86.39191970825195,79.63142288208007,86.14084459837177,80.7302310187878,65.93485445971011,-0.3102632428227392
2020-07-08,92.48480224609376,92.51632930913458,91.26984100541604,91.35714728773829,117092000,86.84516639709473,80.11141464233398,86.74503104101196,81.19119459632921,70.43654546161116,2.329020807062787
2020-07-09,92.88249206542967,93.43055216626936,91.83486136183558,93.37720039708492,125642800,87.21098747253419,80.62156158447266,87.32955113857555,81.64967685001943,71.03288349445135,0.4300055897591637
2020-07-10,93.0449676513672,93.10317429108636,91.86638865727204,92.4775028689454,90257200,87.79033622741699,81.09069946289063,87.8738765207462,82.09655099909189,73.25395929502614,0.17492595463854954
2020-07-13,92.61572265625,96.95901797723327,92.40231560385234,94.34964385590663,191649200,88.3130599975586,81.52189178466797,88.3254809146037,82.50906753466671,67.5502716381927,-0.46133069412797045
2020-07-14,94.1483917236328,94.33996671440302,91.0637057803454,91.99735078287982,170989200,88.86161231994629,82.0066163635254,88.88004384879694,82.96551162050852,66.87407189950204,1.6548691986904007
2020-07-15,94.79586791992188,96.27273284060122,93.5978842251878,96.0229512346548,153198000,89.33231773376465,82.48450714111328,89.44345566509456,83.42944716166198,75.48766637754036,0.6877188069124962
2020-07-16,93.6294174194336,94.48546583387537,93.0304255327924,93.66821938221526,110577600,89.75064163208008,82.91778579711914,89.84211868931733,83.82944599530009,67.55336566198359,-1.2304866510359225
2020-07-17,93.44024658203124,94.23566818195911,92.9673556043315,94.0804677579499,92186800,90.15780982971191,83.33243148803712,90.18479753624247,84.20634013595621,81.61681316900926,-0.20204209597388667
2020-07-20,95.4094009399414,95.54763152313924,93.18319140296002,93.527554143445,90318000,90.68780746459962,83.77141738891602,90.68237881278523,84.64567585375956,81.60578217806822,2.107394222447234
2020-07-21,94.09259796142578,96.27515822341762,93.84281636080428,96.19998173978416,103433200,91.04101791381837,84.14909729003907,91.00716158884623,85.01614338739353,72.10375531212719,-1.3801606189148274
2020-07-22,94.35694122314452,95.03838453181072,93.70702497300393,93.7943238421043,89001600,91.3145652770996,84.5083952331543,91.32618822068416,85.38244918487396,73.61958408742302,0.2809394866821524
2020-07-23,90.0621337890625,94.16777018673336,89.25216234988122,94.09016627142198,197004400,91.45182342529297,84.79925750732421,91.20580208433924,85.56596622817548,55.14945205888498,-4.551660300141814
2020-07-24,89.83901977539062,90.18338250647658,86.47302597872792,88.2603063707244,185438800,91.51996726989746,85.10389434814454,91.07563234062985,85.73353695551725,47.255926287541094,-0.24773343056077035
2020-07-27,91.9682388305664,92.06039256097252,90.67810880703216,90.901210827336,121214000,91.83049697875977,85.44194885253906,91.16064248252857,85.97803506826428,54.719637291017314,2.370038164373467
2020-07-28,90.45741271972656,91.7160228925572,90.45255785000906,91.5389903643371,103625600,91.9666633605957,85.75866241455078,91.09366821940458,86.15369693694907,43.75551639055337,-1.6427694278491556
2020-07-29,92.1913604736328,92.37566795887918,90.90365031390353,90.94002484369736,90329200,92.15290985107421,86.07489135742188,91.19821033885488,86.39046805603472,48.03317214498614,1.9168664035071448
2020-07-30,93.30687713623048,93.41115323756708,90.95698669984957,91.364396166037,158130000,92.40329818725586,86.42225769042969,91.39903574812874,86.66169978466985,50.70699431957897,1.2100013025805545
2020-07-31,103.07504272460938,103.2253956841153,97.80294239807122,99.80120250061276,374336800,93.14209480285645,86.93544998168946,92.51103641255547,87.30536029211846,68.77009236876088,10.468859196859759
2020-08-03,105.67229461669922,108.2913640186851,104.6586183859917,104.95689689079155,308151200,93.89265327453613,87.51213088989257,93.76448957485488,88.02563222641575,69.91945763870592,2.519767951034524
2020-08-04,106.37799072265624,107.469270880992,105.13877762781756,105.8614502635959,173071600,94.6925609588623,88.09303146362305,94.96577539845501,88.74533255960165,69.97987919091392,0.6678156356088927
2020-08-05,106.7635726928711,107.08368330710016,105.63349060376568,106.0991067154368,121776800,95.40649948120117,88.69211990356445,96.08937514078035,89.45193021188673,73.28453848863121,0.36246404692876766
2020-08-06,110.48846435546876,110.98318005233068,106.506508834704,107.095798287908,202428800,96.28679809570312,89.35901306152344,97.46071697075067,90.27689233516446,76.8566219950502,3.4889162741988278
2020-08-07,107.9764404296875,110.4666158915092,107.179584578467,110.00988008396922,198045600,97.03337173461914,89.97498718261718,98.46221444303036,90.97099226043987,69.46435496873177,-2.2735621681730156
2020-08-10,109.5458526611328,110.56378836086954,106.89533339122228,109.4219488794754,212403600,97.87987823486328,90.62385269165038,99.5177990352306,91.69941815850626,73.74881020804563,1.4534765409934813
2020-08-11,106.28797149658205,109.30776282738468,106.02801970691873,108.80973072656776,187902400,98.48685722351074,91.18859634399413,100.16257736488312,92.27151828941119,66.79086577176889,-2.973988595103294
2020-08-12,109.82038879394533,110.07790879616836,107.18444536818468,107.37879756886052,165598000,99.23808326721192,91.81676177978515,101.08236892955571,92.959709289589,78.41610483751688,3.323440317493387
2020-08-13,111.76392364501952,112.7672832263659,110.71197231378294,111.20029196815734,210082000,100.14480857849121,92.47516448974609,102.09965985483798,93.6971294603902,80.04533762857983,1.7697395469258748
2020-08-14,111.66433715820312,111.75422524008118,109.85440163162504,111.58902512127496,165565200,101.0560131072998,93.14515609741211,103.01058150277751,94.4017258406966,78.58091323608443,-0.08910432236854948
2020-08-17,111.3727798461914,112.81101111968458,110.74598779263944,112.78671524478968,119561600,101.8541820526123,93.76479248046876,103.8069813450074,95.06725737032384,81.4635414980968,-0.26110154721883383
2020-08-18,112.3008270263672,112.7259788863913,110.78971554731912,111.12497934318772,105633600,102.76459350585938,94.39348342895508,104.61591902894644,95.74308363134516,81.00292410730046,0.83328007207637
2020-08-19,112.4417495727539,113.85568519716752,112.3470052838106,112.7089894111577,145538000,103.66883392333985,94.97392105102539,105.36123622359477,96.39793327610629,80.41436016538904,0.12548665056011377
2020-08-20,114.93677520751952,115.05095915162076,112.46603216773778,112.48304002227763,126907200,104.91256599426269,95.56133514404297,106.27319231730189,97.12494668518131,74.52409803323408,2.218949495401823
2020-08-21,120.85974884033205,121.34320488803218,115.88425449002158,115.89639872088485,338054800,106.46360244750977,96.34937026977539,107.66238817663809,98.05572324028526,77.60396502014022,5.153245009805207
2020-08-24,122.30525970458984,125.15013843519527,120.43945211980872,125.06509916365437,345937600,107.98045349121094,97.15225051879882,109.05694736977635,99.00668545457172,78.19048851095464,1.196023389199219
2020-08-25,121.30189514160156,121.64687876692086,119.57942365480122,121.17799878513576,211495600,109.52267761230469,97.91474151611328,110.22313287185494,99.8810074030827,75.18143075184845,-0.8203772801037013
2020-08-26,122.95150756835938,123.40824339844946,121.55214798920018,122.61867553010856,163022400,111.06068496704101,98.66613647460937,111.43535903342679,100.78573289976022,73.2590020001914,1.3599230455815459
2020-08-27,121.48168182373048,123.88682518833696,120.33741060365348,123.55399319873167,155552400,112.46942520141602,99.39051132202148,112.39215168012238,101.59733873991591,76.22410380138328,-1.1954515838788593
2020-08-28,121.28490447998048,122.87375249170243,121.0613927954914,122.45588862300936,187630000,113.37991828918457,100.1102717590332,113.2390805182041,102.36940014148708,74.07809405952229,-0.16198108290559343
2020-08-31,125.3979263305664,127.3026131741866,122.4437348087596,123.97914215160894,225702700,114.36619987487794,100.92204132080079,114.39706583366718,103.27247959988235,87.86822333601037,3.391206736090413
2020-09-01,130.39285278320312,130.99536378403553,126.84587750534726,129.01293310588505,151948100,115.56694297790527,101.78933059692383,115.92047411457537,104.33602364628709,88.53288123269834,3.9832608072556175
2020-09-02,127.69132995605467,134.0856162874723,123.41552250903742,133.70662433115996,200119000,116.61333084106445,102.56543731689453,117.04150800424007,105.25191801137602,79.00884228757266,-2.07183351655027
2020-09-03,117.46824645996094,125.20358030775732,117.0989743551227,123.32806028413174,257599600,116.96231994628906,103.16846282958984,117.08214976192778,105.7309897152421,57.72285867898541,-8.006090546329215
2020-09-04,117.54598236083984,120.20864558009524,107.76020180974344,116.68110262085476,332607200,117.44079704284668,103.74985961914062,117.1263242951575,106.19432276016751,58.26126091908818,0.066176097133952
2020-09-08,109.63575744628906,115.63161300846176,109.49970941253936,110.73386155128658,231366600,117.44529228210449,104.227421875,116.41293697621765,106.32928098315267,46.99504122790082,-6.729472803475467
2020-09-09,114.00871276855467,115.77734405892132,112.0068574107934,113.95040860522089,176940500,117.83132934570312,104.75291442871094,116.1839632421545,106.6304351708155,51.61287992025163,3.9886214353085814
2020-09-10,110.28682708740234,117.09897712734502,109.32477117698188,116.9629291163385,182274400,117.85465126037597,105.18932235717773,115.62233122741621,106.77382308911302,45.3316980793323,-3.26456249769963
2020-09-11,108.83888244628906,111.97772133616776,106.89533097403393,111.33634579157452,180860300,117.70839920043946,105.60011779785157,114.97628848635648,106.85480580900229,36.740246172417606,-1.312889924710392
2020-09-14,112.10407257080078,112.65798455776184,109.61632854712477,111.48213656488176,140150100,117.73038597106934,106.07621704101562,114.70274411344641,107.06065940750419,39.18175563190474,3.000021730398661
2020-09-15,112.27896881103516,115.4761118546192,110.40344135428404,114.99022398928534,184642000,117.77569541931152,106.50857391357422,114.47190837035963,107.26529899195639,40.26014284154226,0.15601238761768776
2020-09-16,108.96521759033205,112.72599259867744,108.8777613272375,111.97772849620064,154679000,117.60891494750976,106.8802815246582,113.94746162940461,107.33196246640249,35.426011535419136,-2.9513552322342207
2020-09-17,107.22575378417967,109.0332576277836,105.64176166922014,106.62325744568642,178011000,117.34811515808106,107.17510055541992,113.30729897747842,107.32779742004081,35.228052322754664,-1.5963477563015527
2020-09-18,103.82452392578124,107.75049908575596,103.09569206867344,107.28405084908114,287104900,116.79250259399414,107.39394119262695,112.40417754398345,107.19041414575612,33.034282866750814,-3.17202699758522
2020-09-21,106.97308349609376,107.07997942887016,100.19008504511056,101.58944459122996,195713800,116.09816932678223,107.67250350952149,111.88693049180348,107.18189137518114,31.755186063058517,3.0325779028500754
2020-09-22,108.65424346923828,109.67461096517128,106.079043681136,109.49969103484165,183055400,115.41561851501464,107.99327392578125,111.57905553727346,107.2396306729873,26.961856749556304,1.5715728837580878
2020-09-23,104.09662628173828,108.94578544391972,103.75649882076176,108.46961737823794,150718700,114.55535507202148,108.19223861694336,110.86644322722249,107.11637559882068,25.941299229976565,-4.1946057898698985
2020-09-24,105.16556549072266,107.13826893890364,102.03644660847966,102.2016466950428,167743300,113.66605796813965,108.39963256835938,110.32350249041298,107.03987324164036,34.57597580420692,1.0268720967875344
2020-09-25,109.11097717285156,109.266464847538,104.63109048927912,105.3696421159189,149981400,113.0475227355957,108.70926376342773,110.20802388874046,107.12109300364865,40.35982427843404,3.751619328740219
2020-09-28,111.71533966064452,112.06517952480382,109.596868222818,111.76393141391246,137672400,112.56904449462891,109.074765625,110.35157777177893,107.30125953921713,52.704734751924484,2.386893193768369
2020-09-29,110.86988830566406,112.05545586998878,110.36456819358912,111.31691166111466,99382200,111.84264259338379,109.38397537231445,110.400940679768,107.44120576535231,45.50515984732412,-0.7567907482971092
2020-09-30,112.54134368896484,113.95042293050288,110.41315990508242,110.57835999800264,142675200,110.95006713867187,109.75295028686523,110.6047885854058,107.64121117412142,53.42992076119764,1.5075828151757786
2020-10-01,113.49368286132812,114.3974345427148,112.56077909571286,114.31969070873184,116120400,110.24018478393555,110.1356851196289,110.87992137358887,107.87071986773738,57.190029739948685,0.8462127260496333
2020-10-02,109.8301010131836,112.1137801442832,109.05268479784137,109.70377282438156,144712000,109.85827751159668,110.53104446411133,110.77993848212171,107.94755834402939,46.530217955965504,-3.228005079913454
2020-10-05,113.2118682861328,113.35763612296132,110.34513295609943,110.6949727988638,106243800,109.64157180786133,110.99850143432617,111.01155084440848,108.1540018711707,51.296590883304575,3.0790896500616727
2020-10-06,109.96615600585938,112.84261156052912,109.08183644563536,112.43446007900816,161498200,109.65809173583985,111.35845977783202,110.91198943121333,108.22506673919771,51.393790892376735,-2.866936417010779
2020-10-07,111.83196258544922,112.28869840481384,110.90877111263153,111.3849466001731,96849000,109.54925422668457,111.78595077514649,110.99960592209294,108.36651363512915,56.39158334513738,1.6967098308778183
2020-10-08,111.72506713867188,113.11470685692662,111.35578758231397,112.9689390012096,83477200,109.62116622924805,112.17662490844727,111.06869746652903,108.49822161566024,62.06592881108997,-0.09558577378597777
2020-10-09,113.66860961914062,113.69776170512304,111.67646638432409,112.02630624423392,100506900,109.86265258789062,112.58385955810547,111.31630814773014,108.70098192952221,60.616346053812634,1.7395760237552071
2020-10-12,120.88890838623048,121.64689230757452,115.91341372886068,116.67139765020474,240226800,110.30189437866211,112.94013687133788,112.22798436092064,109.17893982978529,66.5006947565636,6.3520604248457735
2020-10-13,117.6820297241211,121.85094815202253,116.27295799734162,121.73433240496897,262330500,110.57204742431641,113.18033157348633,112.74741725265402,109.51239433544552,69.01522186522098,-2.652748465445376
2020-10-14,117.76952362060548,119.5575877167491,116.24383575511229,117.58488382722,150712000,111.01226272583008,113.40816223144532,113.22571309722082,109.83620332702043,68.13989105695488,0.07434771195695689
2020-10-15,117.30304718017578,117.7792152107274,114.81530369020432,115.36921555833268,112559200,111.51612739562988,113.61895172119141,113.61403062893082,110.12902073302652,63.10225472052902,-0.39609266140232524
2020-10-16,115.66075134277344,118.1193503209673,115.45667931642107,117.85696670561362,115393800,112.10793876647949,113.7223974609375,113.80895641120155,110.34595134517346,56.51058131714594,-1.4000453329058082
2020-10-19,112.70654296875,117.02122180628176,112.39557505781023,116.5742058976846,120639300,112.39461174011231,113.81699951171875,113.7039646547776,110.43852356570588,52.83357816134166,-2.554201265101863
2020-10-20,114.19336700439452,115.6218784999356,112.36642390465587,112.9203357688391,124423700,112.67156791687012,113.90994979858398,113.75057440236016,110.5857723280074,52.56333339646941,1.319199397373727
2020-10-21,113.57146453857422,115.3595288316245,113.16331298119312,113.37710488885403,89946000,113.14530982971192,114.05561965942383,113.73351632009484,110.70285829704923,50.12193899629435,-0.5446047192884329
2020-10-22,112.48303985595705,114.70840714970598,111.35577645934274,114.13505561823894,101988000,113.51118354797363,114.10887268066406,113.61442332351028,110.77266933857503,54.52433852272724,-0.9583610522584163
2020-10-23,111.79309844970705,113.26048210870782,111.05454670282388,113.10499440870647,82572600,113.64528961181641,114.10945617675782,113.4409638117195,110.81268616646256,47.335813742920934,-0.6133737202813183
2020-10-26,111.80281066894533,113.26047439389082,109.69405151217104,110.79216292996242,111850700,113.64966316223145,114.11222564697266,113.28494922669339,110.85151457832463,53.926035906331215,0.008687673365326276
2020-10-27,113.3090362548828,113.96984397564444,111.3071808423077,112.23036471931516,92276800,113.77162055969238,114.15095077514648,113.28724322937809,110.94788797740534,53.20669088210787,1.3472162076474836
2020-10-28,108.06147003173828,112.17208508150478,107.9642939309198,111.80281293277008,143937800,113.54762687683106,114.0661636352539,112.78955054388858,110.83469511679095,43.49775614733842,-4.631198355037092
2020-10-29,112.06517791748048,113.62973745029149,109.0332349429399,109.19844245324492,146129200,113.47620162963867,114.05863220214843,112.72056267470685,110.88294934426898,47.34811787219537,3.705028151631007
2020-10-30,105.78750610351562,108.8291614562022,104.67968236923052,107.92540973464747,190272600,113.27407188415528,113.87564682006835,112.06027157268865,110.68312804071003,24.22030048884983,-5.601804173806279
2020-11-02,105.70004272460938,107.55613792475565,104.2909708839372,106.03045032760409,122866900,112.8984806060791,113.5724526977539,111.45453549191919,110.48771293027471,27.107324680049757,-0.08267836356844471
2020-11-03,107.32291412353516,108.34327419283328,105.6611785129121,106.56493023946784,107624400,112.7663185119629,113.2728057861328,111.06104774254928,110.36360317314767,31.146905811221444,1.535355480559275
2020-11-04,111.7056121826172,112.32754802876924,109.178996880867,110.91847624915664,138235500,112.76000099182129,113.08088012695312,111.12243483207955,110.41623097744059,41.1493246185787,4.08365547550944
2020-11-05,115.67046356201172,116.24381509607196,113.57143184766636,114.62094399780884,126387100,112.95727081298828,112.93525924682618,111.55558042540642,110.62227931409045,50.01430620952428,3.549375274818556
2020-11-06,115.5390625,116.03551785418252,113.0470194186013,115.17888245464516,114457900,113.05079345703125,112.81640686035156,111.9349596706058,110.81509434098886,54.550778769765884,-0.11359949460327812
2020-11-09,113.23197174072266,118.75144452373826,112.96914288637264,117.30100266982896,154515300,112.66794662475586,112.65534820556641,112.05848462966455,110.90987384686078,48.495070032293214,-1.9968058502096153
2020-11-10,112.89127349853516,114.46826159817878,111.1001172605192,112.48242528209808,138023400,112.42840881347657,112.40521514892578,112.13779785527127,110.98757579398527,48.925798993778464,-0.30088519783760814
2020-11-11,116.3178253173828,116.45410805937628,113.34879995040824,114.0788892511671,112295000,112.35582389831544,112.12371459960937,112.53589570880571,111.19660518705969,55.639647281511635,3.0352672200939512
2020-11-12,116.04525756835938,117.33021441554035,115.42224863802024,116.44437660987316,103162300,112.29293441772461,111.89079315185546,112.87012064781082,111.3867484176989,56.33118325203978,-0.23433016244904792
2020-11-13,116.09392547607422,116.49303706432585,114.74082734876326,116.26914719031564,81581900,112.31459312438965,111.86330673217773,113.177149679074,111.57134359645872,56.38178251254638,0.04193873040108098
2020-11-16,117.10631561279295,117.77799265499443,115.01339166540755,115.76294667468656,91183000,112.53458175659179,111.85451339721679,113.55135595847581,111.78840132258948,55.7315351721371,0.8720440217411474
2020-11-17,116.22047424316406,117.46649204968942,115.80188944001708,116.3762301824057,74271000,112.63593711853028,111.9862077331543,113.8055576998747,111.96220810378848,64.18243300054084,-0.7564420116826898
2020-11-18,114.89659118652344,116.6390719587161,114.8673888013958,115.4611953885004,76322100,112.70219345092774,112.00396530151367,113.9094656509841,112.07728195017025,55.42735568959863,-1.139113452480589
2020-11-19,115.49038696289062,115.89923517011198,113.70896736833063,114.46825901798518,74113000,112.85256080627441,112.10803649902344,114.06002958545139,112.21112920557104,73.7806706881529,0.5168088715558294
2020-11-20,114.2248992919922,115.61693649962824,114.17623112885316,115.490390363244,73604300,112.97415084838867,112.2157568359375,114.0757314622648,112.29010058150912,69.75285464167433,-1.0957515202586032
2020-11-23,110.82752990722656,114.49744880802926,110.73018617398225,114.06912746953326,127959300,112.92538681030274,112.19022598266602,113.76637893321353,112.23274486879217,57.5034719465737,-2.974280919330008
2020-11-24,112.11249542236328,112.77444325872074,109.60098679969664,110.88595091749468,113874200,112.86555976867676,112.18689651489258,113.60886621789446,112.22802920422633,51.00437411509196,1.1594280917497368
2020-11-25,112.94966888427734,113.6505557267342,112.11249931432629,112.48241594054052,76499200,113.1099697113037,112.26658554077149,113.54608551945473,112.25632879952245,42.05741149388011,0.746726275925047
2020-11-27,113.49478149414062,114.3708899059463,113.13460895534584,113.47531571914512,46691300,113.18144989013672,112.3919660949707,113.54119942180577,112.30489557186043,44.17304711353279,0.4826155005569488
2020-11-30,115.8895034790039,117.75853018018704,113.70896490077166,113.8647208392962,169410200,113.68654975891113,112.63326568603516,113.76484742725322,112.4454684309641,57.537289598208005,2.1099842242411126
2020-12-01,119.46208953857422,120.1921788986028,116.82403420889328,117.7974866889314,127728200,114.37465209960938,112.88304580688477,114.3074419140457,112.72063004302724,65.74895732302292,3.082752063233718
2020-12-02,119.81250762939452,120.0948096799896,117.68064477339988,118.78064316901394,89004200,114.99913177490234,113.1062110900879,114.83173388693606,112.99874288955145,59.82481329733911,0.29332995276893925
2020-12-03,119.67623138427734,120.49392777356492,118.96560791819012,120.24082808918226,78967600,115.39766273498535,113.41780319213868,115.29311460096856,113.26060518346227,60.28680872660059,-0.11374125107096456
2020-12-04,119.00456237792967,119.59836896840132,118.29393881943231,119.34526925110536,78260400,115.56436767578126,113.69458312988282,115.646585817822,113.48585840677472,57.96488130854348,-0.5612384335457188
2020-12-07,120.46472930908205,121.26295994561156,119.00455077200225,119.06295553689276,86712000,115.81065101623535,113.92165817260742,116.10545662651343,113.75953961862992,58.97037738048376,1.226983992861741
2020-12-08,121.07798767089844,121.66206495991712,119.82223338247024,121.06825849577235,82225500,116.20295181274415,114.1089111328125,116.57903101169296,114.04653758146398,63.16621654596815,0.5090771094026447
2020-12-09,118.5470199584961,122.6063142688594,117.78772835245422,121.22401378468822,115089200,116.4857391357422,114.26245376586914,116.76645853043611,114.22302708644564,59.286747137613865,-2.090361560419851
2020-12-10,119.96825408935548,120.58153376453308,116.96029017970808,117.3009969843338,81312200,116.66826057434082,114.41099197387695,117.07139144080938,114.4483301061676,60.93154169114327,1.1988779906546565
2020-12-11,119.1603012084961,119.50100803270227,117.349679312027,119.17976698694284,86939800,116.82401275634766,114.52432434082031,117.27033522820811,114.63311328665108,62.32379487832091,-0.6734722339608368
2020-12-14,118.5470199584961,120.07533977310264,118.31339348591052,119.3452505477775,79184500,116.94666748046875,114.69866271972656,117.3919242501403,114.78659982280188,72.38859240777231,-0.5146691001786996
2020-12-15,124.4850616455078,124.5045348480724,120.83461598397432,121.03904004979812,157243700,117.31560478210449,114.92412658691406,118.06746114493721,115.16693165898643,78.25708013929749,5.009018100236218
2020-12-16,124.4169464111328,124.96207736777792,123.20013093515551,124.0275714003019,98208600,117.72542839050293,115.21314239501953,118.67217402743204,115.5296773355412,77.14302431540129,-0.05471759701495271
2020-12-17,125.2833023071289,126.1399450451197,124.64082025363582,125.47798978748064,94359800,118.2447639465332,115.48216918945313,119.30180529216507,115.9121724324662,77.48541808602036,0.6963327110868445
2020-12-18,123.29745483398438,125.67268049414356,122.77178977344828,125.53639778513612,192541500,118.63511734008789,115.71361694335937,119.68234334376692,116.20179135017281,67.60765152853219,-1.5850855114564855
2020-12-21,124.82577514648438,124.90365310723668,120.17267468087437,121.70099438309586,121251600,119.1651611328125,115.93676025390624,120.17219399164478,116.53998679316543,64.12097824816303,1.239539222085173
2020-12-22,128.37890625,130.8417396142282,126.20809672049867,128.1160699450411,168904800,120.04272994995117,116.08656021118163,120.95378563529765,117.00425814441384,69.29836894179732,2.8464722925581665
2020-12-23,127.48332214355467,128.91428338608608,127.3080930023302,128.65146195480474,88223700,120.81127128601074,116.2825860595703,121.57564625513164,117.41520183065467,67.00600309045643,-0.6976100144530761
2020-12-24,128.4665069580078,129.91695629713385,127.61960817236115,127.83376887622416,54930100,121.58711318969726,116.49652572631835,122.23191870302462,117.84858634545283,70.33476222581919,0.7712262262400182
2020-12-28,133.06121826171875,133.69395641508856,129.96563173528466,130.43289960768968,124486200,122.56543502807617,116.81168914794922,123.2632805657574,118.44516014609071,73.85699906279768,3.5765830429349332
2020-12-29,131.2895050048828,135.10543618196706,130.77357648181422,134.38509099699746,121047300,123.33543510437012,117.12426422119141,124.02768289329315,118.94885994447472,68.52702276212989,-1.3315023565703021
2020-12-30,130.17002868652344,132.37976932791838,129.85851685438772,131.98065036313264,96452100,123.87083206176757,117.47353393554687,124.61266820693413,119.38890577749623,72.22631861675629,-0.8526776899019817
2020-12-31,129.1674041748047,131.1629846094566,128.22315413773092,130.5205024464302,99116600,124.33857688903808,117.77301467895508,125.04645258482657,119.77237630288089,67.87746514582923,-0.770242214613992
2021-01-04,125.97447204589844,130.06296894085764,123.39482183574113,129.97536179433877,143301900,124.65348892211914,118.02107482910156,125.13483539064293,120.01559574378354,62.11911468223157,-2.4719333405393784
2021-01-05,127.53199768066406,128.24262865019975,125.02048862539876,125.46828327943898,97664900,125.07986068725586,118.3220539855957,125.36313656112114,120.31035660405337,65.46065215524834,1.236381950621035
2021-01-06,123.23906707763672,127.57093452826126,123.02490637051052,124.32933639261915,155088000,125.2185775756836,118.5509733581543,125.16084422936072,120.42520799517429,47.72732016793745,-3.3661596157042117
2021-01-07,127.4443817138672,128.13553942794485,124.4656198565864,124.95234603859188,109578200,125.53689727783203,118.86380477905273,125.3783239897899,120.70046970963284,54.79789015291849,3.4123226797726947
2021-01-08,128.54437255859375,129.1089766459298,126.77268233415624,128.9142743130051,105158200,126.03676490783691,119.16851150512696,125.67985242491409,121.00807374292543,55.13016518163306,0.8631144268063551
2021-01-11,125.55590057373048,126.71431143715864,125.08864752799444,125.76033213644988,100384500,126.31614723205567,119.5184001159668,125.66804748670613,121.18641989315309,53.44423203791206,-2.3248563320039883
2021-01-12,125.38065338134766,126.2470252939188,123.4921536305582,125.08861473418492,91951100,126.62716484069824,119.78470962524415,125.64067661952913,121.35089963778817,50.882640993309415,-0.1395770263141971
2021-01-13,127.41517639160156,127.96030732627808,125.0788967133582,125.3417181509104,88636800,127.07057266235351,120.21726303100586,125.80967659782175,121.58871441244753,48.38917824856322,1.62267698834353
2021-01-14,125.48775482177734,127.52226681135944,125.34172804679318,127.32757929841898,90221800,127.12070732116699,120.61301727294922,125.77901738105561,121.74161795791144,46.77573361820028,-1.5127095722886397
2021-01-15,123.76470947265624,126.76294396711675,123.62842676171266,125.36117045243896,111598500,127.08809547424316,120.94185317993164,125.58717853263663,121.8209548800583,42.58062217051298,-1.373078474125422
2021-01-19,124.4364013671875,125.29304408982054,123.57002946950722,124.38772578454656,90757300,127.04575042724609,121.19646896362305,125.47758070735576,121.92352140896533,34.467015119787646,0.5427168191912246
2021-01-20,128.52490234375,128.97269692470792,125.13729259464834,125.24437293876636,104319500,127.30712280273437,121.45355773925782,125.76780181558378,122.18239909268237,45.40453699913205,3.2856149258914558
2021-01-21,133.23641967773438,135.96208925479198,130.0434971272025,130.2479286583061,120150900,127.72765502929687,121.8075048828125,126.47909875483622,122.61589009601775,54.55336018173653,3.6658400419422588
2021-01-22,135.37803649902344,136.1373282057296,131.43555118884584,132.66209590266996,114459400,128.07761154174804,122.25042617797851,127.326616635235,123.11636642554738,58.92057180028018,1.6073809446914833
2021-01-25,139.12579345703125,141.23818305206848,132.91516336360118,139.27182020640586,157611700,128.65973510742188,122.77511657714844,128.45034776112036,123.74418709344872,68.59340463050492,2.7683640972550494
2021-01-26,139.3594512939453,140.46918645287846,137.6169631530498,139.78777273313094,98390600,129.20438232421876,123.23594909667969,129.48931000234177,124.35655039542898,67.37201450857837,0.16794717292032413
2021-01-27,138.2886199951172,140.46915831522645,136.68242977361535,139.62224478331817,140843800,129.46575241088868,123.68081634521485,130.32733952546323,124.90290606600499,74.415564965213,-0.7683951744108519
2021-01-28,133.45057678222656,138.22050212672593,133.07093096645875,135.81607367562873,142621100,129.57380599975585,124.0279493713379,130.624790692774,125.23810883919015,59.548096575927595,-3.4985114560123987
2021-01-29,128.45672607421875,133.1098252147685,126.7531851588464,132.2239803738874,177523800,129.48814086914064,124.25495758056641,130.4183083481497,125.36432912291676,49.8760170208945,-3.742097507871478
2021-02-01,130.57887268066406,131.78595871131816,127.4540846986948,130.19922693086417,106239800,129.5587142944336,124.54212554931641,130.43360018934155,125.56882102714215,57.28392379157764,1.6520323001375514
2021-02-02,131.4063262939453,132.69127555683025,131.0364096809211,132.12667146199954,83305400,129.83030700683594,124.87232025146484,130.5262407707324,125.7977428023109,58.575747329596815,0.6336810820114946
2021-02-03,130.38421630859375,132.165635975879,130.0629752354402,132.15589194554707,89880900,129.97291793823243,125.1701968383789,130.5127146314811,125.97760450843965,54.35092450353635,-0.7778240319002538
2021-02-04,133.74264526367188,133.75237444183827,131.01697515265897,132.6815855489559,84183100,130.49809684753419,125.5605517578125,130.82032707264213,126.28211591060563,61.61004100053758,2.5757941031216536
2021-02-05,133.32827758789062,133.97171978594034,132.45086722756864,133.90348403057772,75693800,130.79229164123535,126.01056671142578,131.05917950266578,126.55843597638152,63.96468578242686,-0.30982464490988404
2021-02-08,133.47451782226562,133.52326614630692,131.53444758226135,132.61659492201852,71297200,131.03879890441894,126.43780715942383,131.28921172358005,126.82965487229855,63.40309714768791,0.10968433480182949
2021-02-09,132.59707641601562,134.42016235628924,132.44110262440083,133.19177019449774,76774200,131.3908576965332,126.83075531005859,131.41377026571678,127.05582826616981,56.67449977641123,-0.6573849604899151
2021-02-10,131.9925994873047,133.552455944581,131.0274366308269,133.05524407492868,73046600,131.72145500183106,127.20071166992187,131.46889685824897,127.24942713758686,47.644139147664774,-0.4558750049770577
2021-02-11,131.7391815185547,132.9675589258699,130.4133074654321,132.4898491628531,64280000,131.93765525817872,127.51770523071289,131.49463825446855,127.4254959368405,42.57686288132618,-0.1919940737089343
2021-02-12,131.97314453125,132.1291332081116,130.33530805190028,130.9787501870301,60145100,132.26192474365234,127.76792633056641,131.5402102808287,127.6038350974056,32.96698744642164,0.17759561733907692
2021-02-16,129.84786987304688,132.59709996571863,129.45789813500429,132.09015902011436,80576300,132.5660827636719,127.96863357543945,131.3790350038971,127.69183646115623,29.221508662385304,-1.6103841927475493
2021-02-17,127.55680847167967,128.9021846827299,126.22119084968794,127.95652384973054,97918500,132.72210311889648,128.1262451171875,131.0150134294002,127.68654124588264,27.742474493025128,-1.7644197040792342
2021-02-18,126.45518493652344,126.7379014019475,124.21289601346298,125.95797287967874,96856700,132.61861724853514,128.27525756835936,130.58074404912622,127.63825276316267,32.83074549281321,-0.8636336612332429
2021-02-19,126.6111831665039,127.430116454622,125.56804028149357,126.97190891723642,87668800,132.28735542297363,128.39818664550782,130.20269063173362,127.59797552407801,44.05966780169473,0.12336246240813864
2021-02-22,122.8382797241211,126.46493488700048,122.44831544375612,124.7978374024914,103916400,131.6603675842285,128.43339248657227,129.50131816434194,127.4113207868248,27.478322406669037,-2.9799132651822213
2021-02-23,122.70178985595705,123.53045927947294,115.41923371769596,120.6544867396384,158273000,130.83916740417482,128.5164878845215,128.85374403973387,127.2266332993398,23.612697311361686,-0.1111134643619116
2021-02-24,122.20458984375,122.40931941932187,119.16288479188184,121.804881845143,111039900,129.98142433166504,128.56121459960937,128.22049125916396,127.02969041872844,24.38886537217509,-0.4052100729669217
2021-02-25,117.9539794921875,123.28672123283567,117.51527437819723,121.55138820352438,148199500,128.96469230651854,128.5370881652832,127.24272823373764,126.67378018631507,3.1801156010776452,-3.478273898711415
2021-02-26,118.2172393798828,121.71715236827716,118.15873989491269,119.513860195829,164560400,128.20302543640136,128.53049255371093,126.38315786670384,126.34215113508243,4.7843401174682185,0.2231886442735309
2021-03-01,124.58335876464844,124.71984514122286,119.70882406427694,120.64473383419433,116307900,128.00935707092285,128.53245849609374,126.21174842841285,126.27317888526149,30.61225236735808,5.385102391292151
2021-03-02,121.98037719726562,125.49004121695306,121.87313682284052,125.18782240063727,102260900,127.57943229675293,128.4837271118164,125.80876069211311,126.10483372102635,28.469812447588367,-2.0893493265823126
2021-03-03,118.99713897705078,122.55555080343936,118.78265825970878,121.67813306792648,112966300,126.9589729309082,128.35800384521485,125.16003481448813,125.82610059381163,25.9647250296959,-2.4456705978129434
2021-03-04,117.1155776977539,120.49850624904042,115.64347345208851,118.6949297486631,178155000,126.29554100036621,128.23436630249023,124.39389604146582,125.4845114606329,24.48981493139283,-1.5811819472901334
2021-03-05,118.37318420410156,118.8801399153452,114.61979443770964,117.94423026145166,153766600,125.52706794738769,128.1053144836426,123.8204949140978,125.2056358819454,27.093590995000255,1.073816593035315
2021-03-08,113.44017791748048,117.96374575469044,113.29394038143424,117.89550256292888,154376600,124.53266296386718,127.8065399169922,122.83189329537234,124.74424537353501,24.752471760449453,-4.167334282497192
2021-03-09,118.05147552490234,118.99713642859442,115.80919406877892,116.04316964725494,129525800,123.76151084899902,127.61790298461914,122.37661541247043,124.48178381084354,36.34836374267033,4.064959780631017
2021-03-10,116.96932983398438,119.10437082693088,116.45262294368769,118.63641969338748,111943300,122.98012351989746,127.38795944213867,121.861635833567,124.18717777253534,36.36871148237041,-0.9166727362841742
2021-03-11,118.89964294433594,120.1182765520443,118.21721109919896,119.46509072342045,103026500,122.32547569274902,127.10472793579102,121.57954127268785,123.97982346554713,39.45610150513118,1.6502728647682874
2021-03-12,117.99300384521484,118.1294902427008,116.16993234824494,117.37881505652804,88105100,121.63816680908204,126.83879791259766,121.23796627959518,123.7450462255341,42.81169000215056,-0.7625246608566782
2021-03-15,120.8787078857422,120.8884590376453,117.39829045128926,118.36345366505869,92403800,121.08344497680665,126.65297149658203,121.20375119446634,123.63264080044422,47.49931715362421,2.4456569003979967
2021-03-16,122.41908264160156,124.02768082306405,121.59041310507568,122.54581788527469,115227900,120.71200561523438,126.51800506591798,121.31949704657445,123.58505028441118,50.28602961913316,1.2743143791008826
2021-03-17,121.62937927246094,122.70177530738492,119.27009907008946,120.93719630957408,111932600,120.41563415527344,126.43110321044922,121.34900963951603,123.5083573035504,55.39960788164177,-0.6450819203184133
2021-03-18,117.50552368164062,120.08902837100626,117.30079413178964,119.79655333524822,121229700,119.9681510925293,126.23057373046875,120.9829633578136,123.27295206347551,49.06092595925762,-3.390509443925138
2021-03-19,116.97908020019533,118.3829485565644,116.6768614326796,116.89134214689705,185549500,119.48654594421387,126.10537399291992,120.60164115232615,123.02613355903316,38.138653470097324,-0.4480159442305065
2021-03-22,120.29377746582033,120.76173611147584,117.24232114898952,117.31056434336112,111912300,119.35932083129883,125.96236190795898,120.57232080123036,122.91898233969148,47.42634201223719,2.8335812351681255
2021-03-23,119.465087890625,121.12242658262932,119.07512365781542,120.2352652049879,95467100,119.19748573303222,125.78077621459961,120.46687004783938,122.78353549855163,50.76432173315545,-0.6888881475442754
2021-03-24,117.07657623291016,119.81606991796892,117.0570813659124,119.73807557407793,88530500,118.94108505249024,125.6111897277832,120.14398492260803,122.55973317440883,49.9373349403309,-1.9993386351514042
2021-03-25,117.56402587890624,118.60718345893136,116.0139273940255,116.5403780411406,98844700,118.92158737182618,125.45485717773437,119.89827453749356,122.36382308438913,48.66690364369781,0.41635112819353726
2021-03-26,118.16846466064452,118.43169368935104,115.93592696323272,117.33004413015976,94071200,118.91914863586426,125.26992294311523,119.73353073969841,122.19929922463444,59.08577792060345,0.5141358312795941
2021-03-29,118.3439483642578,119.50408995901203,117.70051367598909,118.59742624167248,80819200,118.60717811584473,125.12704681396484,119.60118956108502,122.04810899481575,50.67750821192617,0.14850299030053637
2021-03-30,116.89134216308594,117.37879562712054,115.87743806534004,117.09607172542653,85671900,118.35272636413575,124.98957946777344,119.34310885651368,121.84588284455184,49.822391278511745,-1.2274444289291364
2021-03-31,119.08487701416016,120.42049468098196,118.10997013305848,118.5974235736093,118323800,118.35711326599122,124.8825489807129,119.3185153477181,121.73760810610511,50.41685338278091,1.8765588712411407
2021-04-01,119.91354370117188,121.0639340927336,119.41633912027298,120.55698579856444,75089100,118.49701156616212,124.71032180786133,119.3751847147137,121.66607616865676,54.33723128029208,0.6958622352300825
2021-04-05,122.74079895019533,122.99427686554804,119.98181021656318,120.7617388309021,88651200,118.7153923034668,124.50040939331055,119.69571940380719,121.70822216008965,54.21636502718798,2.3577447232058013
2021-04-06,123.04300689697266,123.93991951774667,122.49706137788412,123.32573080877204,80171300,119.1955337524414,124.25370880126952,120.01450868887056,121.76056665957526,51.49668466931796,0.2462163757789737
2021-04-07,124.69058227539062,124.7100771388602,121.99983740172254,122.67252547962671,83466700,119.52748908996583,123.96500457763672,120.4598490304439,121.87546923274449,57.053002902496374,1.3390239884153
2021-04-08,127.08885955810548,127.1181055739932,125.29503449613289,125.7142373077892,88844600,120.03346557617188,123.71959274291993,121.09118336641167,122.07991591217042,73.9873191221848,1.9233828561471045
2021-04-09,129.6626434326172,129.70163317095958,126.22122258271084,126.54294370866688,106686700,120.57161560058594,123.54707321166993,121.90751289652648,122.37727777571736,78.79594210811112,2.025184491749221
2021-04-12,127.94677734375,129.51637793041473,127.35208358418392,129.19465689236446,91420000,121.06930427551269,123.43699722290039,122.4826809391192,122.59568952348334,68.73499286530745,-1.3233311024997585
2021-04-13,131.05673217773438,131.28097148351077,128.61946483937675,129.11667689697725,91266500,121.57820549011231,123.4889973449707,123.29925724755874,122.9274951177677,75.52594529026538,2.4306628885454318
2021-04-14,128.7169647216797,131.61243958256816,128.35625390681537,131.55394754511985,87222800,121.89309959411621,123.45175918579102,123.81522938795122,123.15453314145053,75.68843252861168,-1.7853088637076464
2021-04-15,131.1249542236328,131.61240758505895,130.286533846944,130.46202479252335,89347100,122.36787834167481,123.44613174438477,124.51139365801613,123.46709867408514,77.58819895635767,1.8707631174801564
2021-04-16,130.7935028076172,131.29069993150603,129.93558004398386,130.92998916765907,84922400,123.03227729797364,123.45431747436524,125.10968976750195,123.754408640106,75.97271998716741,-0.25277523868594276
2021-04-19,131.4564666748047,132.07066289352065,129.99410605950115,130.1598384774607,94264200,123.7561466217041,123.4085939025879,125.71414471105459,124.05645013166283,76.44516550731743,0.5068782874961597
2021-04-20,129.76991271972656,132.12918662646493,128.50253024066083,131.63198925334365,94812300,124.22995338439941,123.3374266052246,126.1004083309281,124.28050748805748,75.7305373960273,-1.2829752675844408
2021-04-21,130.15008544921875,130.3938122009963,128.00529300875627,129.03869205614907,68847100,124.7642032623291,123.27093795776368,126.4860918660034,124.51068701594616,73.8346041603191,0.29295907003750177
2021-04-22,128.62924194335938,130.7837782500738,128.11254238332913,129.70163080104982,84566500,125.34183654785156,123.19158126831054,126.69020139718016,124.67219897388394,68.23012148477993,-1.1685305473370322
2021-04-23,130.94949340820312,131.72940697661994,128.84369107132306,128.84369107132306,78657500,126.0111099243164,123.17071914672852,127.09584825537283,124.91836738307293,67.54170011653923,1.8038289192946033
2021-04-26,131.33946228027344,131.67092706494682,130.2085666757299,131.44670263718533,66905100,126.66965980529785,123.16272476196289,127.50000197203003,125.17017502610041,67.66299113043937,0.29780097801117567
2021-04-27,131.01773071289062,132.01213986314156,130.74475798551163,131.6221681983873,66015800,127.3033489227295,123.1436164855957,127.8350237568739,125.39949093538631,64.27632983301774,-0.24496184299601653
2021-04-28,130.22805786132812,131.63192609526544,129.740604439872,130.93973569140266,107760100,127.97018470764161,123.15122024536133,128.06293176682192,125.58884650110953,57.63759082912187,-0.602722125673949
2021-04-29,130.1305694580078,133.630496551131,129.12641653636294,133.0455464580238,151101000,128.522469329834,123.20269546508788,128.25984964217295,125.76695328373299,51.29442434291059,-0.07485975366700037
2021-04-30,128.1613006591797,130.20859675143018,127.78108746519726,128.4732632121358,109839500,128.9348571777344,123.23681777954101,128.250464024745,125.86084925924071,50.58523130768956,-1.513302221783941
2021-05-03,129.21412658691406,130.70574751351384,128.52195116516012,128.72667324025528,75135100,129.2585235595703,123.28887664794922,128.34224141161826,125.99235033091418,44.33774440067033,0.8214850522890282
2021-05-04,124.64185333251952,128.19052150938094,123.52070884107248,127.89804644623833,137564700,129.33846588134764,123.32494812011718,127.98982349932314,125.93938966431047,38.98824261890867,-3.5385242892301494
2021-05-05,124.8855972290039,127.17661983745884,124.75885455406907,125.95798604278042,84000900,129.34821662902831,123.36862426757813,127.69418290214988,125.89806447076904,30.906797820147744,0.19555541735578608
2021-05-06,126.48441314697266,126.49415685961574,123.93989837484678,124.68082962289289,78128300,129.31799430847167,123.45422073364257,127.57896673499015,125.92105853650253,37.76283957085084,1.2802244241479466
2021-05-07,127.15827178955078,128.1836509944488,126.44537008751144,127.78327149877356,78973300,129.19277572631836,123.63830657958984,127.5389005497102,125.96957670328874,37.80132749743739,0.5327602238191398
2021-05-10,123.87699127197266,126.50394017112625,123.8379278654038,126.37699713829772,88071200,128.9892864227295,123.75150161743164,127.19014728516377,125.88751452951163,34.663592489975926,-2.5804695765358487
2021-05-11,122.95902252197266,123.3105782662806,119.89260855529714,120.60550265898722,126142800,128.58440093994142,123.71901489257813,126.78718302200272,125.77267170568658,31.794770366724876,-0.7410324876107044
2021-05-12,119.89263153076172,121.71880695136792,119.38482206893003,120.50787096501224,112172300,128.1431842803955,123.67725997924805,126.13055907045596,125.54208189490521,29.487229552075092,-2.4938316264371596
2021-05-13,122.04106903076172,123.19341357180042,121.34771025318692,121.66021008886268,105861300,127.68899002075196,123.73813858032227,125.74108382858032,125.40478727278195,28.913700112939935,1.7919679237741626
2021-05-14,124.4629364013672,124.892626453878,122.90043727939631,123.29106392253492,81918000,127.37246170043946,123.88508575439454,125.61935550217906,125.36785194449118,35.15149977562184,1.9844691543918103
2021-05-17,123.31060028076172,123.95513540332344,122.2363825270762,123.8477128828965,74244600,126.96516838073731,123.98383407592773,125.39947405252026,125.28717540865865,33.93425984033328,-0.9258468054212043
2021-05-18,121.9238739013672,124.01371786549493,121.8555147978895,123.59379552967953,63342900,126.57286643981934,124.15350799560547,125.06846451431521,125.15528123190214,33.11009937371598,-1.1245800249428117
2021-05-19,121.7676239013672,121.99222918408068,119.98051210138632,120.27348393601976,92612000,126.15374336242675,124.22783096313476,124.7540987416535,125.02243192482234,33.03114479104815,-0.1281537364260621
2021-05-20,124.32622528076172,124.72661966171272,122.1680220813628,122.2949800317053,76857100,125.93859252929687,124.37496887207031,124.71334888823523,124.99512970348664,42.400186022490225,2.101216478911505
2021-05-21,122.49028778076172,125.00005419589024,122.27544274551911,124.8242725716539,79295400,125.5156322479248,124.44678176879883,124.50162878276156,124.89690060847782,37.076742103795254,-1.4767097576186883
2021-05-24,124.12114715576172,124.94146389287052,122.98833802904868,123.05669713625907,63092900,125.15471649169922,124.56934463500977,124.465392437333,124.86647890444975,48.87161509327654,1.3314193349916792
2021-05-25,123.92583465576172,125.31255964913692,123.35942638033973,124.82427074399982,72009500,124.80012168884278,124.63028717041016,124.41400598194525,124.82959089469728,47.91579271052651,-0.15735634456786052
2021-05-26,123.87699127197266,124.40433608477755,123.45706896458633,123.98441377739124,56575900,124.482568359375,124.65944534301758,124.36286172385262,124.7922340467473,43.92907591781515,-0.03941339909045993
2021-05-27,122.3437957763672,124.64848475719648,122.148486181619,123.4766122875404,94625600,124.09322967529297,124.6737336730957,124.170569728854,124.69621685967357,39.221647605712064,-1.2376757619494638
2021-05-28,121.68951416015624,122.85162649652436,121.63092276524166,122.62701373171124,71311100,123.7696403503418,124.75741348266601,123.93427872231136,124.57830694988859,44.4500020712053,-0.5347893712623786
2021-06-01,121.36722564697266,122.41214756264262,121.03519786563034,122.14847888043448,67637100,123.37729530334472,124.84517639160157,123.68979747704101,124.4523821929115,45.83546244251405,-0.26484493377089136
2021-06-02,122.12895965576172,122.30474128408406,121.14263644461568,121.3672417498929,59278900,123.25165061950683,124.88188003540039,123.5411462559668,124.36126758361151,56.65309657703265,0.6276274379087843
2021-06-03,120.64459228515624,121.9238874136965,120.24419788428176,121.75787349407824,76229200,123.03960037231445,124.90547012329101,123.26528397303245,124.21551561112307,45.67456091969012,-1.215409821543878
2021-06-04,122.93950653076172,123.20318269390796,120.94731726161272,121.16216229807738,75169300,122.8623550415039,125.02272872924804,123.23425754995905,124.1654760393442,45.24393305459258,1.9022106189237276
2021-06-07,122.9492645263672,123.3594191359653,121.90434257301015,123.21293321808504,71057600,122.65190467834472,125.13043350219726,123.20711535723602,124.11778147020785,48.78526840743746,0.007937233425492352
2021-06-08,123.76959228515624,125.44928928445928,123.25201508828968,123.6328740614777,74403800,122.6465347290039,125.2424560546875,123.26068458846652,124.1041269923627,56.450551513328584,0.6672083496791492
2021-06-09,124.15044403076172,124.75591573650723,123.55474004059155,124.22857085419676,56877900,122.70610580444335,125.35858596801758,123.34542358297082,124.10594334680972,58.198938068708884,0.30771026919764743
2021-06-10,123.15436553955078,125.18561845038153,122.98835161093275,124.0430340314238,71186400,122.86919250488282,125.48384643554688,123.32722757883558,124.06862657005448,45.48198653990965,-0.8023156896355021
2021-06-11,124.36529541015624,124.45318995364758,123.14459167144136,123.56451405558266,53522400,122.98540382385254,125.5894548034668,123.42609118181849,124.08026064221534,57.59497230701901,0.9832618318484032
2021-06-14,127.42193603515624,127.4805274309543,124.09186008030994,124.82428233012304,96906500,123.13335380554199,125.73962265014649,123.80664783451732,124.21130673605616,61.985849947833465,2.4577922763092452
2021-06-15,126.6016082763672,127.53911517627388,126.35746756194185,126.89458011391096,62746300,123.29790420532227,125.81683883666992,124.07283454326493,124.30504405136247,59.29440547913555,-0.6437884906745572
2021-06-16,127.0996551513672,127.82231705994997,125.449276371544,127.31450018091432,91815000,123.55669326782227,125.89797180175782,124.36110317260801,124.41463664351953,60.85529443631504,0.393396957416825
2021-06-17,128.70123291015625,129.4434303366887,126.61138865865254,126.75788205128508,96721700,123.90337371826172,125.97818481445313,124.77444886189832,124.58273845789745,71.31633583380827,1.2600960694044927
2021-06-18,127.40241241455078,128.42779161848907,127.187567367722,127.64655315856818,108953300,124.05718307495117,125.98445587158203,125.02473110500807,124.69331390717798,68.36157942721178,-1.0091748666558265
2021-06-21,129.19927978515625,129.30670230447237,126.18170388050524,127.2461539075308,79663300,124.3926326751709,125.97518859863281,125.42230716978409,124.87001845141242,72.99319676085724,1.4103872419296781
2021-06-22,130.83984375,130.9375059635788,128.5351555804598,129.0332120080854,74783600,124.72856750488282,126.03304992675781,125.93826303456656,125.10412924743547,74.31839451946728,1.2697934288579793
2021-06-23,130.5664520263672,131.171931135257,130.10746628787817,130.63481857945425,60214200,125.06059837341309,126.02324432373047,126.37904293854757,125.31833798386417,79.70777381413619,-0.2089514293178052
2021-06-24,130.28323364257812,131.4844015936428,129.81447281680693,131.2988522960872,68711000,125.38091049194335,126.05456970214844,126.75087062464571,125.51303977440197,75.00009090403816,-0.21691512589456785
2021-06-25,129.99029541015625,130.7520133222248,129.69732354370646,130.33209840454234,70783700,125.76323547363282,126.0318765258789,127.05938727088481,125.6886184267845,73.51622444736184,-0.2248472226484055
2021-06-28,131.62112426757812,132.08010994524813,130.22464670870133,130.28323808863115,62111300,126.2598159790039,126.04842895507812,127.49383841342703,125.92126571465876,74.87640551560642,1.2545773915476843
2021-06-29,133.13482666015625,133.29108030597018,131.20123622200433,131.64068656233414,64556100,126.84819602966309,126.08199615478516,128.031075389306,126.20415045761945,76.5591176678878,1.1500451777792575
2021-06-30,133.7500762939453,134.18952666784298,132.6856112890496,132.9785831720377,63261400,127.42925186157227,126.16159942626953,128.5757421421288,126.50006911786753,82.04392469498545,0.46212523741782086
2021-07-01,134.05282592773438,134.11141733174057,132.57820605478142,133.3985304143806,52485800,128.09966354370118,126.23965423583985,129.09736916932934,126.79625565943094,81.00024902465357,0.2263547372666208
2021-07-02,136.6797637939453,136.71881975736173,134.52155301126126,134.66803150053377,78852600,128.78667640686035,126.40066467285156,129.81950199072134,127.18384421372562,80.46295868588552,1.9596288612573343
2021-07-06,138.69146728515625,139.79497322979873,136.78717260963688,136.78717260963688,108181800,129.57378654479982,126.55550415039062,130.66445106638182,127.63512354986015,86.88947511527945,1.4718371142663944
2021-07-07,141.1817169189453,141.49420932337944,139.31647805419703,140.17584334226723,104911600,130.44439277648925,126.75234924316406,131.6660954332926,128.16636250551056,88.31061385352763,1.795531969294828
2021-07-08,139.88287353515625,140.68364735524526,137.37309975875638,138.2617755637112,105575500,131.23101425170898,126.92965209960937,132.4486457287082,128.62583352628099,80.92941020552357,-0.9199798756766464
2021-07-09,141.7090301513672,142.23636751298437,139.30667907892771,139.4043413205293,99890800,132.15874748229982,127.15927154541015,133.33058710229477,129.1389000605981,88.45161859181384,1.3054897787411868
2021-07-12,141.11337280273438,142.89072485841734,140.6250912359429,142.78330231767637,76299700,132.99615135192872,127.3789276123047,134.0718047880509,129.60848722695638,84.2315887309618,-0.4203383143590478
2021-07-13,142.2266387939453,144.00399065736747,140.26375247219565,140.65437172290618,100827100,133.73638648986815,127.660234375,134.84845564575514,130.10331670017163,83.73886553463066,0.788916010651386
2021-07-14,145.65435791015625,146.06452746184092,144.218809182764,144.62897873444868,127050800,134.68902397155762,127.98903900146485,135.87758919474572,130.71316145350437,87.66473543673602,2.410040162150584
2021-07-15,145.00003051757812,146.4844100450272,143.6426089138741,145.74222773188504,106820300,135.58404273986815,128.396202545166,136.74639313025358,131.2734308285661,86.0699978159341,-0.44923296629526543
2021-07-16,142.95899963378906,146.25001085540634,142.46095806797192,144.98049138553952,93251400,136.29693107604982,128.7576705932617,137.3380699401141,131.73168842877092,79.2768127733774,-1.4076072098078818
2021-07-19,139.11138916015625,140.69343127095988,138.34967125172668,140.38092397459488,121434600,136.88237991333008,129.0102101135254,137.50695748488002,132.0210884574527,65.37082336024969,-2.6914083642786024
2021-07-20,142.7246551513672,143.65240178359875,139.60943216409294,140.09771359109203,96350000,137.55864868164062,129.32153778076173,138.00388107216452,132.44083617093955,68.11810458401922,2.5973904890354227
2021-07-21,141.99221801757812,142.7051195545598,141.24027542823887,142.1191759435654,74993500,138.11626739501952,129.68384231567381,138.38372268601344,132.81540016492536,65.50326478481122,-0.5131819257242376
2021-07-22,143.35943603515625,144.72661812834664,142.39263340422124,142.5195913490058,77338200,138.75591659545898,130.0918505859375,138.85760014783656,133.22889176767953,66.83149026733105,0.9628823583901491
2021-07-23,145.07818603515625,145.23443967973952,143.47662343109712,144.09186284341388,71447400,139.49566421508788,130.5955616760254,139.45003689900986,133.69356997424725,65.70489243669952,1.198909571308926
2021-07-26,145.49810791015625,146.31841714774572,144.2383334584889,144.7949814490319,72434100,140.27105484008788,131.06470245361328,140.0260436619762,134.1564930305574,63.533997007277925,0.2894452201781972
2021-07-27,143.33013916015625,145.71295498966768,142.13873124540055,145.62505300491213,104818600,140.85650558471679,131.44204650878908,140.3407194237076,134.51624385916912,54.32727858344546,-1.4900322630578167
2021-07-28,141.58204650878906,143.5254115149199,139.19923129757908,141.4160326491442,118931200,141.27886657714845,131.80747543334962,140.45894105085821,134.79333415915423,53.36158070999609,-1.2196267035043284
2021-07-29,142.2266387939453,143.1153147256564,141.1914843685101,141.29890689763087,56699500,141.70269470214845,132.21353073120116,140.62729321686652,135.08483630169505,51.074239779489815,0.45527826518332315
2021-07-30,142.44146728515625,142.90045304700064,140.7324821850195,140.99615834422465,70440600,142.12212677001952,132.62700759887696,140.8000716995608,135.3733316343798,52.800583811584325,0.1510465922788029
2021-08-02,142.1094512939453,143.50592922511103,141.84577511280253,142.9297606339798,62880000,142.39361114501952,132.98267211914063,140.9247745180736,135.63749318965688,49.74446439337577,-0.2330894208961376
2021-08-03,143.90634155273438,144.5703973198966,141.77742620853948,142.39266574077612,64786600,142.65435485839845,133.41099319458007,141.2087332832794,135.9617617529148,45.89647296840344,1.2644410645652915
2021-08-04,143.50592041015625,144.32622969980267,142.8516250314263,143.81842770211748,56368300,142.77056503295898,133.79868865966796,141.42751300964864,136.25761111202232,46.45020910551563,-0.2782512141283111
2021-08-05,143.61334228515625,144.37506017943633,142.74420187239215,143.53521546251628,46397700,142.95708847045898,134.19243881225586,141.63568722636364,136.5460711580276,51.71191397595345,0.07485536115372504
2021-08-06,142.92872619628906,143.87741265764788,142.42993828378326,143.1341182329051,54126800,143.01807327270507,134.5734735107422,141.75883379492797,136.79637135560648,61.96774387986188,-0.4767078587362916
2021-08-09,142.8798370361328,143.47643358609363,142.3223698894288,142.98742050984688,48908700,143.106396484375,134.9841943359375,141.86559600837606,137.03493863719575,50.62653862361108,-0.034205272416065746
2021-08-10,142.40061950683594,144.46425536863836,142.10720866457348,143.2221579263746,69023100,143.11509552001954,135.39841644287108,141.916550627277,137.2453574948287,51.68331851166091,-0.3353989892749376
2021-08-11,142.65487670898438,143.4959796880464,142.33212632967644,142.84070404163072,48493500,142.96512145996093,135.82416946411132,141.98686739696342,137.45749550322697,46.802655705556816,0.1785506292240724
2021-08-12,145.61830139160156,145.77478914489808,142.63531888467134,142.97763397957073,72282600,142.99603500366212,136.29395629882814,142.33271825359563,137.77752710669265,52.2022948114763,2.077338504636317
2021-08-13,145.82369995117188,146.15622524916978,145.01193648359285,145.6965517804986,59375000,143.13927001953124,136.79753845214844,142.66519270098385,138.09306329667223,51.351224701740165,0.14105270945163895
2021-08-16,147.79928588867188,147.8677548726636,143.25147091055382,145.27597699148956,103296000,143.57366485595702,137.29473403930663,143.15415395695413,138.47369947675065,68.84816956080786,1.3547769931509857
2021-08-17,146.8897247314453,148.3469738946529,145.81389018106398,146.92883920441727,92229700,143.78191833496095,137.7735432434082,143.50992260214377,138.8037396828171,74.08831912777798,-0.615402944444321
2021-08-18,143.14389038085938,147.4080844695857,142.938498348175,146.50830231259667,86326000,143.839501953125,138.16102920532228,143.47506239059288,138.97394167097565,53.24843476597414,-2.550099646135462
2021-08-19,143.47642517089844,144.74786207926644,141.32477074631083,141.8431233828503,86960300,143.8453514099121,138.547548828125,143.4751921791934,139.15050965136479,53.63498486025884,0.23230805670735322
2021-08-20,144.9336700439453,145.23685570513334,143.55464985258175,144.20015057068707,60549600,143.83812561035157,138.9831349182129,143.6140948329793,139.3773002549954,59.19264381882513,1.0156685123086318
2021-08-23,146.42027282714844,146.8897211086949,144.6402584192349,145.05102753102452,60131800,143.88423385620118,139.42423446655275,143.88134988004305,139.65349525782491,58.35137061364601,1.0257125088686259
2021-08-24,146.33226013183594,147.54501786684636,145.87258667150505,146.16599748585364,48606400,144.03433990478516,139.80244094848632,144.11476990402332,139.91540760582535,59.58822207889149,-0.06010963756118981
2021-08-25,145.09996032714844,147.01689814902136,144.55226807046895,146.51809526108525,58991300,144.21023559570312,140.17240798950195,144.20859756336856,140.11872339881842,54.68566190439089,-0.8421244936538841
2021-08-26,144.29795837402344,145.84324134015625,144.26861878609316,145.09017201862116,48597200,144.31380157470704,140.51637405395508,144.21710811676425,140.28261496647352,54.283973792205266,-0.5527237576886779
2021-08-27,145.33465576171875,145.48135367838458,143.60354572760687,144.2392565978135,55802400,144.45846099853514,140.84904251098632,144.32354122580753,140.48073421334587,57.23338419993903,0.7184421729711232
2021-08-30,149.75535583496094,150.11723565003402,145.3444633733459,145.7258929660488,90956700,144.84075622558595,141.29610137939454,144.84085690286977,140.84444486517393,67.58651690640762,3.0417384278186743
2021-08-31,148.49371337890625,149.4423999461669,147.96557089636175,149.3054768809692,86453100,145.07012481689452,141.68199005126954,145.18874799582562,141.14441617943794,63.32000824289816,-0.8424690048782546
2021-09-01,149.1587371826172,151.57446255268852,148.99247455645138,149.4717126602179,80313700,145.35276565551757,142.04836791992187,145.56684220409147,141.45870327760184,59.022912518666004,0.44784643644408817
2021-09-02,150.27369689941406,151.32019193818465,149.05116433458485,150.48886382470346,71115500,145.68578338623047,142.4425128173828,146.01511407983648,141.80438930198665,60.83847628420158,0.7474987639723762
2021-09-03,150.909423828125,151.23217421828528,149.72600573087058,150.38128139931968,57808700,146.08481826782227,142.85503662109375,146.4812388177687,142.16144947948226,58.104026845637584,0.42304604320506645
2021-09-07,153.2469024658203,153.8043695479327,150.99743959102315,151.56469648456283,82278300,146.60317153930663,143.32016876220703,147.12558773663076,142.5961731260053,65.41749929689004,1.5489282103134494
2021-09-08,151.7016143798828,153.58919740809037,150.59644021764143,153.53051823549217,74420200,147.06822128295897,143.72177856445313,147.56139979789288,142.95324925360836,73.23421090788574,-1.0083649725201815
2021-09-09,150.6844482421875,152.6796143882617,150.5670749934843,152.07324314334025,57305700,147.46969985961914,144.07277099609374,147.8588329830638,143.25643352767028,68.86833525990319,-0.6705044912364455
2021-09-10,145.69654846191406,152.06349296335642,145.43247723787448,151.59404461667015,140893200,147.47361221313477,144.31170043945312,147.65290112390667,143.35212430940533,51.685434924196564,-3.3101622884510573
2021-09-13,146.26376342773438,148.09266692388923,145.481339792054,147.32003309737948,102404300,147.4956153869629,144.55591918945314,147.52060229569977,143.46630623561433,49.639580441695806,0.38931256217684673
2021-09-14,144.865234375,147.75042357206,143.6818310431746,147.0462435219262,109296300,147.3489128112793,144.71962860107422,147.26771011277597,143.52116616264905,46.81394820159715,-0.9561691973182129
2021-09-15,145.75521850585938,146.1562127610325,143.15366567640987,145.29554507646444,83281300,147.2921875,144.86090362548828,147.12366329306963,143.60877605846122,51.44455276151341,0.6143531501530353
2021-09-16,145.5204620361328,145.6965144522282,143.98496918672433,145.17816193712628,68034100,147.41101608276367,144.94767852783204,146.97097745907564,143.68374413601697,52.76421092435699,-0.1610621370082388
2021-09-17,142.85047912597656,145.54984051172312,142.55706833315722,145.54984051172312,129868800,147.37971878051758,145.00703063964843,146.57854904639953,143.6510670767997,44.76935127656963,-1.8347817707542013
2021-09-20,139.79905700683594,141.65730067907975,138.16575516526504,140.6401600731503,123478900,147.12298812866212,144.96883117675782,145.93288313786965,143.50000785836977,27.75335082618254,-2.136095123944004
2021-09-21,140.2782745361328,141.42257819093177,139.64256354879453,140.76728757977574,75834000,146.81588821411134,144.95212921142578,145.3943489853233,143.37366537514478,30.978069242602075,0.3427902444817166
2021-09-22,142.64508056640625,143.21232244413056,140.54231597032648,141.27583538032138,76404300,146.63152923583985,144.960498046875,145.13251389780737,143.34509342186092,36.02005560813621,1.6872220863137333
2021-09-23,143.6035919189453,143.84809847436335,142.4397383273961,143.4275394388265,64838200,146.55671081542968,144.9194827270508,144.98690228077288,143.35523061782501,35.58749015827213,0.6719554216192192
2021-09-24,143.69155883789062,144.22947605037112,142.36144305952544,142.45925161579112,53477900,146.52639083862306,144.89331329345703,144.8635362385936,143.36841995978838,34.02577596710532,0.06125676786341572
2021-09-27,142.17564392089844,142.75269063959104,140.65971546291632,142.27345249653945,74150700,146.36844024658203,144.87764617919922,144.6075464940512,143.32164442885153,24.572984141713903,-1.0549784060053247
2021-09-28,138.7916717529297,141.5692619814985,138.57650484135823,140.10222299723426,108972300,145.82025604248048,144.87125183105468,144.05365366156343,143.14399844156048,22.65925227918737,-2.380134933555478
2021-09-29,139.69146728515625,141.2758647647725,138.90904343372455,139.33937729818666,74602000,145.38014373779296,144.81058807373046,143.63820734000083,143.00860506287796,26.60268776346642,0.6483065740632732
2021-09-30,138.3907012939453,141.20742140322028,138.17553434540375,140.50324137590155,89056700,144.84174194335938,144.7385577392578,143.1384448594241,142.82751079742962,31.55539975191266,-0.93117068385834
2021-10-01,139.51539611816406,139.77946730384753,136.0531908135578,138.7818766539813,94639600,144.30382690429687,144.66167694091797,142.79339259835172,142.69762394726234,33.42927690123008,0.8126953716564245
2021-10-04,136.08255004882812,139.08509731906585,135.23167212302508,138.6449736382081,98322000,143.56248321533204,144.4817642211914,142.15426473649234,142.43820928457865,30.392850183882402,-2.4605499929401753
2021-10-05,138.00924682617188,139.11442096062234,136.2977013587978,136.42484951189164,80861100,142.80060043334962,144.3319869995117,141.75950112598562,142.26452448228818,33.47233364241585,1.4158294187259335
2021-10-06,138.87966918945312,139.0263670959615,135.32943061705103,136.4052650097456,83221100,142.1595031738281,144.24297760009765,141.48523141774444,142.13178505903974,36.204685343546004,0.6306985823765654
2021-10-07,140.14134216308594,141.0509141240026,139.5838750906148,139.91640035654444,61732700,141.63234786987306,144.2141635131836,141.35724196491984,142.0537284748847,44.022390532034386,0.908464846580026
2021-10-08,139.7598876953125,141.0117595867435,139.4273624886646,140.86506167895476,58773200,141.33551483154298,144.16482849121093,141.205112986862,141.96377393450933,49.9020313514941,-0.2721926748279091
2021-10-11,139.67189025878906,141.62794225299882,138.69386426168418,139.14376278668908,64452200,141.00592117309571,144.1094369506836,141.05909177466458,141.87389614330462,48.45306327726369,-0.06296329939480261
2021-10-12,138.40048217773438,140.1022531380476,137.94080866989395,140.08268843547052,73035900,140.68268356323242,144.03525756835938,140.80589086067124,141.7376838309293,38.53066663588101,-0.9102820035577497
2021-10-13,137.8136749267578,138.29289821199288,136.14124356444967,138.1364253624136,78762700,140.28560638427734,143.91340423583983,140.52091791458426,141.58380112880494,34.03434747703912,-0.42399220128653825
2021-10-14,140.60098266601562,140.71835590917905,138.4004246311898,138.9872460765391,69907100,140.03963241577148,143.85530548095704,140.5285431290063,141.5452592283034,42.58205577082249,2.0225189849549796
2021-10-15,141.65725708007812,141.71593624188964,140.3564809404601,140.61077720629643,67940300,139.97997131347657,143.81618377685547,140.63603969577505,141.54965130092202,48.727704970463044,0.7512567793154012
2021-10-18,143.3297119140625,143.61333288501362,140.0142044027078,140.2978253736589,85589200,140.1565040588379,143.82420349121094,140.89257990704053,141.61945759947656,62.15941733902126,1.1806347718839039
2021-10-19,145.49114990234375,145.8921441646938,143.32972068785898,143.77960431394027,76378900,140.41714782714843,143.87642974853514,141.33053895421227,141.77128867017723,64.55579860664326,1.5080180929807563
2021-10-20,145.98019409179688,146.45943233131632,144.86524475312603,145.43250177434402,58418800,140.58390350341796,143.94802124023437,141.77336325302986,141.93634378475056,69.85684594790754,0.33613329043133966
2021-10-21,146.19529724121094,146.35178495602463,144.62067505418665,145.54002172435474,61421000,140.71348876953124,144.0188296508789,142.19449982333282,142.10336156735684,68.35044130863436,0.14735091342514828
2021-10-22,145.4227294921875,146.87997909365214,145.3738251936458,146.40075576903482,58883400,140.8000473022461,144.01491821289062,142.50195026798565,142.23353285852667,80.05080159297458,-0.5284491112930723
2021-10-25,145.373779296875,146.08773407498782,144.3761886308666,145.4128937692613,50720600,140.95995407104493,144.0059197998047,142.77545779454653,142.35667977767758,76.95083380611383,-0.033660622024789255
2021-10-26,146.0388641357422,147.52545305998103,145.73566350958762,146.04863902426567,60893400,141.32231369018555,143.97071136474608,143.0862583984699,142.50107916426836,76.59914621494293,0.4574998614495618
2021-10-27,145.57920837402344,146.439861297031,145.2271183389535,146.07799637224926,56094900,141.6167007446289,143.94450103759766,143.32368220566548,142.62179011367053,71.4841197307914,-0.3147489296352668
2021-10-28,149.2174530029297,149.80425972363017,146.43007257824578,146.5278811601097,100077900,142.1580383300781,144.06597229003907,143.88499371016684,142.88044356030815,79.71771073165259,2.4991512658585346
2021-10-29,146.50830078125,146.6452238271108,143.19279317037723,143.98499185882136,124953200,142.50768356323243,144.1266098022461,144.13483247884142,143.02271247093333,68.44339463416682,-1.8155732906300792
2021-11-01,145.68678283691406,146.4105126416791,144.55226891374826,145.71612242772915,74588300,142.9878952026367,144.14167205810546,144.28263727484833,143.12718581861884,70.14615311270438,-0.5607313305493467
2021-11-02,146.72348022460938,148.23942366972244,145.38357431484795,145.39336412691904,69122000,143.4236068725586,144.14773620605467,144.5150985081589,143.26821697179494,74.03703737245917,0.711593301401825
2021-11-03,148.16116333007812,148.63061162902127,146.52786170952203,147.0853287663622,54511500,143.88768157958984,144.18431427001954,144.86234277691312,143.4600972211394,71.997900834871,0.9798589177873129
2021-11-04,147.642822265625,149.0805068605867,147.32984675958332,148.24919365421383,60394600,144.26275558471679,144.23517150878905,145.12715034726665,143.6241256542565,67.97905964572631,-0.3498494833618082
2021-11-05,148.17173767089844,149.07283317887465,146.97680309732056,148.76920495768735,65463900,144.6833480834961,144.31264709472657,145.4171110447554,143.8024633803993,65.61702420851111,0.3582398366253514
2021-11-08,147.34898376464844,148.45577097835087,147.07473798616405,148.29905483485294,55020900,145.06720275878905,144.35293365478515,145.60109892284044,143.94154261115418,56.558428756572965,-0.5552704714021806
2021-11-09,147.7113494873047,148.31860574960734,146.97675951376905,147.11388237768483,56787900,145.5327461242676,144.31205352783203,145.80207516707512,144.08937817492478,56.16638639202288,0.24592346238032636
2021-11-10,144.8807373046875,147.0453357776248,144.8121833419343,146.93759531163658,65187100,145.88609924316407,144.23979400634767,145.7143287039906,144.12041186628804,46.052975192904874,-1.9163132639719582
2021-11-11,144.831787109375,146.35973220816493,144.64568854947308,145.89940280376894,41000000,146.09763946533204,144.15325500488282,145.630277123551,144.1483089346444,48.14506503384365,-0.0337865448665986
2021-11-12,146.90821838378906,147.3097829126506,144.44978082602336,145.3802585513719,63804000,146.36018753051758,144.0859454345703,145.75198581500223,144.25654067774812,54.27267883591903,1.4336847703508404
2021-11-15,146.91802978515625,148.75940720761815,146.35973409824072,147.2804228094717,59222800,146.53960342407225,144.00611755371094,145.86303762168356,144.36091279960726,52.54077490172836,0.006678592576458975
2021-11-16,147.89744567871094,148.37738316750236,146.2715496426627,146.8592275903554,59256200,146.65991821289063,143.89912841796874,146.05679076997188,144.4996003634937,56.50426830834567,0.666641048063954
2021-11-17,150.33633422851562,151.81530374274254,147.88770029718108,147.89748945260723,88807000,146.87772521972656,143.8718228149414,146.46436633745225,144.72849188761222,53.36575755823187,1.649040345904873
2021-11-18,154.6262969970703,155.4098626732955,149.9053395784081,150.5517823821893,137827700,147.29927520751954,143.95065979003905,147.2416930669397,145.11664110759097,72.29931201793264,2.8535768086734192
2021-11-19,157.25123596191406,157.71158022509883,153.3138293695712,154.41081232255357,117305600,147.89070053100585,144.18175354003907,148.19498286646106,145.5925075724664,78.9027975025513,1.697601905899293
2021-11-22,157.71160888671875,162.29544415495414,157.69201563177705,158.35803684704905,117467900,148.50759201049806,144.41071044921875,149.1013282017237,146.06776644753512,78.27700325446389,0.2927626749567702
2021-11-23,158.09361267089844,158.47559898556352,155.79189068171382,157.809562751241,96041900,149.11032943725587,144.6752780151367,149.95773624640702,146.53936826021604,77.02889108685596,0.24221665537258463
2021-11-24,158.6127166748047,158.80860440364947,156.35997042990053,157.44716451205608,69463600,149.76200485229492,144.93242797851562,150.7820200967306,147.0128329039254,79.85082125539677,0.32835229402143895
2021-11-26,153.5880889892578,157.15329885394945,153.14733793761846,156.2913900038225,76959800,149.98053665161132,145.09378051757812,151.04926475316176,147.27068608374236,61.841483723239016,-3.1678592933053418
2021-11-29,156.94761657714844,157.8780943084946,155.52739720558188,156.09548196515397,88748200,150.50250244140625,145.37572326660157,151.6110125459224,147.650173554072,68.88973102696937,2.187362060430087
2021-11-30,161.90365600585938,162.11913695746247,156.6341917361946,156.7027606504653,174048100,151.3133460998535,145.81781524658203,152.59126430401162,148.20913365022054,73.65330281645369,3.157766608245871
2021-12-01,161.3845672607422,166.8009442517478,161.14949302605055,164.03887803890356,152052500,152.04640045166016,146.2399411010742,153.42872172846214,148.7258173212214,79.80196590282245,-0.3206158266731207
2021-12-02,160.39527893066406,160.82624080588923,154.55774519881157,155.47843376037946,136739200,152.65810623168946,146.59494506835938,154.09220336676708,149.18344326668975,77.18086430313875,-0.6130005779795389
2021-12-03,158.51470947265625,161.57061375769487,156.43827337720046,160.64992531679795,118023100,153.20170059204102,146.89316741943358,154.51339442447082,149.54937527476687,70.4097879874017,-1.1724593582462917
2021-12-06,161.92324829101562,164.43064668165096,160.9046083540242,160.91439750803002,107497000,153.88927612304687,147.2578012084961,155.21909479271318,150.0346251969727,73.5691215368288,2.150298120407146
2021-12-07,167.66287231445312,168.0546627502212,164.88122747424606,165.6060285714593,120405400,154.90497055053712,147.7675457763672,156.40421646145032,150.72592900550137,77.00742786778537,3.5446571656727155
2021-12-08,171.48272705078125,172.34465094582615,167.19271577624858,168.59334210569654,116998900,156.09353942871093,148.4213668823242,157.84026508900564,151.53992108570844,77.84358808888732,2.278294940077097
2021-12-09,170.97337341308594,173.11837862863902,170.3465238704593,171.3161880617465,108923700,157.39817123413087,149.0470050048828,159.09103731034662,152.30201725540954,73.90417463232997,-0.2970291215070753
2021-12-10,175.76287841796875,175.93918777019056,171.10068644247093,171.6100063046704,115402700,158.94472579956056,149.7944485473633,160.67883170154872,153.2220510264903,75.45780566368339,2.8013163156762166
2021-12-13,172.12916564941406,178.38787299583686,171.92347383588933,177.3986153833375,153237000,160.2057731628418,150.44672393798828,161.7693396965835,153.96350650189908,68.23583496770941,-2.067394890924368
2021-12-14,170.7481231689453,174.08806304841983,168.67168661995763,171.64921855709608,139380400,161.39727783203125,151.14003540039062,162.62446193204653,154.6217267633519,65.61133603848555,-0.8023291551192413
2021-12-15,175.6160125732422,175.81190028087914,168.76962734356553,171.5121000863054,131063300,162.7832061767578,151.89217071533204,163.86175246930327,155.44503208922995,68.94363055765601,2.8509182496140095
2021-12-16,168.72064208984375,177.41819331105674,167.24167279418768,175.5964093375668,150185800,163.70242156982422,152.48899017333986,164.3245038617357,155.96564424611677,66.18475479058637,-3.9263905280406353
2021-12-17,167.62367248535156,169.90580094866743,166.20346789014454,166.43852716670187,195432700,164.35229034423827,153.03863677978515,164.63871039731816,156.42282182412598,61.99911507156602,-0.6501691736735205
2021-12-20,166.26223754882812,167.0751857762259,164.0192955298341,164.822439656907,107499100,164.80284042358397,153.56868377685547,164.7933320307953,156.80868126431037,55.32935012093672,-0.8121972966809943
2021-12-21,169.43563842773438,169.6413152594918,165.64514384449987,168.03501238197,91185900,165.38904190063477,154.16395874023436,165.2354564495514,157.30385605503287,59.24421145063872,1.9086720626950937
2021-12-22,172.03118896484375,172.24666990143447,168.61289133008395,169.48460422982922,92135300,166.08592071533204,154.83657287597657,165.88266907005544,157.88139852208428,62.88503228139304,1.5318799286824225
2021-12-23,172.65805053710938,173.21634616947264,171.66880794684926,172.23689273327608,68356600,166.78818740844727,155.53346038818358,166.52794349548915,158.46087507169312,66.10891590185793,0.364388327510623
2021-12-27,176.6248321533203,176.71297937182496,173.4318194724349,173.4513977796986,74919600,167.94002456665038,156.25393737792967,167.4895519390921,159.17318711410988,66.53448001875371,2.2974785154071586
2021-12-28,175.606201171875,177.6042945644057,174.86182193569553,176.45833582983963,79144300,168.87295379638672,156.93291625976562,168.2625661517381,159.8176190379438,59.99503871110937,-0.5767201412319456
2021-12-29,175.6943359375,176.91865254996387,174.47980847763824,175.6453602839472,62348900,169.56248779296874,157.58020874023438,168.9703537503821,160.44023538694603,55.84870317002882,0.05018886863723537
2021-12-30,174.53858947753906,176.8599041529272,174.4308490078352,175.78249945588863,59773000,170.2201889038086,158.16115753173827,169.50066191487323,160.99311201794967,54.86373223223348,-0.6578165731945251
2021-12-31,173.92156982421875,175.5474513193314,173.61792667706044,174.43087489725414,64062300,170.89650344848633,158.7199850463867,169.92170076338232,161.50011036329357,47.16534634021669,-0.35351474717842946
2022-01-03,178.2703399658203,179.12247473962424,174.058701545752,174.17623119236956,104487900,171.88428497314453,159.3614859008789,170.7168092588526,162.15776642613775,59.250538757437795,2.5004202445946477
2022-01-04,176.00779724121094,179.1812320747434,175.43971239750775,178.8776038701533,99310400,172.5885124206543,159.9731872558594,171.22071287622006,162.70090488947397,57.717766773869684,-1.269163858128708
2022-01-05,171.3260040283203,176.46813489136744,171.05175824457976,175.9196433238863,94537600,172.77166900634765,160.4922317504883,171.23074060499152,163.03914407138953,43.67050136202976,-2.659991935740458
2022-01-06,168.46600341796875,171.69820298422886,168.11339955718992,169.15161788468467,96904000,172.62083282470704,160.9407745361328,170.96743230146555,163.25196208498087,49.573521534504685,-1.6693324674045384
2022-01-07,168.6325225830078,170.56204734848285,167.51594608963487,169.33773036253552,86709100,172.50379028320313,161.4018408203125,170.74505994732672,163.46296445745253,51.7440161223101,0.0988443731438915
2022-01-10,168.652099609375,168.95572780142643,164.7146923768041,165.60599864366586,106765600,172.14825134277345,161.7905337524414,170.54573039133132,163.66645995360636,54.332391000071915,0.011609282757163442
2022-01-11,171.48272705078125,171.58066343731596,167.3102603634751,168.77944066896987,76138300,172.1159294128418,162.29002227783204,170.63496816842178,163.97298023192695,53.75770402429884,1.6783825685908527
2022-01-12,171.9234619140625,173.53955411934612,171.22805833783443,172.50133585944042,74805200,172.17469635009766,162.814755859375,170.7576818584828,164.28476382730483,49.785265176216384,0.25701414414218693
2022-01-13,168.652099609375,172.9910714162829,168.26030924441002,172.16833406776786,84505800,171.8265007019043,163.2533282470703,170.55715021571064,164.45603189718994,42.77640631345621,-1.9028015538232523
2022-01-14,169.5140380859375,170.20944175765135,167.57470923898,167.81957263372232,80440800,171.86617050170898,163.6803857421875,170.45780620335128,164.6543850810624,35.56090000799395,0.5110748567962675
2022-01-18,166.31121826171875,168.99491146380436,165.92923196932753,167.98607548786666,90956700,171.80054779052733,164.0537536621094,170.06289306605294,164.71935893128423,32.66352166533285,-1.8894127355959967
2022-01-19,162.81454467773438,167.56489994287205,162.53050974989438,166.50708841129685,94815000,171.62816314697267,164.3466098022461,169.37257417192737,164.6446603331058,28.687222382696277,-2.102488106654221
2022-01-20,161.12985229492188,166.19362391453956,160.806630921933,163.5491030708596,91420500,171.21287384033204,164.62222717285155,168.587553040784,164.50682472376525,28.193680210868095,-1.0347308873092875
2022-01-21,159.0730438232422,162.91249968467412,158.965303342259,161.04173994454513,122848900,170.56496658325196,164.8494610595703,167.68140930578002,164.2937352766859,26.93243671853776,-1.2764912537219009
2022-01-24,158.2992706298828,158.96530678454897,151.52145417153005,156.73215398969816,162294600,169.84702758789064,165.11783172607423,166.78787228902792,164.05865823171325,15.097579915689593,-0.48642634525757344
2022-01-25,156.4970703125,159.41583739515477,153.79378418345803,155.71350456711474,115798400,168.84063949584962,165.35113739013673,165.80779591031097,163.76212537213627,15.34447776921921,-1.1384767031533016
2022-01-26,156.40890502929688,161.01233270214277,154.5773320803469,160.14061983418955,108275300,167.8807746887207,165.5411511230469,164.9126634454525,163.47376379006414,18.33679997978959,-0.05633669884494985
2022-01-27,155.94859313964844,160.4736636918006,155.02790442490624,159.112223875077,121954600,166.89348754882812,165.72176239013672,164.05894246394735,163.1786590586753,20.416691609694382,-0.29430030826071985
2022-01-28,166.83026123046875,166.84985447866055,159.4549800121827,162.30519234067697,179935700,166.5080711364746,166.10041870117186,164.32287758456843,163.32185914384368,47.17259988289484,6.977727642003173
2022-01-31,171.18882751464844,171.404308412274,166.02710501378616,166.6637585550507,115541600,166.3714340209961,166.51746856689454,164.9767775779094,163.63036770740464,53.50276707790421,2.6125753517573846
2022-02-01,171.0223388671875,171.2476089382928,168.7695933203212,170.43466091747592,86213900,166.00903396606446,166.84538940429687,165.5525453197454,163.92024892935692,49.3137998730034,-0.09725438854746304
2022-02-02,172.22708129882812,172.26626780396012,169.7686586589768,171.15948068570833,84914300,165.81999816894532,167.14490631103516,166.18821541299138,164.24600706149306,50.442462133442206,0.7044357126797296
2022-02-03,169.34750366210938,172.61888970067017,168.5835311300311,170.8950419808838,89418100,165.72107315063477,167.37762420654298,166.48910000814547,164.44606575171332,51.02511248930441,-1.6719656484931344
2022-02-04,169.06309509277344,170.74010088602927,167.3860892995176,168.3667905913057,82465400,165.750927734375,167.59701385498047,166.73424239715766,164.62712572587253,49.32373895266379,-0.16794376249171794
2022-02-07,168.3472137451172,170.59301347126842,167.65090913443373,169.52405248698778,77251200,165.73666229248047,167.7917037963867,166.88785871601095,164.77301153054879,53.299407283220695,-0.42344034176318157
2022-02-08,171.45602416992188,171.96599307785382,168.1216304972166,168.4158439042664,74829200,165.87685852050782,168.1490625,167.3229220925739,165.03509045758304,64.1821252452888,1.8466658019725468
2022-02-09,172.87802124023438,173.2408759269309,171.5246486789991,172.65246413479986,71285000,165.94662322998047,168.46767059326172,167.85197915425584,165.3426563706282,69.44842149933565,0.8293654756062807
2022-02-10,168.79830932617188,172.09346641687537,168.23931734555768,170.77933021680633,90865900,165.79036560058594,168.60556365966798,167.94210583729546,165.47817217280638,65.08901823546876,-2.3598788815342053
2022-02-11,165.38546752929688,169.73978371917386,164.79704076038374,169.00425774018962,98670700,165.62703399658204,168.68558166503905,167.69861647462892,165.47453669659032,60.1622276675462,-2.02184595953524
2022-02-14,165.620849609375,166.3073375649639,163.34561528306318,164.1399809862671,86185500,165.4323745727539,168.79009307861327,167.5007339160333,165.480274457876,63.6999634323044,0.1423233150980696
2022-02-15,169.45538330078125,169.6122991115677,166.96440840288716,167.67051458711066,62527400,165.58958282470704,169.00890655517577,167.68689100029502,165.6361610791664,67.60899687615333,2.315248171018447
2022-02-16,169.22003173828125,169.99477926994211,166.76827820676257,168.5335437423192,61177400,165.90985717773438,169.1548422241211,167.83290440391275,165.77670502658268,68.0220701498902,-0.13888703794217028
2022-02-17,165.620849609375,168.59237351767158,165.21875846241755,167.7293515367512,69589300,166.13440704345703,169.11400177001954,167.62223251871868,165.77059304943728,47.95275053622128,-2.126924390649454
2022-02-18,164.07131958007812,167.24878200376986,162.98274061084325,166.5426908818598,82772700,166.38432083129882,168.96577362060546,167.28405033408623,165.7039548741683,36.68551529250575,-0.9355887455906209
2022-02-22,161.14883422851562,163.47309136847835,159.0206993785114,161.79608567118115,91162800,166.52679901123048,168.76928283691407,166.6997440383176,165.52532269198585,33.25641259188569,-1.781228650468758
2022-02-23,156.98085021972656,162.94350042130728,156.66701864895236,162.34527208329274,90009200,166.5509880065918,168.39364227294922,165.7741351032137,165.19024534013255,26.50643713046516,-2.5864189640234625
2022-02-24,159.59933471679688,159.70721245821238,149.06659738297807,149.63540593186767,141147500,166.71050949096679,168.14304565429688,165.1860588759359,164.970993943139,34.8567825617006,1.668027975007913
2022-02-25,161.6686248779297,161.9334034703252,157.76542269815738,160.6781069290293,91974200,166.99651107788085,167.96145568847658,164.85106516184007,164.84148927391513,39.11664542116843,1.2965531246133866
2022-02-28,161.9334259033203,162.22763934438854,159.29533649012686,159.91318321993836,95056600,166.75166931152344,167.68780395507812,164.57319475626676,164.7274475731075,40.43300412601648,0.16379246473492426
2022-03-01,160.05043029785156,163.38482330332894,158.84417203107242,161.52148207442062,83474400,166.1947494506836,167.51439971923827,164.14245528403674,164.5440351309406,32.34131380887965,-1.1628208289701458
2022-03-02,163.3456268310547,164.1301909633288,159.80529409089044,161.2175065361206,79724800,165.81091384887696,167.42883880615236,164.0665668599432,164.49703872702352,36.05060514402566,2.0588489059796933
2022-03-03,163.02198791503906,165.6502754224143,162.35511815252505,165.21876441640376,76678400,165.3506591796875,167.36403381347657,163.96708315090473,164.43919359714178,40.50312559424925,-0.19813136249454688
2022-03-04,160.0210418701172,162.35511593567728,158.97169917829748,161.31557487047283,83737200,164.88433609008788,167.17574188232422,163.59126969559162,164.2659327451016,41.05923145040327,-1.840822875062631
2022-03-07,156.22573852539062,161.83535182075346,155.97074658012755,160.2073838791356,96418800,164.24246826171876,166.85963287353516,162.88979053652486,163.9506310109953,36.002400687469596,-2.3717526772554454
2022-03-08,154.40164184570312,159.73666023729874,152.79329203332358,155.75501466301262,131148300,163.54518966674806,166.49450469970702,162.08139542311326,163.5761608476505,26.142500486067505,-1.1676031727582692
2022-03-09,159.80526733398438,160.25639649791017,156.33359145766846,158.36363528455044,91454900,162.96265182495117,166.1581134033203,161.8646213193867,163.428282670644,37.179479720502904,3.4997202255667714
2022-03-10,155.46080017089844,157.29470711890718,152.96981007380143,157.10837144656722,105342000,162.09179077148437,165.7552053833008,161.25473359095926,163.11583237653633,36.43983194612174,-2.7186007292276715
2022-03-11,151.743896484375,156.20609005481433,151.51833939243923,155.8628386400447,96970100,161.23907012939452,165.2761965942383,160.34893958080838,162.6698741062555,34.44694028891047,-2.3908944778602947
2022-03-14,147.71324157714844,151.14569651195163,147.20328761828517,148.52722554311967,108732100,160.3554588317871,164.73968963623048,159.145539770936,162.0833394972709,33.50991130150186,-2.6562220956554916
2022-03-15,152.09693908691406,152.56768641731915,147.4778450101939,147.98779883833126,92964300,159.67926330566405,164.30319702148438,158.47424446769583,161.69171595176672,44.037335765553095,2.967707879781445
2022-03-16,156.51010131835938,156.9121924028267,151.47911432517645,154.01912684826212,102300200,159.03199920654296,163.86799224853516,158.28718321537806,161.48851537790762,46.386758348134485,2.901545723364918
2022-03-17,157.52020263671875,157.89287383559343,154.5879159855024,155.54899885362505,75615400,158.44700775146484,163.4982403564453,158.21413744598195,161.33289527041,45.02463061399203,0.6453904954701439
2022-03-18,160.8153839111328,161.30573452736996,156.67682351294607,157.41234943730183,123511700,158.20673446655275,163.28802795410155,158.46187520456775,161.3126007073011,48.74995223095107,2.0919102561171687
2022-03-21,162.18838500976562,163.13966646337798,159.8641127641069,160.3544634117704,95811400,158.11258773803712,163.1624755859375,158.81678090030087,161.3469451897507,52.4179550588556,0.8537747230647597
2022-03-22,165.56199645996094,166.1504082464849,161.72745088254396,162.31586266906788,81532000,158.33324584960937,163.10106506347657,159.45918238217325,161.51224131799424,52.50220156252369,2.0800573666185596
2022-03-23,166.92514038085938,169.30823686478777,164.41453300137204,164.74798274738075,98062700,158.83046035766603,163.06652587890625,160.17022600109573,161.72451186947916,54.30546396378655,0.8233434906833148
2022-03-24,170.71066284179688,170.77930414345957,166.92515566056534,167.7587426911126,90131400,159.38602676391602,163.05108459472658,161.17407712878156,162.07690994682497,61.59081305362261,2.2677964818842655
2022-03-25,171.34815979003906,171.89735021175125,169.4161767223122,170.52437415747076,80546200,159.8700035095215,163.0395785522461,162.14303738223467,162.44048837204906,67.60276894735028,0.37343709972761374
2022-03-28,172.21116638183594,172.33864738407132,168.68063546771575,168.84735290472764,90371900,160.38389053344727,163.1107598876953,163.10190681076813,162.82365221557012,71.20505826297168,0.5036567610964493
2022-03-29,175.50633239746094,175.55535549692144,172.936884505865,173.28013598798506,100589400,161.15668563842775,163.2306057739258,164.28328067616744,163.3210122227031,69.68286219385435,1.9134450366120825
2022-03-30,174.33929443359375,176.1437814426428,173.2899367384836,175.10424033882794,92633200,161.70636901855468,163.39116729736327,165.2409962721128,163.7531017211694,75.7146331071321,-0.664954903863102
2022-03-31,171.240234375,174.59423062931046,171.03428054201655,174.4078950100189,103049300,162.11728134155274,163.5596810913086,165.8123522819116,164.04671476641767,77.01083721181946,-1.7776027307338849
2022-04-01,170.94607543945312,171.5050824752612,168.6218176816175,170.6714802176125,78751300,162.66353302001954,163.75600555419922,166.30127829691554,164.31727793006613,85.90483745529544,-0.1717814371257509
2022-04-04,174.99636840820312,175.04540647336353,171.07356262443463,171.20105860098838,76468400,163.60206451416016,164.07447204589843,167.12938211703818,164.73606579195385,85.75807294781552,2.36933954660139
2022-04-05,171.6815643310547,174.85904187741096,171.05391610805626,174.0744778575844,73401800,164.46606063842773,164.34211791992186,167.56292328027786,165.0084382836833,74.53215605210423,-1.8942130669913126
2022-04-06,168.513916015625,170.27918145157616,166.846726701127,169.03368653783352,89058800,164.90149307250977,164.58245483398437,167.6534940169776,165.14590799866141,66.61729417853621,-1.8450719084324607
2022-04-07,168.81793212890625,170.01438898962488,166.57213259059588,167.85684898260146,77594700,165.56934967041016,164.83063537597656,167.7643928847803,165.28990894494552,63.29858584219348,0.18041009340323821
2022-04-08,166.80746459960938,168.46485203266047,165.93464112451483,168.46485203266047,76575500,166.32252807617186,165.0478128051758,167.67325685762117,165.34942093140293,57.51670373088891,-1.1909087523721773
2022-04-11,162.55123901367188,165.76793805160875,162.306063690876,165.4541214198734,72246700,167.06442794799804,164.96223236083983,167.1854456343879,165.2396883071782,45.23735617063286,-2.55157980858578
2022-04-12,164.42440795898438,166.5917497737201,163.4240882944744,164.7774610779693,79265200,167.68080139160156,164.82694396972656,166.92248966530184,165.20771652881766,46.10696996042549,1.1523559935184169
2022-04-13,167.11151123046875,167.73915952284898,163.55157535283024,164.1596054273598,70618900,168.21087188720702,164.74872741699218,166.94049171912727,165.28237514456868,44.19859471967196,1.6342484092475296
2022-04-14,162.10011291503906,167.9647175220397,161.85493758758528,167.32725269207126,75329400,168.43986740112305,164.5461880493164,166.47950326159506,165.15758054733223,36.9354082167591,-2.9988348968481904
2022-04-18,161.88436889648438,163.38484067093813,160.41331696354428,160.75655343597518,69023900,168.49331665039062,164.3969253540039,166.0418714172988,165.0292193061225,35.139712963625755,-0.13309307111202262
2022-04-19,164.16940307617188,164.5813108194766,160.74676487778993,161.83534399523174,67723800,168.59236755371094,164.29905151367188,165.86354109909624,164.99550102259505,33.197659087814955,1.4115224312661434
2022-04-20,164.00267028808594,165.62083637298807,162.89448802131358,165.50314204406817,67929800,168.5144012451172,164.21216064453125,165.68631530757145,164.95656648398685,34.21207554662887,-0.10156142677121283
2022-04-21,163.20831298828125,168.21969736612456,162.70816069883412,165.65026467883652,87227800,168.32855987548828,164.04720642089845,165.45031508668666,164.88800752337096,36.80312645411806,-0.48435632078998037
2022-04-22,158.6676788330078,164.6303453628702,158.38328200071132,163.2475677102336,84882400,167.72641067504884,163.7629995727539,164.80434972919343,164.64407306492535,32.29637165349618,-2.782109607124894
2022-04-25,159.7366485595703,160.02104538080667,155.40195017437114,158.01060452122857,96046400,167.14583511352538,163.58176635742188,164.32171152256265,164.4516250451075,25.928234891435736,0.673716118131118
2022-04-26,153.77395629882812,159.20703454434567,153.69549840448505,159.11877502482716,95623200,166.223974609375,163.3495361328125,163.3171634060165,164.03289293741028,23.929205018169256,-3.732826696009295
2022-04-27,153.54843139648438,156.70627626102967,152.38139429047249,152.90116485569044,88063200,165.12607955932617,163.1080877685547,162.38680797653726,163.62173758286417,26.17118067062333,-0.14666001172882748
2022-04-28,160.48196411132812,161.3449860653006,155.862854289535,156.17668589618484,130216800,164.4332130432129,162.92861938476562,162.20539427508876,163.4986092114314,39.04073040131791,4.515534709006808
2022-04-29,154.60760498046875,162.99260685541935,154.21533031674207,158.71674717779416,131747600,163.60158157348633,162.63637084960936,161.48179529464878,163.14994237884463,35.44012336551258,-3.6604481777056663
2022-05-02,154.9115753173828,155.17635387935172,150.31208408187865,153.68569876055605,123055300,162.79985656738282,162.42218536376953,160.8560600587187,162.8268691607481,39.93276890527686,0.19660762286075606
2022-05-03,156.40225219726562,157.60852567132414,153.30324720330452,155.09791756360522,88966500,161.87015075683593,162.26880401611328,160.43188788143746,162.57492339747427,39.321086456666045,0.9622759802349945
2022-05-04,162.8160400390625,163.26715427373458,156.18648942865437,156.58858056796436,108256500,161.42687454223633,162.30214813232422,160.65894999168748,162.58437895204636,44.79808648937916,4.1008283139729595
2022-05-05,153.74453735351562,160.91346101284063,151.9596539165304,160.68790391798768,130525300,160.68840560913085,162.237421875,160.00043450233778,162.23771849720202,40.787174513231456,-5.571627146422708
2022-05-06,154.47132873535156,156.59275954886184,151.42668182783396,153.22400390708842,116124600,159.97107543945313,162.1348617553711,159.47385300072006,161.93315419281575,41.91749681488607,0.472726637542098
2022-05-09,149.34454345703125,153.047223819661,148.78473018495143,152.163286830581,131577900,159.09792938232422,161.88838012695314,158.50915685370208,161.4394831835693,34.779504101986944,-3.31892353117762
2022-05-10,151.7508087158203,153.94099694086412,150.19902200842762,152.74278207802044,115366700,158.55790786743165,161.68472778320313,157.8655046500943,161.0595351652262,37.97418758840328,1.611217392406017
2022-05-11,143.88385009765625,152.67402087769284,143.20616949802272,150.7588463480562,142689800,157.53087997436523,161.36139617919923,156.53391850224304,160.3859788880666,33.344555780472106,-5.184129616664057
2022-05-12,140.0142059326172,143.58920335731457,136.32135622581737,140.22046241259886,182602000,156.17601470947267,160.89476776123047,154.96061254323106,159.58708583099016,33.73474226502357,-2.6894221710168864
2022-05-13,144.4829559326172,145.45528221531998,140.55438668965164,142.00795311338425,113990900,155.29515686035157,160.52398712158202,153.96274048507738,158.99476701144613,37.443710186402626,3.191640426936826
2022-05-16,142.9409942626953,144.88564694988057,141.60528003698874,142.9508252776519,86643800,154.3479881286621,160.18238616943358,152.91305036866004,158.36520729580886,40.38275588245096,-1.0672273833053358
2022-05-17,146.5749053955078,147.0954395557584,144.06060880808,146.2016865687997,78336300,153.4682632446289,159.98936950683594,152.3094175140741,157.9028425154049,44.16235160853803,2.542245596902837
2022-05-18,138.3052978515625,144.72850245560213,137.40171366939953,144.22761523431257,109742900,152.18339462280272,159.66744262695312,150.97569183193016,157.13431135211695,31.841745307417327,-5.641898605788731
2022-05-19,134.89723205566406,139.13026237954173,134.160625433561,137.38205052865445,136095600,150.76784057617186,159.16928192138673,149.44440994847625,156.26226902676586,33.181896418608545,-2.4641614231988296
2022-05-20,135.13294982910156,138.18741285426975,130.24188557508393,136.60616321771064,137426100,149.59110412597656,158.76272491455077,148.08141374663103,155.43366827391628,33.10397956124457,0.17473877695297624
2022-05-23,140.55438232421875,140.7016976717336,135.19187888015,135.32937819993117,117726300,148.631990814209,158.53893463134764,147.3645536111632,154.85016686412422,37.31382479743277,4.011924924286414
2022-05-24,137.85348510742188,139.43473470985077,134.87759532556828,138.29544611720485,104132700,147.83596725463866,158.34173950195313,146.45873756318784,154.1836303246457,28.754654390711167,-1.9216029924749578
2022-05-25,138.01063537597656,139.25794526331134,135.86955744381711,135.95794665102005,92482700,147.05907745361327,158.06001342773436,145.65415640250106,153.54939522861946,34.213668014220815,0.1139980381578587
2022-05-26,141.21240234375,141.76239957025606,134.69097882633443,134.93651437290322,90601500,146.09559936523436,157.75405944824217,145.23113220642952,153.06559158607556,37.32632229296725,2.3199421979697377
2022-05-27,146.9677734375,147.00705253559786,142.66598536012808,142.79366865497497,90978500,145.71360778808594,157.5430108642578,145.39652660938862,152.826461462602,47.75511686466942,4.0756838622006075
2022-05-31,146.18206787109375,147.969574191578,144.21778311608426,146.40797140805827,103718400,145.2771324157715,157.25034454345703,145.47134006288434,152.56589700803306,44.57416906449899,-0.5346107844114378
2022-06-01,146.05435180664062,149.0302410387393,145.04273170111645,147.22308826530934,74286600,144.75973739624024,156.92766387939454,145.52686499086113,152.31054229425297,52.49038134281636,-0.08736780530820276
2022-06-02,148.50973510742188,148.5686612441736,144.23741035730646,145.19008953159607,72348100,144.0444221496582,156.58661865234376,145.810947859105,152.16149103202432,60.07452167269887,1.6811435403389474
2022-06-03,142.78384399414062,145.327588805216,141.88027492949882,144.27668941243508,88570300,143.49638748168945,156.10379272460938,145.5226522529179,151.79374016779357,48.043425471717676,-3.8555661749309134
2022-06-06,143.53025817871094,145.91687147884687,142.31239647541148,144.40436412307008,71598400,142.94933395385743,155.56018463134765,145.33290043632678,151.46968205057465,50.691218174932004,0.5227581522465163
2022-06-07,146.05435180664062,146.3391664090359,141.5266763270165,141.77221184112562,67808200,142.7848243713379,155.0543084716797,145.40161009064238,151.25731615865567,49.3730568253281,1.758579452136777
2022-06-08,145.31777954101562,147.1936599216941,144.8267083969664,145.92670296402,53950200,142.46317291259766,154.5164407348633,145.39362622877317,151.02439315404234,60.317881544065344,-0.5043138095605193
2022-06-09,140.09275817871094,145.30793069054988,139.98472194082933,144.45347180040457,69473000,142.27361831665038,153.80816925048828,144.88878165257677,150.5957015863823,57.25649707689082,-3.595582989781332
2022-06-10,134.68116760253906,138.2463336751748,134.61241045362357,137.7749096051149,91437900,142.0069664001465,153.0150067138672,143.91662793352555,149.97160221446688,49.44870999479395,-3.862862468071704
2022-06-13,129.52491760253906,132.78562190034356,129.09277263849617,130.49722878533498,122207100,141.2590644836426,152.18070037841798,142.54598885438398,149.16977144537168,36.453558694117866,-3.828486262620423
2022-06-14,130.3892059326172,131.49903152365633,129.1320649915738,130.7526087731312,84784300,140.63147506713867,151.36956298828125,141.3882000046919,148.4332786801656,40.39920002983205,0.6672757227534243
2022-06-15,133.01150512695312,134.88740024350506,129.79991106375064,131.8918636674431,91533000,139.95330505371095,150.52986572265624,140.59041954014535,147.8285032467063,43.95340089939616,2.0111321144873795
2022-06-16,127.73741912841795,130.02581237807436,126.73562983340108,129.72135067721177,108123900,139.4249111175537,149.65098281860352,139.36632426283796,147.04061759500874,34.479646041028644,-3.9651351915019006
2022-06-17,129.21063232421875,130.70349274398822,127.4918833825682,127.74724995941776,134520300,139.14058113098145,148.8649171447754,138.399115506779,146.34140248635032,27.30921212466275,1.1533137320707265
2022-06-21,133.4436492919922,134.61240084976376,130.93919879539584,131.0374040187389,81000500,139.05611610412598,148.1574314880371,137.92716634346596,145.8356082434343,35.04031896783442,3.2760593239353764
2022-06-22,132.93295288085938,135.29990419534238,131.51866571381353,132.38294065988546,73409200,138.675044631958,147.4799412536621,137.45152696607485,145.32962175862744,34.72793248723339,-0.3827056692786823
2022-06-23,135.80078125,136.11505890340575,133.20792691763643,134.37667831880032,72433800,138.57240943908693,146.94493209838868,137.29431308835345,144.95594173868128,35.348646327600946,2.1573494810657623
2022-06-24,139.13026428222656,139.37579982628543,137.27401616859356,137.40168446081998,89116800,138.6283908843994,146.4390492248535,137.46916558300802,144.72748379921248,45.541680569375515,2.451740705450889
2022-06-27,139.13026428222656,140.92758626309347,138.45258378281605,140.1516855515393,70207900,138.52428398132324,145.87942428588866,137.62736545912406,144.5079849946248,44.5312396284191,0.0
2022-06-28,134.9856414794922,140.85884829692233,134.86778919791303,139.59189131103963,67083400,137.92517738342286,145.33713485717774,137.3757726991591,144.13455975873725,36.77540842422595,-2.97895129008523
2022-06-29,136.74363708496094,138.15792407261875,134.2293557674798,135.00525640007206,66242400,137.4532558441162,144.83432022094726,137.31556930733072,143.8447196538833,39.99992525504049,1.302357484989125
2022-06-30,134.2784423828125,135.8989705307271,131.3811267617823,134.7989763932964,98964500,136.8644603729248,144.23650100708008,137.02631912404328,143.469571525606,42.75213928175522,-1.8027856759556427
2022-07-01,136.44900512695312,136.55704136561366,133.23741100607202,133.6106148417446,71051600,136.26142387390138,143.6854277038574,136.97133683860613,143.19425519624707,52.39742298291341,1.6164640471123315
2022-07-05,139.0320281982422,139.08113829870763,134.48470564577644,135.30971636921956,73353800,136.07383308410644,143.20190200805663,137.16759315857146,143.03103060809002,63.86025271806954,1.8930318098587806
2022-07-06,140.36776733398438,141.54633502633234,138.56062920663072,138.82581180795694,74064300,135.91570854187012,142.83590377807616,137.47237165146794,142.92658891106626,64.3503076531463,0.9607420340855599
2022-07-07,143.7365264892578,143.93295194501383,140.72134254203155,140.73115856961377,66253700,135.79981727600097,142.5159013366699,138.06895782649553,142.95835116903456,65.09961503097796,2.3999520824876885
2022-07-08,144.4141845703125,144.9150866907465,142.41062104747897,142.66597262808202,64547800,135.75463752746583,142.3287059020996,138.67326513543048,143.01544267496703,76.96952737561436,0.47145850648153687
2022-07-11,142.28294372558594,144.02133971358117,141.2124122640522,143.06866052706354,63141600,135.86414680480956,142.10339614868164,139.01704404877862,142.9867172259717,70.6998757582684,-1.4757835949895215
2022-07-12,143.2552490234375,145.7989934962315,142.45971631070495,143.15702881773996,77588800,136.2928508758545,141.75886184692382,139.42068261779374,142.99724788469584,67.32573172118369,0.6833604031462936
2022-07-13,142.89186096191406,143.83470899507392,139.58203186092555,140.4365056872071,71185600,136.96119804382323,141.52454696655275,139.75127103151948,142.9931150641946,67.67782319116145,-0.25366474457350074
2022-07-14,145.81866455078125,146.29008864591398,140.69188068401962,141.50706056941064,78140700,137.73267097473143,141.3426887512207,140.32911803335392,143.10392092641368,67.74535507900555,2.0482647291207856
2022-07-15,147.48828125,148.1659617146879,145.55346006304742,147.1052464203459,76259900,138.45650978088378,141.1644093322754,141.01094310160593,143.27585662537786,65.73012637492971,1.14499519273632
2022-07-18,144.44366455078125,148.86330457327466,144.08026173602485,148.0481247263253,81420900,139.29182205200195,140.79696182250976,141.33786895390836,143.32165301460935,58.97184457964744,-2.064310922477952
2022-07-19,148.30345153808594,148.52934001645056,144.2864940964481,145.27845218517842,82982400,140.2464630126953,140.68814010620116,142.00125777144908,143.51701766258884,72.70595446092882,2.672174649756087
2022-07-20,150.3070526123047,150.9749171763546,147.6847344414976,148.42134117440867,64823400,141.08963317871093,140.60485458374023,142.79228585153055,143.78329354296986,72.93263847681948,1.3510144595010987
2022-07-21,152.57583618164062,152.79190872036585,149.22672681770464,151.74100910144742,65086600,142.07177734375,140.66948043823243,143.72405254963627,144.12809913664321,81.14356179013058,1.5094325448506751
2022-07-22,151.33828735351562,153.48918116011728,150.67043785379852,152.61507520531072,66675400,142.8486526489258,140.66123001098632,144.44921776905335,144.41085161573625,76.17401418001407,-0.8111040772221023
2022-07-25,150.21865844726562,152.27133221190695,149.56062491925485,151.2597268643066,53623900,143.40307235717773,140.7879261779785,144.99868830983547,144.63860874638448,70.73174042362342,-0.7398186710244836
2022-07-26,148.89279174804688,150.35617431230574,148.1070748417966,149.54099433337262,55138700,143.89119873046874,140.9654978942871,145.36955530395085,144.80543945233202,65.80487473691358,-0.8826245107788622
2022-07-27,153.99005126953125,154.52041638898598,149.44274359614147,149.85524147444016,78620700,144.8414192199707,141.1556398010254,146.1905549197204,145.16562030790845,67.86446323000447,3.4234427749261664
2022-07-28,154.54005432128906,154.82486891584517,151.65255435703267,154.17665157972678,81378700,145.73124008178712,141.38762100219728,146.9857453389174,145.5332451711783,67.72087911031498,0.35716791261737324
2022-07-29,159.60792541503906,160.70793488273625,156.65168275313596,158.3606155964203,101786900,146.99771423339843,141.64828140258788,148.18785772711948,146.0851934160356,77.49379131054684,3.2793252959610664
2022-08-01,158.6258087158203,160.66866664290342,158.01688524229766,158.13473753103025,67829400,148.1065544128418,142.05469161987304,149.18194829747193,146.57698225132128,74.38463784155923,-0.6153307842733269
2022-08-02,157.152587890625,159.50973846034333,156.7793839981374,157.24099208938756,59907000,149.01258239746093,142.49979873657227,149.94105683015317,146.99171188423514,71.85436518607723,-0.9287396780650048
2022-08-03,163.16329956054688,163.61507661089456,157.87936937014717,157.96775857743674,82507500,150.15235900878906,143.06040573120117,151.2003180425716,147.62589179311013,74.28497324311252,3.824761494926965
2022-08-04,162.8489990234375,164.20436008201335,161.49363796486168,163.0454244700845,55474100,151.10798263549805,143.50629806518555,152.3097162312255,148.22287639037788,72.35566353247376,-0.19262943195920146
2022-08-05,162.62283325195312,163.11458658503176,160.31158658363523,160.5181295866614,56697000,152.01841506958007,144.00168502807617,153.2919178522472,148.7875805810279,78.82209212308882,-0.1388806641985152
2022-08-08,162.1507110595703,165.04222255656555,161.49176350864772,163.62597080235415,60276900,153.0118034362793,144.48448654174805,154.13561244342083,149.31162491351975,74.59618622431003,-0.29031728382898914
2022-08-09,162.1998748779297,163.0850396486981,160.5574209787257,161.31472511427808,63135500,153.95903472900392,144.90423599243164,154.90363743718356,149.81704648075151,72.7007630919788,0.030319829027036782
2022-08-10,166.4486541748047,166.54699582568117,164.14723743893427,164.91437134851807,70170500,155.13687438964843,145.29385360717774,156.00316284076652,150.46926639032222,74.61923105876593,2.619471377565863
2022-08-11,165.71102905273438,168.16979550252623,165.41597407733548,167.25512657950156,57149200,156.1314926147461,145.68443283081055,156.9277215276206,151.0669825731619,75.96716763209751,-0.4431547528739199
2022-08-12,169.261474609375,169.33031226065586,166.60599505436244,167.0190809905204,68039400,157.22015228271485,146.14857528686522,158.10236467826388,151.78049206477812,81.6266464741075,2.1425523557099924
2022-08-15,170.33351135253906,170.5302096721514,168.5238628007137,168.69105712274018,54091700,158.51464462280273,146.5850508117676,159.26723579009962,152.50806144861187,85.91191130098667,0.6333613396894533
2022-08-16,170.17611694335938,170.84490912166515,168.82871793209483,169.93024033504878,56377100,159.6082778930664,147.13289627075196,160.30617685231482,153.20092636997452,82.48654012237922,-0.09240366615465012
2022-08-17,171.6710662841797,173.24466771389544,169.72372757411412,169.92042587693876,79542000,160.67647857666014,147.69571243286134,161.38854727439718,153.9252455822963,83.12657341914529,0.878471884111609
2022-08-18,171.2776641845703,172.01529411647135,170.26465361199578,170.88426755707084,62290100,161.61156997680663,148.20017868041992,162.33036793250892,154.60573258630706,77.54579271753882,-0.22916039850194858
2022-08-19,168.69100952148438,170.8743947694491,168.48446658954583,170.17609867368276,70346300,162.47920608520508,148.6676432800293,162.93614332193516,155.15809638768656,72.08542843118938,-1.5102113141258977
2022-08-22,164.80618286132812,167.05840602639253,164.38326728455968,166.89121173091766,69026800,163.2085823059082,149.16191177368165,163.11424232568686,155.53645271998622,65.18656133471075,-2.302924543030538
2022-08-23,164.4718017578125,165.92740230652828,163.90136613852434,164.32428177313432,54147100,163.98753280639647,149.75772445678712,163.24353370017502,155.88685856460685,53.3513103696235,-0.20289354301530338
2022-08-24,164.76683044433594,165.33726597260625,163.50794341888323,164.56030249873976,53841500,164.52637176513673,150.46256271362304,163.3886095805713,156.2350927559688,54.9167662248552,0.17937949446062973
2022-08-25,167.22561645507812,167.3338027751895,165.57333266477946,165.99623327523008,51218200,165.16064987182617,151.19929092407227,163.75403880671482,156.66609368534563,60.588122971166705,1.4922821566157651
2022-08-26,160.9213104248047,168.228770692368,160.86230244265508,167.75669182805456,78961000,165.22631912231446,151.7574870300293,163.4842551512948,156.8329649300303,47.7702218763457,-3.7699403739181125
2022-08-29,158.71827697753906,160.21319598841637,157.18400930436007,158.49205968709833,73314000,165.2309425354004,152.37710418701172,163.03035246807997,156.90689873581496,44.14299341115637,-1.3690128681216884
2022-08-30,156.28900146484375,159.87879372642644,155.11862647886383,159.4558931891013,77906200,165.18776321411133,152.91867156982423,162.38831903920033,156.8826674702867,31.794137028702366,-1.5305581429913673
2022-08-31,154.6269073486328,157.93149009277647,154.54822502054373,157.66593911136576,87991100,164.7609436035156,153.34233673095704,161.64913697343198,156.79420628904538,30.774499637673685,-1.0634747810995604
2022-09-01,155.3546905517578,155.8070951296429,152.11894582091065,154.05645479166745,74229900,164.38622817993163,153.790771484375,161.0496658856535,156.7377546915047,23.260248973855695,0.47067047747653135
2022-09-02,153.24014282226562,157.71510032446895,152.41400097767612,157.11516076913463,76957800,163.91709365844727,154.1395587158203,160.30590178437845,156.60059344173064,18.39999277863062,-1.361109678750061
2022-09-06,151.98123168945312,154.49900548839526,151.1550899755094,153.8892363672152,73714800,163.40861968994142,154.39657806396485,159.51307606105223,156.41944200046487,17.679944663268827,-0.8215282951495539
2022-09-07,153.3876953125,154.08597659166026,151.0764488090942,152.2664983933652,87449600,162.96801071166993,154.68172668457032,158.92970646595202,156.30054997348586,17.420348065454107,0.9254192819813101
2022-09-08,151.9124298095703,153.7810862700933,150.1617743268103,152.0894537868935,84923800,162.2411994934082,155.02026245117187,158.26139440343948,156.1284668298029,16.773623317108317,-0.9617886884108251
2022-09-09,154.77438354492188,155.21697339109355,152.19760180929663,152.90572755463288,68028800,161.6943672180176,155.3808773803711,157.92929813119972,156.07536552451344,26.345670046943496,1.88394968004868
2022-09-12,160.7344207763672,161.5507327725536,156.67255012973044,156.95776034183675,104956000,161.26801452636718,155.9099969482422,158.19645266883472,156.25807357360574,43.535216447311356,3.850790482854971
2022-09-13,151.3026580810547,157.89214957569482,150.84040875911936,157.2627059256093,122656600,160.31647186279298,156.2070700073242,157.53990080333188,156.06374355429003,33.77754687211589,-5.867917182739024
2022-09-14,152.74839782714844,154.5088829319825,151.0764397160354,152.23697022602627,87965400,159.44508590698243,156.48139739990233,157.0835671865525,155.9337299963629,35.60320529927215,0.9555283194821573
2022-09-15,149.85687255859375,152.67954626691656,148.88321078041434,152.09926605765543,90481100,158.35437622070313,156.67117950439453,156.39531055531833,155.69542186154843,29.407597428206515,-1.8929987546100202
2022-09-16,148.21441650390625,148.85370468985187,145.92284471335466,148.71601438946803,162278800,157.20121383666992,156.7607373046875,155.61617778851718,155.4020491024252,33.06237493954181,-1.0960165033774505
2022-09-19,151.93209838867188,152.01078071909163,146.6408429802446,146.84737096636638,81474200,156.3632682800293,156.9110955810547,155.26531308377,155.26597260384665,41.30545536299034,2.5083132750906456
2022-09-20,154.31216430664062,155.4727097837978,150.5551772691551,150.86989154639073,107689800,155.83856735229492,157.15167999267578,155.17453700975767,155.2285683568974,47.46405151995615,1.566532643997376
2022-09-21,151.18458557128906,156.12179126652225,151.0665696207393,154.74487347927777,101696800,155.17420654296876,157.31026672363282,154.79454163466542,155.06998079667747,45.74410124992831,-2.026786902642752
2022-09-22,150.2207794189453,151.9222413623521,148.42096082844884,149.8667164993867,86652500,154.44690399169923,157.45684509277345,154.35894523316827,154.8798160367664,43.689541086178565,-0.6375029231331819
2022-09-23,147.9488983154297,148.97175363651883,146.1097456802274,148.69637297479187,96029900,153.4830680847168,157.4994497680664,153.74846457433603,154.60801534181203,43.5212099675245,-1.5123614138491837
2022-09-26,148.2832489013672,151.2337677983502,147.17188198122673,147.1915563091989,93339400,152.8511650085449,157.51534912109375,153.2279678435771,154.359985285324,45.367163446410906,0.22599058846970443
2022-09-27,149.2569122314453,152.16809751273013,147.47676821114496,150.2207592205518,84442700,152.37809677124022,157.61161407470703,152.8497720709931,154.1598647734072,44.768216016063604,0.6566239526662798
2022-09-28,147.3686065673828,148.1554147485666,142.45107419388137,145.20489532446575,146691400,151.93207702636718,157.59291717529297,152.3277563087445,153.89354092219057,44.30467386098832,-1.2651378323667806
2022-09-29,140.12997436523438,144.30004650786495,138.35966001189522,143.6902774000374,128138200,151.20723037719728,157.38937561035155,151.16606279031498,153.35379321407464,33.459181541986965,-4.9119228109405055
2022-09-30,135.92056274414062,140.73975244416383,135.7238644926756,138.9497638394686,124925300,150.23552398681642,157.05627014160157,149.71411040496506,152.6701371172145,20.818802857465855,-3.0039337694605983
2022-10-03,140.10049438476562,140.71027860420344,135.41900896557823,135.93043653465315,114311700,149.57854156494142,156.83151428222655,148.79852792685082,152.1772099512361,34.96960323904544,3.0752754081024403
2022-10-04,143.69032287597656,143.80833886784444,141.8806592936553,142.63796359142103,87830100,149.16399612426758,156.7009475708008,148.31203220771994,151.84439085024553,38.50764079364514,2.5623239282453802
2022-10-05,143.9853515625,144.94919877755754,140.65126498965273,141.6937945288243,79471000,148.6938789367676,156.60279876708984,147.89996738436565,151.53619323111826,42.025125261548766,0.20532258583487728
2022-10-06,143.03134155273438,145.1065408456924,142.8248135939426,143.40507882099124,68402200,148.24982452392578,156.38362457275392,147.4362887337341,151.20266963588753,42.826030208233895,-0.662574351774603
2022-10-07,137.7794189453125,140.73978304959337,137.1499753994762,140.18900681575843,85925600,147.40007629394532,156.04841186523439,146.51658684912252,150.67626764802185,31.209141719834264,-3.6718683824171094
2022-10-10,138.10400390625,139.54975990235764,136.28452558280455,138.10400390625,74899000,146.26855545043946,155.6183334350586,145.71538847361086,150.18323769736412,27.23760689914687,0.23558305255035883
2022-10-11,136.68771362304688,139.01863396780078,135.94025417061508,137.59253769929057,77033700,145.53780822753907,155.17957153320313,144.8556099164143,149.6540014591556,28.612913377602226,-1.025524418658097
2022-10-12,136.05825805664062,138.04494498633176,135.88123412590454,136.83523643828954,70433700,144.70330123901368,154.75768493652345,144.01776688215014,149.12083505121385,28.898000237357863,-0.460506324761667
2022-10-13,140.63160705566406,141.22170198168052,132.1537703856876,132.76355465182596,113224000,144.24203796386718,154.3070510864258,143.69527547010384,148.7879241494276,39.79706728396112,3.3613167361878027
2022-10-14,136.09765625,142.13638653487928,135.91078758368462,141.9298435333937,88598000,143.63619995117188,153.77202423095704,142.9716926872368,148.29026658474416,34.790202131975235,-3.2239913207202875
2022-10-17,140.06118774414062,140.5430964053638,137.95648408162927,138.74329241493984,85250900,143.04265441894532,153.3207913208008,142.69450174027526,147.96755761060285,39.31927765720299,2.9122702060790484
2022-10-18,141.37904357910156,144.28038442851894,138.29083411442355,143.09035010046446,99136600,142.39599838256837,152.9053579711914,142.56922001063967,147.7091845113283,42.94976981303416,0.9409143647763019
2022-10-19,141.4872589111328,142.55927749459596,139.16618275396215,139.35305140756245,61758300,141.91113204956054,152.49110565185546,142.46617609640091,147.46518742896768,51.91992316076882,0.07654269635137823
2022-10-20,141.02500915527344,143.48377562705596,140.29720887706276,140.6611165197279,64522000,141.45134353637695,151.98263275146485,142.32892210200782,147.21263141823457,58.07660345416188,-0.3267076904427957
2022-10-21,144.84100341796875,145.4114389768542,140.29719327846567,140.51356590449524,86548600,141.29594879150392,151.56523223876954,142.56816794162316,147.1196263986163,57.588149088955106,2.7058989646962406
2022-10-24,146.9850311279297,147.75216493318766,143.5919369881937,144.76231202642796,75981900,141.23103790283204,151.11970336914064,142.98882157841425,147.11434815270704,55.52980308838383,1.4802629499699682
2022-10-25,149.82736206054688,149.97489702549265,146.89651717711538,147.61447265041116,74732300,141.25956039428712,150.7095803833008,143.64011114814116,147.22074085497528,59.03279780756556,1.9337553700575993
2022-10-26,146.88668823242188,149.48314455270017,145.59828223025528,148.47013415168624,88194300,141.23546447753907,150.24379180908204,143.9493089656917,147.20764075213006,55.616038508352574,-1.9627081380079625
2022-10-27,142.41172790527344,146.59163005196794,141.75278042653088,145.62779799425218,109180200,141.34955215454102,149.6586050415039,143.8028726742233,147.01956573852783,56.90411072303005,-3.0465390574179296
2022-10-28,153.1713104248047,154.90227649289278,145.3819406077306,145.75566287950778,164762400,142.21208953857422,149.2964779663086,144.69510484094533,147.26081062818574,67.12876439538098,7.555264357643421
2022-10-31,150.81085205078125,151.69601672276417,149.41427490924212,150.63382812065376,97943200,142.747607421875,148.93887481689453,145.2775569561678,147.40002793887575,65.71800135311747,-1.5410577656331026
2022-11-01,148.1652374267578,152.8860712842191,146.6703184608035,152.52217870801033,80379300,142.97135314941406,148.60605590820313,145.55257414384306,147.43003615408682,62.89546076426574,-1.754260113279249
2022-11-02,142.63796997070312,149.66020693618322,142.60846597141662,146.49331428438626,93604600,142.90398406982422,148.16937927246093,145.27499279402022,147.24211199003256,52.094468261611574,-3.7304752127076846
2022-11-03,136.58937072753906,140.44471393264007,136.4615100959827,139.71691380956625,97918500,142.58188552856444,147.605830078125,144.44779069245058,146.8243574307191,50.497572279611376,-4.240525327447109
2022-11-04,136.32339477539062,140.5496299805745,132.38284296255216,139.97824816387146,140814800,142.50908432006835,146.98778564453124,143.67403870034963,146.4125549736474,45.911746052939016,-0.19472668387864323
2022-11-07,136.85537719726562,137.08195474161485,133.65367850914586,135.0722797176196,83374600,142.44665298461913,146.50646697998047,143.0246423667226,146.0377636882991,44.96564152184641,0.39023560317839046
2022-11-08,137.42674255371094,139.3280515614897,135.44662070693448,138.32322168629616,89908500,142.48360443115234,146.0806362915039,142.49150905119768,145.70007658498193,45.52718715858476,0.41749573027134446
2022-11-09,132.86557006835938,136.49088607476932,132.58973260430815,136.44162616361422,74917800,142.32397003173827,145.6121676635742,141.57475295759403,145.1967626039379,41.75647789325755,-3.3189846463608785
2022-11-10,144.6871795654297,144.6871795654297,137.4267190059668,139.14086413842483,118854000,142.52674865722656,145.41337310791016,141.87117453929267,145.17677895536897,49.866229940130566,8.897421273990002
2022-11-11,147.47515869140625,147.7805490726991,142.2243712372686,143.6528333928847,93979700,143.0956237792969,145.25578247070314,142.40488731568445,145.26691149403712,50.42150943445745,1.9269012875572589
2022-11-14,146.0762481689453,148.04652398997993,145.238874932201,146.7559957323241,73374100,143.3963768005371,145.1125045776367,142.75454073028072,145.29865018717078,46.691914903466134,-0.9485736681851487
2022-11-15,147.81008911132812,151.3073317859871,146.35208917690562,149.9576976256643,89868300,143.71792907714843,145.02908172607422,143.2360215284757,145.39713798811812,50.83205281492228,1.1869424113203797
2022-11-16,146.5786895751953,147.64264051462695,145.10098244243153,146.9136479496193,64218300,143.97250061035157,144.8929016113281,143.55437086625852,145.44347334447409,53.987846884530214,-0.8330957267777217
2022-11-17,148.48001098632812,149.22871050736455,143.97792279490108,144.2537602517047,80389400,144.3452507019043,144.82425323486328,144.0234794491223,145.56255325199777,44.59371965606485,1.2971335851364785
2022-11-18,149.04153442382812,150.43058273283654,147.74115996689468,150.04637948055915,74829600,144.55527725219727,144.7095962524414,144.50138944671335,145.6989838861872,47.87283144527266,0.3781811664545831
2022-11-21,145.81027221679688,148.1351985339266,145.52458880647748,147.928327968664,58724100,144.4965393066406,144.41111328125,144.62604494862606,145.7033481344464,47.20805056859275,-2.168028006100997
2022-11-22,147.94802856445312,148.1844671134609,144.7463298277078,145.92850754073268,51804100,144.40257263183594,144.34402069091797,144.9424243406096,145.79137481797608,56.84555868807622,1.4661219097634959
2022-11-23,148.82481384277344,149.5735133563615,147.1205141770319,147.22887996484198,58301400,144.4994789123535,144.26554901123046,145.31217572176806,145.91033321110538,68.20052531851861,0.5926305925315845
2022-11-25,145.9087677001953,146.66732805436232,144.93347581626634,146.10579226397604,35195900,144.6743309020996,144.1865869140625,145.3689940054278,145.91027181852067,63.2164808424387,-1.959381683257999
2022-11-28,142.07659912109375,144.46063120272478,141.24908683464577,142.9829242489195,69246000,144.11959533691407,144.06383056640624,145.05543258787216,145.75993171273922,56.5985938036339,-2.626414189842019
2022-11-29,139.07192993164062,142.65783165746328,138.2641245866872,142.14555568748492,83763800,143.53264923095702,143.8066271972656,144.48557519204059,145.4976571330883,51.958722208031965,-2.11482341781859
2022-11-30,145.8299560546875,146.50970358247017,138.46112907886217,139.2984872397453,111380900,143.4158851623535,143.63698303222657,144.61361146467362,145.5106884633471,64.66781896050483,4.859374660557814
2022-12-01,146.10580444335938,146.9136247638141,144.43107296360157,146.00729966926298,71250400,143.58927688598632,143.53540740966798,144.7557250816913,145.5340263449162,52.17263689428203,0.18915756140558404
2022-12-02,145.61325073242188,145.80042936443078,143.48534896644694,143.79075438457457,65447400,144.04047088623048,143.4432568359375,144.8373941912847,145.53713318364194,46.93281974867733,-0.3371212477245922
2022-12-05,144.45079040527344,148.6770258303521,143.60357112015112,145.57384712908555,68826400,144.44684066772462,143.37329467773438,144.80057478309314,145.49453150605888,47.30130822938094,-0.7983204284646939
2022-12-06,140.7860870361328,145.11084261882044,139.81079492252832,144.88426506871545,64727200,144.64337615966798,143.2233514404297,144.41824261671596,145.3098866248853,39.040929891948444,-2.536990873403233
2022-12-07,138.84535217285156,141.23923029830829,137.91932004741116,140.07677467327488,69721100,144.714306640625,143.0151202392578,143.88749114587173,145.0563754699036,38.195489982708246,-1.3784990435760647
2022-12-08,140.52992248535156,141.38700272319693,139.00297068921475,140.24423909407787,62128300,145.0975242614746,142.8783465576172,143.56772270201267,144.8788675097251,37.7837947594424,1.2132709421939003
2022-12-09,140.04721069335938,143.40653461732074,138.80592729031733,140.22452830407295,76097000,144.8655258178711,142.87669128417969,143.23243584404568,144.6893907718284,36.145653823264794,-0.34349395734030175
2022-12-12,142.34259033203125,142.35243630018152,138.9635592869445,140.5791849523235,70462700,144.60889739990233,143.0051318359375,143.14768865242527,144.59735938203244,44.50000580837025,1.6390041810241618
2022-12-13,143.30799865722656,147.7411188094641,142.09628335791112,147.27810283544738,93886200,144.4704849243164,143.06928192138673,143.16295627193017,144.54679621635378,42.356319498801746,0.6782287177319102
2022-12-14,141.08160400390625,144.48032672192886,139.06206832067184,143.18979848966035,82291200,144.13406066894532,143.01710754394531,142.96473224640408,144.41090632566957,37.78738073383677,-1.5535731949237186
2022-12-15,134.4713592529297,139.69259452336593,134.00834311374663,139.01284678575612,98931900,143.52869415283203,142.8268276977539,142.1558395803589,144.0211201659543,33.8435852160448,-4.685405157991784
2022-12-16,132.51092529296875,135.60425843945495,131.7425187492694,134.65853424660116,160156900,142.73023986816406,142.6164193725586,141.23727631489317,143.56973997485684,35.73315527542083,-1.4578821623075333
2022-12-19,130.4027099609375,133.1906522558453,129.36832710470327,133.10199344508453,79592600,141.79829864501954,142.46888519287108,140.2054128526117,143.05338585666394,36.71493269381861,-1.5909747270801966
2022-12-20,130.33372497558594,131.2696028147679,127.95953943331776,129.43724603160783,77432800,141.02447128295898,142.3134796142578,139.26525210241877,142.55457562603343,20.12906527679324,-0.05290149673440325
2022-12-21,133.4369354248047,134.7767236692483,130.77706590433928,131.003643429146,85928000,140.29891662597657,142.24846405029297,138.71017432359838,142.1970211083382,27.9794441889467,2.3809727296599803
2022-12-22,130.2647705078125,132.56014344596582,128.36346171921937,132.35327292045574,77852100,139.37091445922852,142.1325942993164,137.9058501506664,141.72908971223916,25.5951999689444,-2.377276506608461
2022-12-23,129.90028381347656,130.45195863115794,127.71327647766012,128.97425178436364,63814900,138.57049026489258,141.91796783447265,137.1434152614102,141.26521497111122,26.261622962931995,-0.27980450348552566
2022-12-27,128.0974578857422,129.45695276398362,126.80692986399536,129.4273998346313,69007800,137.871533203125,141.7579638671875,136.2818955113466,140.74883234031245,27.960237561118348,-1.387853725033461
2022-12-28,124.16677856445312,129.08261445216485,123.99930692968266,127.74282634199004,85438400,137.12627563476562,141.44007568359376,135.1280748497377,140.0985557216513,26.152340428485658,-3.068506890117262
2022-12-29,127.6837387084961,128.5408039711882,125.8316819463041,126.08781241864538,75703700,136.21896476745604,141.16616958618164,134.41909045533373,139.61170015250798,30.30215893321703,2.832448570144197
2022-12-30,127.99894714355467,128.0186541085182,125.53611015946498,126.50154851054428,77034200,135.31362190246583,140.89640335083007,133.8076482351643,139.1562980737255,31.430268759521837,0.24686654561252297
2023-01-03,123.2112045288086,128.9545531314731,122.32457886036784,128.34377240566317,112117500,134.19351959228516,140.54012725830077,132.79846312027328,138.53100028765033,22.616999069393188,-3.740454684659622
2023-01-04,124.4820327758789,126.74785308207224,123.22105739420844,125.00415469022626,89113600,133.19508171081543,140.13294784545897,132.00642213509286,137.98006038522792,23.28769703589593,1.0314226307017282
2023-01-05,123.16194152832033,125.8710708540062,122.90581107632524,125.24058317585433,80962700,132.3138744354248,139.6564860534668,131.16409064873358,137.39895768495703,23.90244921415099,-1.0604672964614204
2023-01-06,127.69356536865234,128.35360593496887,123.03386747187416,124.13722458745222,87754700,131.75628509521485,139.2138101196289,130.83356443158297,137.0183540647098,39.492918433362284,3.6794027311513267
2023-01-09,128.2156982421875,131.4272575812406,127.95956778658704,128.530949601707,70790800,131.14057388305665,138.84039031982422,130.58424384211673,136.6731518755913,43.03065805332204,0.4088952109902788
2023-01-10,128.78704833984375,129.30917012244996,126.21583832104344,128.3240324145879,63896200,130.57756576538085,138.56789672851562,130.41308236570978,136.36389291340512,47.24085383331717,0.4456163367585697
2023-01-11,131.50607299804688,131.52576493439358,128.52110615216108,129.29935853420528,69458900,130.03573989868164,138.13459197998046,130.51717671164664,136.17339017162638,51.8359056706118,2.111256289551844
2023-01-12,131.42726135253906,132.26461961526783,129.48653833184324,131.89027740511193,71379600,129.44170303344725,137.74692016601563,130.60385143935068,135.98726747283865,46.523528070242115,-0.05993004255323564
2023-01-13,132.75718688964844,132.914812571895,129.70326821418658,130.0677644513709,57809700,129.02548217773438,137.43875915527343,130.8089310060457,135.86059764604687,54.60506395491441,1.0119099518797636
2023-01-17,133.91966247558594,135.24958975985854,132.1365650960417,132.82615869144374,63646600,128.99789733886718,137.2643930053711,131.1051911460019,135.78448254132292,57.213612354393575,0.8756404177980848
2023-01-18,133.2005157470703,136.5499789381121,133.02318309021993,134.78658853017248,69672800,129.03237686157226,137.19661590576172,131.30474586991318,135.68315051017575,59.52916357038329,-0.5369986118705539
2023-01-19,133.25962829589844,134.22505937639417,131.78192122019502,132.0873116107182,58280400,129.17522277832032,137.13534057617187,131.49092514857844,135.58811042334136,69.84954015981991,0.04437861857859993
2023-01-20,135.82095336914062,135.96873306889344,132.22520615532028,133.26944989272516,80223600,129.44958419799804,137.11465209960937,131.903308788632,135.59724151925505,68.5368106273722,1.9220562941649977
2023-01-23,139.0128173828125,141.18997887668803,135.85051793428082,136.06724948686616,81760300,129.72837829589844,137.1463735961914,132.5804048452206,135.7311856707671,72.18261531776122,2.3500527234534108
2023-01-24,140.41172790527344,141.03236969957698,138.21487421828232,138.22472018745663,66435100,130.2357261657715,137.2972967529297,133.32624513665422,135.9147363466301,90.1194807635295,1.0063176538668506
2023-01-25,139.7516632080078,140.3131839948148,136.7469896041819,138.7960782416761,65799300,130.72829513549806,137.19858642578126,133.93818971487838,136.06520406668412,86.6602654443532,-0.47009228296864825
2023-01-26,141.8204803466797,142.10616376720364,139.79108333600698,141.04221286895242,54105100,131.41444625854493,137.0854928588867,134.68888406076422,136.29090117570357,93.24194150696789,1.4803524274288105
2023-01-27,143.7611846923828,145.0418671305683,140.95355034191297,141.03236318771044,70555800,132.3941665649414,137.03919158935548,135.55291269234695,136.5838534704753,92.31959141991466,1.3684231931517132
2023-01-30,140.87474060058594,143.38684562469143,140.72697590646771,142.80561778514152,64015300,133.0537166595459,136.90048461914063,136.05975344551257,136.75212355400905,79.64927905216427,-2.0078048869541676
2023-01-31,142.14553833007812,142.19479823056315,140.1654165994733,140.57917270592753,65874500,133.76104621887208,136.81182159423827,136.6393520059474,136.96363001581568,80.29489930098968,0.9020763580997126
2023-02-01,143.2686004638672,144.43107102589934,139.2196980441436,141.83030751885846,77663600,134.763916015625,136.70759338378906,137.27070900193974,137.21088375887652,78.75718025795582,0.7900790605056995
2023-02-02,148.57855224609375,148.9331875714321,145.96792696689582,146.6870736521922,118339000,135.96874198913574,136.69833374023438,138.34764645376393,137.65667467994388,83.39087476643287,3.7062913751054305
2023-02-03,152.2038116455078,155.04101372137666,145.6329433931969,145.82996797468513,154357300,137.42083549499512,136.8262045288086,139.66728123393003,138.22715063937775,84.75350165415732,2.4399614511046552
2023-02-06,149.4749755859375,150.82462478693864,148.53909754834626,150.30250288074524,69858300,138.50990600585936,136.85674346923827,140.60134736269265,138.66824181375264,76.32540807709887,-1.7928828654606543
2023-02-07,152.35157775878906,152.9229595728958,148.4011799958932,148.4011799958932,83322600,139.71669998168946,136.9272787475586,141.72041692422565,139.2048432233619,80.20505331617255,1.924470742728257
2023-02-08,149.6621551513672,152.28262569889247,148.9233016908853,151.5930321421785,64120100,140.7604553222656,137.00234649658202,142.4767729458582,139.61493388720524,73.88805974792731,-1.7652738796574252
2023-02-09,148.6277313232422,152.0363146392675,148.1844223308367,151.49448585654548,56007100,141.61653823852538,137.133369140625,143.06257850560905,139.9683769239126,69.51945631440068,-0.691172612794988
2023-02-10,148.99281311035156,149.3184067990407,147.22673043469464,147.46352995054943,57450700,142.49481582641602,137.33178680419923,143.62736275367976,140.3222763822043,66.64532288743666,0.2456350398805318
2023-02-13,151.794921875,152.19943377089027,148.90405214554428,148.9336502097566,62199000,143.4467025756836,137.45108612060548,144.40522552713884,140.77218404858846,68.13674650142491,1.8807006231723822
2023-02-14,151.15359497070312,151.71598829923826,148.84485563822165,150.08801949687324,61707600,144.30839920043945,137.55204193115233,145.04792737890688,141.1792982023969,68.17745494175085,-0.4224956252653844
2023-02-15,153.25511169433594,153.4228390365263,150.83784167870803,151.06476513520522,65573800,145.31112899780274,137.70487915039064,145.82956398037632,141.65285951580628,68.21059926961252,1.3903187178843757
2023-02-16,151.65676879882812,154.24176636818623,151.3015770289575,151.4594283283723,68167900,146.23098602294922,137.84899871826173,146.38453586784792,142.04516968376794,62.71300539874925,-1.0429295818175865
2023-02-17,150.51226806640625,150.9562540378776,148.83497936586727,150.31494264074843,59144100,146.9655517578125,138.04352233886718,146.77765322009157,142.3772127575969,66.43998956761297,-0.7546651174798913
2023-02-21,146.4966278076172,149.27896600318738,146.42757068306315,148.1936535747809,58867200,147.33974227905273,138.1965478515625,146.750888895094,142.538758445833,56.786684481873095,-2.6679820259019382
2023-02-22,146.92088317871094,147.94698436963745,145.19425945136115,146.88140906273446,51011300,147.66520004272462,138.3243670654297,146.76707882686705,142.71060647457332,55.82366194167482,0.2896007761017394
2023-02-23,147.40432739257812,148.33177339849212,145.27319184522457,148.08511286734324,48394200,148.04783325195314,138.47150939941406,146.82776916645858,142.8946739615539,47.78705024385756,0.3290507131509246
2023-02-24,144.75030517578125,145.223889286372,143.77352383365584,145.1449560921123,55469600,148.1943244934082,138.51966369628906,146.62991545306073,142.96744381309225,35.41931705499893,-1.8005049537850315
2023-02-27,145.94407653808594,147.17737898488724,145.4803536136917,145.73689015780175,44998500,148.30346908569337,138.57238525390625,146.56459746115837,143.08417450819005,42.65144966518828,0.8247107740843695
2023-02-28,145.44093322753906,147.08862392793702,144.86867893348426,145.085741426228,50547000,148.53177871704102,138.6595718383789,146.4575818198613,143.17659641875275,34.04081977842303,-0.3447507582917009
2023-03-01,143.3689727783203,145.26332395747403,143.07297711330398,144.86867310742886,55479000,148.59295043945312,138.83752410888673,146.16342857780978,143.18414058971618,35.04012466139602,-1.4246061292643164
2023-03-02,143.96096801757812,144.7502847940671,141.97780754659183,142.4514066454644,52238100,148.62756881713867,139.0665249633789,145.9536704292163,143.21460441041665,38.66801436723902,0.41291726360708214
2023-03-03,149.01255798339844,149.0914911594904,145.36198515518814,146.0624926286878,70732300,148.6492691040039,139.43872192382813,146.2449930534241,143.4419751387689,50.03905603907777,3.508999720815642
2023-03-06,151.77516174316406,154.21216902598104,151.41010897005816,151.7356876269036,87558000,148.62783660888672,139.8675506591797,146.7716757857803,143.76876677031382,49.96085259718078,1.853940229704265
2023-03-07,149.574951171875,151.9724842932115,149.1112281718285,151.64689058754286,56182000,148.6328353881836,140.1903109741211,147.0386543939798,143.9964602762574,47.05443898305857,-1.4496512775998838
2023-03-08,150.82798767089844,151.41997901042942,149.80188641133856,150.76879154793838,47204800,148.55665588378906,140.6015753173828,147.39954327749587,144.26436331134138,45.32319315614485,0.8377315113301309
2023-03-09,148.57843017578125,152.47566345847628,148.2232384177023,151.50875841619168,53833600,148.50246963500976,140.9751382446289,147.51181822018972,144.43354240406453,44.2135907849751,-1.4914721928304453
2023-03-10,146.516357421875,148.92376664622063,145.63824652167983,148.20352210122027,68572400,148.39690093994142,141.34351623535156,147.41701242987403,144.51522142437082,42.73927648951355,-1.387868179429974
2023-03-13,148.46005249023438,151.09438534791173,145.72704939093524,145.83558063473313,84457100,148.37026290893556,141.82938171386718,147.51634957847978,144.66992068185567,53.85811954638648,1.3266061909816385
2023-03-14,150.55169677734375,151.35087437586574,148.09496787151124,149.25919818665145,73695900,148.30810165405273,142.28674087524413,147.80543026408586,144.90057856795326,56.695768549143686,1.408893673432421
2023-03-15,150.94638061523438,151.20290214198522,147.91738213550175,149.17042182051847,77167900,148.2977409362793,142.74568954467773,148.10456839276668,145.13766884431723,56.553535654676,0.2621583458300991
2023-03-16,153.7681884765625,154.37004080347904,149.6144183096525,150.1274764543104,76161100,148.32339477539062,143.35682922363281,148.6439607816996,145.47612059460135,66.5820071378869,1.8694107469333643
2023-03-17,152.92955017089844,154.64631312163698,152.21916653990084,153.99512561739482,98944600,148.38703384399415,143.9257795715332,149.05211215209948,145.76841195053458,63.01480697261603,-0.5453912892990131
2023-03-20,155.29747009277344,155.7118730486912,152.09088307007352,152.99860710640667,73641400,148.6262939453125,144.56849014282227,149.6469081464494,146.1421005051322,67.17081982970544,1.5483730379307614
2023-03-21,157.15234375,157.2707359778321,154.44893912645242,155.21853377224946,73938300,149.15907974243163,145.1576657104492,150.36171153726374,146.57387475002898,74.19465605713462,1.1944004342881342
2023-03-22,155.72174072265625,159.97416620924432,155.7020036632039,157.17210596561782,75701800,149.5991226196289,145.7077865600586,150.87219050730113,146.9326145920928,70.05387915333651,-0.9103287887449962
2023-03-23,156.80703735351562,159.3920501505052,155.57373460560854,156.70838216666218,67622100,150.0692581176758,146.26818634033202,151.4374140164644,147.31984685724663,65.36969850876142,0.6969461205756255
2023-03-24,158.10940551757812,158.1981996984371,155.74147036488569,156.73797352277555,59196500,150.73721313476562,146.80025299072267,152.07284177847524,147.74296680471062,63.25354788244497,0.8305546651750984
2023-03-27,156.1657257080078,158.6224701978729,155.76119879412065,157.80355536791788,52390300,151.24829559326173,147.29502227783203,152.46264024795454,148.07327107542815,63.93995080241379,-1.2293258602849022
2023-03-28,155.5441131591797,156.3729039229444,153.8964227422894,155.85984584155918,45992200,151.75345458984376,147.75076080322265,152.75611385854742,148.36624527479097,60.2486799364937,-0.3980467199252047
2023-03-29,158.62246704101562,158.89872564622954,157.2214369560123,157.24115895998125,51305700,152.51612930297853,148.24481689453125,153.31481416163965,148.76845004993703,71.06794401221867,1.979087359407572
2023-03-30,160.1912078857422,160.2997391161816,159.11577163727372,159.37229315696538,49501700,153.32764129638673,148.7846307373047,153.96970880203037,149.21640133761568,79.28996442174385,0.9889777116635967
2023-03-31,162.69729614257812,162.7959663866168,159.74724553838644,160.27016471086742,68749800,154.0118782043457,149.37338409423828,154.80090759636826,149.74506387898677,79.77716560159926,1.5644355828962953
2023-04-03,163.95033264160156,164.06872488806627,162.0263833617239,162.07571848273926,56976200,154.6206367492676,149.9359716796875,155.67228141020001,150.30213324222657,79.04198073113216,0.7701643043442674
2023-04-04,163.41754150390625,164.61137005549932,162.90448337873613,164.37458557847015,46278300,155.31276626586913,150.42406616210937,156.40992522864823,150.81646297797872,76.87077200660698,-0.32497106233996265
2023-04-05,161.57249450683594,162.84527116493152,159.6386845457234,162.53941454235493,51511700,155.84999160766603,150.84728149414062,156.90159849323754,151.23826813597313,67.55429526161052,-1.129038523092829
2023-04-06,162.46047973632812,162.75647535534287,159.83600833200663,160.26025717712315,45390100,156.54409408569336,151.30145782470703,157.43101575448426,151.67835486539883,71.39051955532634,0.5495893544272823
2023-04-10,159.86561584472656,159.86561584472656,157.94166678976978,159.26376357061562,47716900,157.21155700683593,151.66236053466798,157.66288242974542,151.99942392341168,60.14902604226698,-1.5972277662930745
2023-04-11,158.65206909179688,160.1912285181147,158.3659344224378,160.18136751588224,47644200,157.72115783691407,151.96017822265625,157.75709068327413,152.2603119692307,53.42966612696109,-0.7591042930134351
2023-04-12,157.96139526367188,159.8952052146149,157.64566258721274,159.0664295213536,50133100,158.09164276123047,152.30191131591798,157.77654826235963,152.48388386313036,55.30118723941553,-0.4353386829927697
2023-04-13,163.34844970703125,163.58524921058068,159.26375236431844,159.4709538117945,68445600,158.7117462158203,152.72596954345704,158.30720554280455,152.90994526877353,62.86370827001971,3.4103613951796286
2023-04-14,163.00315856933594,164.0983319737809,161.63172656331614,162.39143019016473,49386500,159.173494720459,153.1206607055664,158.75443916437897,153.3057575550701,60.0,-0.21138317401517837
2023-04-17,163.0228729248047,163.1807392768596,161.83890539432053,162.8847436304976,41516200,159.67816085815429,153.40954711914063,159.16095666537188,153.68682090290284,65.20782458971124,0.012094462243417148
2023-04-18,164.246337890625,165.17378402192244,163.4372840126962,163.88128507276087,49923000,160.12560424804687,153.65039764404298,159.64527868682455,154.1009196083037,68.79802022362139,0.7504866917568354
2023-04-19,165.39083862304688,165.91375779040226,163.3287449605883,163.5852815705882,47720200,160.53752899169922,153.96871490478514,160.19247487122666,154.54366153045052,65.95350891453185,0.6968196351409883
2023-04-20,164.42388916015625,165.62759364761484,163.34845295487423,163.8713720291843,52456400,160.9726364135742,154.2101611328125,160.59546670826757,154.9311214374978,60.26801148684114,-0.5846451175536171
2023-04-21,162.8157196044922,164.22661089347835,162.29280038011592,162.84531766964804,58337300,161.27307052612304,154.473232421875,160.80691936505087,155.24032136561524,50.30036759327418,-0.9780632022988067
2023-04-24,163.1215362548828,163.38793383083043,161.7007692564465,162.79594256316088,41949600,161.52367706298827,154.7631085205078,161.0273590688444,155.54938861617475,47.79174526767709,0.18782992891197559
2023-04-25,161.5823974609375,164.08846202710322,161.54292334211996,162.98342757965568,48714100,161.79451065063478,155.01490020751953,161.08021986809135,155.7859771983223,45.35928605825627,-0.9435533953900177
2023-04-26,161.57249450683594,163.07219461797823,160.6253265824028,160.8818480921529,45498800,162.09592971801757,155.21045166015625,161.1271031670194,156.01289944571502,50.0,-0.006128733238996986
2023-04-27,166.16041564941406,166.30840595665688,162.98342657757053,162.98342657757053,64902300,162.4728271484375,155.51058807373047,161.60646626058082,156.41084125762478,58.550017172037016,2.839543423886437
2023-04-28,167.4134063720703,167.58114875947356,165.63746282624027,166.23931504498196,55275900,162.8339370727539,155.79375396728517,162.15950817596078,156.84231439936775,68.59507301163404,0.7540849712966313
2023-05-01,167.32461547851562,168.17312821243692,166.38730857655852,167.01875886308397,52472900,163.06530303955077,156.1071109008789,162.65142315715647,157.25338502992258,72.61965216699168,-0.053036907544523615
2023-05-02,166.2886505126953,168.07448533412125,165.30200842691818,167.81794875664258,48425700,163.18221893310547,156.42263854980467,162.9978257624459,157.6077091665019,71.33479126709665,-0.6191348253558826
2023-05-03,165.21322631835938,168.63687581044152,164.92710671677185,167.23584575291258,65136000,163.27200317382812,156.79697052001953,163.20881629158052,157.90596474108455,56.13250342227914,-0.646721343290857
2023-05-04,163.57540893554688,164.80871172491695,162.1151826483231,162.6874369491867,81235400,163.37214889526368,157.13006103515625,163.24372987672018,158.12829588596543,51.734452914064036,-0.9913355118775335
2023-05-05,171.25148010253906,171.97172463520235,168.4790030974248,168.6960655683585,113453200,163.81169891357422,157.60700408935546,164.0063727553696,158.64293056112518,67.03439161127207,4.69268040773585
2023-05-08,171.18238830566406,171.52771903028287,169.8109565174022,170.17600924259867,55962800,164.3775375366211,158.13564575195312,164.6898028077786,159.1346740020875,65.0793208482033,-0.04034522611636726
2023-05-09,169.4755096435547,171.22185523763014,169.30778230115573,170.73841026688106,45326900,164.918709564209,158.6062744140625,165.14558441118584,159.54019696841956,58.6683151035983,-0.9971111391795517
2023-05-10,171.24159240722656,171.70531537679722,169.60376298512443,170.70881232248743,53724500,165.5827194213867,159.12228759765625,165.72615660128494,159.9990752209218,63.99360836249679,1.0420873006290687
2023-05-11,171.42906188964844,172.25783762602444,169.87016559220018,171.5277321199156,49514700,165.98675003051758,159.68348937988281,166.26929043827195,160.44730999224444,68.77415432426429,0.10947660541258397
2023-05-12,170.50033569335938,171.97245613352067,168.94915782664347,171.5377307421917,45533100,166.36160888671876,160.21427673339844,166.67224712923266,160.84154629424896,65.65808194267885,-0.5417553978606549
2023-05-15,170.00634765625,171.13267487374878,169.4135375098661,171.0832715155854,37266700,166.710782623291,160.63415252685547,166.98978051275813,161.2009502692294,68.7056560966387,-0.2897284835836289
2023-05-16,170.00634765625,171.0635071571624,169.73958158279842,169.92730529834623,42110300,166.99878311157227,160.9987762451172,167.27707262166211,161.54625997068118,68.73588590899323,0.0
2023-05-17,170.61886596679688,170.85597790757677,168.37608671361758,169.6506236984481,57951600,167.26018447875975,161.41965454101563,167.5953386545321,161.9020484411171,62.02917906201807,0.36029143557942955
2023-05-18,172.95062255859375,173.13834629441766,170.51024414446266,170.9252052614361,65496700,167.68652114868163,161.86210723876954,168.10536569301416,162.33532585748873,64.11793037498472,1.3666464013719626
2023-05-19,173.0592803955078,174.27452457823847,172.84191768629904,174.27452457823847,55809500,168.1986991882324,162.35172424316406,168.57716709325166,162.7558730942738,64.6065568546002,0.0628259299137568
2023-05-22,172.11080932617188,172.61470252401188,171.36980410656224,171.8934465890232,43570900,168.64816284179688,162.86361328125,168.91370444876787,163.12273333866196,64.89580071941266,-0.5480613736335349
2023-05-23,169.50244140625,171.300620989034,169.22580071286586,171.05361929309908,50747300,169.0441650390625,163.2844610595703,168.96977463519474,163.37291796876346,60.17564055226139,-1.515516619864754
2023-05-24,169.77906799316406,170.35211368921475,168.47490698639612,169.03806296692736,45143500,169.4544937133789,163.66900848388673,169.0468501930966,163.6241395383478,65.73358214211356,0.16319917555114305
2023-05-25,170.91529846191406,171.81437317497037,169.630886631536,170.34225271987503,56058300,169.6922378540039,164.06838684082032,169.22479764726967,163.910067339272,48.724155343583945,0.6692406090930803
2023-05-26,173.32601928710938,173.66195304430255,171.03385143516303,171.24133948884744,54835000,169.98786849975585,164.45954345703126,169.61539018439726,164.27932035683423,56.9075877504821,1.4104769127688765
2023-05-30,175.1736297607422,176.8433638660441,174.4523889310648,174.83771102645838,55964400,170.38031921386718,164.90442504882813,170.14474633452534,164.70654817659533,68.19645418823676,1.065974099694933
2023-05-31,175.12420654296875,177.19902686801004,174.64007778024913,175.20324889662425,99625300,170.82209701538085,165.30095977783202,170.61898064009137,165.11508379880607,63.92559617954727,-0.028213845794566872
2023-06-01,177.93011474609375,177.9597537396585,174.8080101004683,175.56877944546235,68901800,171.45794143676758,165.7165151977539,171.3152791263773,165.61763403203304,69.62996136235257,1.6022389243125712
2023-06-02,178.7798614501953,179.59990905926938,177.11012722847258,178.85890381832428,61996900,172.2181640625,166.17767761230468,172.0261917286457,166.13379981313744,75.11988037424713,0.47757329067883436
2023-06-05,177.42630004882812,182.73189284985287,175.90476081626858,180.4397244340229,121946500,172.52690505981445,166.59006286621093,172.54048775913927,166.5766429596351,71.39597383946045,-0.7571106669328476
2023-06-06,177.0607147216797,177.95978950011877,175.30204865399,177.81159450251565,64848400,172.82082138061523,166.96908905029298,172.9709855650955,166.9877830287349,69.92175481566835,-0.20604911844964713
2023-06-07,175.6873779296875,179.03672040758232,175.19337452542106,176.29993732672585,61944600,173.13141479492188,167.35952209472657,173.22968959981856,167.32894361308598,63.723900749305066,-0.7756304351029697
2023-06-08,178.40440368652344,178.67115468077665,175.3317017878174,175.76641213704826,50214900,173.48955535888672,167.81672790527344,173.72251951283806,167.76327538067176,64.46528637235247,1.5465116440654736
2023-06-09,178.7897186279297,180.04447641965535,178.46367457216073,179.3232356709596,48900000,173.8575881958008,168.2200729370117,174.20510990475154,168.19568491977992,64.9792432480727,0.21597838026650162
2023-06-12,181.58575439453125,181.68456110008825,178.7995831921066,179.09598823299092,54274900,174.41185913085937,168.6479638671875,174.9080284275877,168.72078568349568,72.58574909977085,1.5638683186365077
2023-06-13,181.11151123046875,181.9414332653256,180.2519501997803,180.6076332255456,54929100,174.9671173095703,169.0162481689453,175.4988363135764,169.20669648925934,80.80739365785868,-0.26116760405781037
2023-06-14,181.74386596679688,182.17859141427,179.8370198890403,181.1708201565631,57462900,175.55399322509766,169.3721188354492,176.09360104245454,169.69835019426083,81.1630385795735,0.34915215053528126
2023-06-15,183.77915954589844,184.2830527175275,181.5759083620863,181.75375744495216,65433200,176.21200790405274,169.77935119628907,176.82555899516348,170.25053879628584,82.00576755741362,1.1198692006878508
2023-06-16,182.70220947265625,184.7473907159192,182.0600111046737,184.4904993080967,101256200,176.69958724975587,170.20194549560546,177.38523999301992,170.7388396071239,74.98666245937743,-0.5860022844283552
2023-06-20,182.7911376953125,183.8680765946907,182.19834264439277,182.19834264439277,49799100,177.1861801147461,170.60855865478516,177.90008739323827,171.2114787478372,72.3995495151904,0.048673862737036444
2023-06-21,181.75372314453125,183.18632987573855,180.40014368436255,182.68243679920377,49515700,177.66832580566407,171.04632080078125,178.26710032193284,171.62490009672715,68.42382012104106,-0.5675409452894131
2023-06-22,184.75726318359375,184.8066665365007,181.4671988803744,181.53636658960147,51245300,178.43106689453126,171.56842468261718,178.88521107066245,172.13989472758468,68.76690356828874,1.6525328819118945
2023-06-23,184.4411163330078,185.3105672079408,182.7911466595608,183.32467881492,53117000,179.16416931152344,172.0980191040039,179.41434490517153,172.62229557485617,66.03234331760993,-0.1711147075564634
2023-06-26,183.0480194091797,185.79467703737228,183.0084906957425,184.5893075659166,48088700,179.77080535888672,172.49201049804688,179.7604091436485,173.0311474899277,65.88481102927798,-0.7553071416640633
2023-06-27,185.8045654296875,186.1306094986342,183.4432296659109,183.66059237854205,50730800,180.3947326660156,172.9480386352539,180.3360430756522,173.5320658405065,71.76578639304573,1.5059141472303583
2023-06-28,186.9803009033203,187.62249934110088,185.350095591546,185.6761245932701,51216800,180.98506622314454,173.42718719482423,180.96882953543013,174.05944760767568,78.39040494207168,0.6327807236134575
2023-06-29,187.3162078857422,187.79046201011187,186.67400948819943,186.81232983886036,46347300,181.59466629028321,173.88858459472655,181.57334175926937,174.57932055975672,75.45137932597275,0.17964832701578004
2023-06-30,191.64369201660156,192.14757008838143,188.96618679019105,189.33175958026345,85213200,182.28034515380858,174.41364166259766,182.53242273615814,175.24851159728004,79.9630938034866,2.310256106347741
2023-07-03,190.1518096923828,191.5547776450248,189.46019281962833,191.45597092726317,31458200,182.84894256591798,174.92820007324218,183.25807863675095,175.8329546598331,71.2604439893142,-0.7784666995924505
2023-07-05,189.0353546142578,190.66555990536892,188.33386310926684,189.27248168829453,46920300,183.42939529418945,175.4525927734375,183.8082953965135,176.35069583451642,69.05893881505786,-0.5871388128943611
2023-07-06,189.50958251953125,189.7170705815605,186.9308841600135,187.56320791106293,45094300,184.05183868408204,175.98035369873048,184.3512751225152,176.86673060647777,68.82177425439096,0.2508673079917534
2023-07-07,188.39309692382812,190.3592355443077,187.95838667039857,189.11435261810863,46815000,184.68712463378907,176.51656768798827,184.73621053216405,177.31874497186408,61.70408440531458,-0.5891446653300769
2023-07-10,186.3479461669922,187.7114002509768,184.796768395991,186.9901444981463,59922200,185.0843017578125,177.01207672119142,184.88970916405245,177.67283129324164,58.815069741495655,-1.0855762712276285
2023-07-11,185.8243103027344,187.02967973701,184.3620645421884,186.89135939582033,46638100,185.43603134155273,177.40535461425782,184.97871879630787,177.99249713675115,57.18294611290829,-0.28099899946766316
2023-07-12,187.49407958984375,189.40092573103476,186.20966756388748,187.40514750841933,60750200,185.73144760131837,177.8069680786133,185.21827696712083,178.36510821334304,63.19861067256082,0.8985741878385411
2023-07-13,188.2548370361328,188.897050597116,187.50395718374455,188.2153233916027,41342300,186.08861389160157,178.2255725097656,185.5074731641696,178.75294071619754,58.966629556231716,0.40575011645875847
2023-07-14,188.40304565429688,188.88715940601537,187.35576071083716,187.94855582890273,41616200,186.42157287597655,178.66786041259766,185.78324197275316,179.13137620396614,60.245304266782234,0.07872765475642751
2023-07-17,191.66343688964844,191.9894809296959,189.50957431242833,189.59849130268125,50520200,186.81578674316407,179.19686462402345,186.343260536267,179.62282956418898,70.3168539713977,1.7305406205237794
2023-07-18,191.40655517578125,191.99936529239264,190.1122686661601,191.03112283932904,48288200,187.25100402832032,179.75348754882813,186.8254790733636,180.0849364509181,64.97620170381774,-0.13402750051648704
2023-07-19,192.76011657714844,195.85256735078863,190.3394880591144,190.784103142532,80507300,187.74945297241212,180.1836602783203,187.39068264515262,180.58200233822126,65.30606802158127,0.7071656454629371
2023-07-20,190.81375122070312,194.1136901954007,190.19130213491889,192.7502360363635,59581200,188.20245437622071,180.5762875366211,187.71668917615744,180.98324739243623,58.53423336547736,-1.0097344777576511
2023-07-21,189.63803100585935,192.63169045749677,188.93653953192955,191.77212935032983,71951700,188.44649276733398,180.9795379638672,187.89967411231953,181.322650671394,44.216494582267345,-0.6161611557459978
2023-07-24,190.43833923339844,192.5724378593397,189.94433575938183,191.09042743728983,45377800,188.74635391235353,181.36347290039063,188.14145174289848,181.6801286542177,50.8605566442232,0.4220188446875106
2023-07-25,191.29788208007812,192.10805493602857,190.60628029804008,191.01136672601527,37283200,189.15884704589843,181.7608493041992,188.4420641559632,182.05729545523184,56.90173440538596,0.45134968627627003
2023-07-26,192.1673126220703,193.29363971255637,191.00147189498233,191.34726521155525,47471900,189.47698440551758,182.19418884277343,188.79684972416388,182.45376671667648,57.91640949331017,0.4544904170074693
2023-07-27,190.90269470214844,194.83495794865564,190.24073188727883,193.669117041336,47460200,189.673104095459,182.6121157836914,188.99740638873385,182.78509722591068,57.40978853117969,-0.6580817011314299
2023-07-28,193.4813537597656,194.27176213447208,191.811620025592,192.33526237023057,48291400,189.98136138916016,183.0816159057617,189.42444899549878,183.204558266454,70.41867689052759,1.3507714292039896
2023-07-31,194.09393310546875,194.13346181996275,192.918202599764,193.70861105598289,38824100,190.1038734436035,183.55111724853515,189.86916176787688,183.63159257386636,73.55106283493325,0.3166089826225571
2023-08-01,193.26405334472656,194.37061638035135,192.9380092197748,193.88650259016083,35175100,190.2594856262207,183.95738586425782,190.19248477519588,184.00933613350793,67.25790213032792,-0.4275660488013533
2023-08-02,190.27037048339844,192.83917937620112,189.54912966810335,192.7008590133255,50389300,190.32123641967775,184.30160766601563,190.19990246169135,184.25486689232716,55.318078164355136,-1.5490117326620867
2023-08-03,188.87725830078125,190.0628634465897,188.40301925761537,189.27247006657564,61235200,190.28962020874025,184.6369366455078,190.07393635112848,184.4361371436391,51.17409983664303,-0.7321750512588321
2023-08-04,179.80735778808594,185.13271368389903,179.73819007769723,183.295020485719,115956800,189.86033325195314,184.84303497314454,189.09616696417206,184.2546163845978,27.20356715764575,-4.802007713523548
2023-08-07,176.70504760742188,180.93371611312844,175.22303719441848,179.94570917112617,97576100,189.3781883239746,184.9815545654297,187.91606035876728,183.95855486392423,24.52049302583397,-1.725352187378404
2023-08-08,177.6436309814453,178.10799539743132,175.45025461361834,177.5349496271552,67823000,188.96915435791016,185.1161212158203,186.9377337514033,183.71091079010154,23.418939455732712,0.5311582134929438
2023-08-09,176.05296325683594,178.76009268860713,174.88710720037176,178.7008146829172,60378500,188.39709854125977,185.17066009521486,185.90108894239688,183.41059912213035,23.715604681051147,-0.8954262620175291
2023-08-10,175.83560180664062,178.58225997951547,175.47004405168224,177.3274869053262,54686900,187.77613677978516,185.1838995361328,184.94247111994392,183.11354040387585,24.553640249851256,-0.1234636703491443
2023-08-11,175.89492797851562,176.71608281179377,174.6681548123879,175.4299516016464,52036700,187.1507308959961,185.19931396484375,184.08080034456978,182.83045756366565,22.4344161354267,0.03373956767880326
2023-08-14,177.547119140625,177.77466331376394,175.42002721282074,176.07299580997798,43675600,186.4449150085449,185.19165405273438,183.45854499181314,182.6232678215856,24.697096302485903,0.9393057441151376
2023-08-15,175.55856323242188,177.56692432110015,175.1628328578025,176.9733287591711,43622600,185.65251541137695,185.1272280883789,182.70616577663301,182.34622058279487,20.647028461679938,-1.1200158683668082
2023-08-16,174.68795776367188,176.63694575843348,174.61869664349865,175.24198634047178,46964900,184.74890747070313,185.0724612426758,181.94252691825577,182.0458965506724,20.93863921653353,-0.4959060114871239
2023-08-17,172.14532470703125,175.6179059949575,171.6308631878828,175.25185467548476,66062900,183.81548614501952,184.9741534423828,181.0094600409963,181.65763883131393,11.710399775675299,-1.4555285259447825
2023-08-18,172.63011169433594,173.23361029129558,170.12708024206367,170.46345254957686,61172200,182.96509017944337,184.9130081176758,180.21142686512388,181.30361815927557,11.303574209003443,0.28161495999368125
2023-08-21,173.96572875976562,174.25264612165492,171.88812158676677,173.20394701107267,46311900,182.1414596557617,184.8242346191406,179.6165984741374,181.01585779066735,15.830772580865656,0.773687192993644
2023-08-22,175.3408966064453,175.78609702554508,174.37134667878323,175.17271045239184,42038900,181.34361038208007,184.75525817871093,179.20938877245243,180.7933102932469,21.95902608129441,0.790482042919316
2023-08-23,179.1894073486328,179.6148317580196,176.42915305906453,176.6171302332487,52722800,180.6947151184082,184.70733123779297,179.2074857797077,180.73041213855615,33.3405928716232,2.1948734246668877
2023-08-24,174.49998474121094,179.16967585239115,174.13391827576947,178.74425133745834,54945800,179.87457962036132,184.57510070800782,178.75915234746992,180.48608165238576,39.25447647763924,-2.6170199884070655
2023-08-25,176.70620727539062,177.2404448053197,173.9459523611551,175.4893219988908,51449600,179.03582229614258,184.47434753417969,178.56363376917665,180.33785128466047,50.00243631285848,1.264311018394415
2023-08-28,178.26934814453125,178.6650784859593,176.64682959084442,178.17040801110178,43820700,178.2445930480957,184.36415130615234,178.53560656682947,180.25673351445934,51.28093636082503,0.884598732122921
2023-08-29,182.157470703125,182.9291555203976,177.58671984756458,177.78458503986462,53003900,177.68926391601562,184.3532565307617,178.88054600838143,180.33127222774036,61.422393733322444,2.1810381869133533
2023-08-30,185.6498107910156,185.8476910446741,182.7708402924688,182.96870544998345,60813900,177.45823593139647,184.41042999267577,179.52523789244182,180.53984236747664,66.35884549255793,1.917209365287209
2023-08-31,185.8674774169922,187.10415359099383,185.48163505454943,185.8377983965077,60794500,177.30774688720703,184.492705078125,180.12926070430376,180.74876923216354,66.53549144156293,0.11724581083554231
2023-09-01,187.44053649902344,187.8956248663274,186.27310636870047,187.47021551879783,45766500,177.6894058227539,184.5463705444336,180.82557268475324,181.01119147792275,66.44744352124832,0.846333691021206
2023-09-05,187.6779937744141,187.9550080601447,185.6102746073009,186.27313129788112,45280000,178.23805313110353,184.61110809326172,181.4781842171019,181.27263470523613,71.39370928372763,0.12668405662181748
2023-09-06,180.9603729248047,186.8370611072444,179.53571941437733,186.3918455631262,81755800,178.40389022827148,184.56935516357422,181.42886885593074,181.26038914521922,59.17777377883535,-3.5793332582635506
2023-09-07,175.66737365722656,176.31045432139675,171.6902188794394,173.31273740579792,112488800,178.384610748291,184.366611328125,180.88015502748272,181.04105520451364,54.76956303784431,-2.9249493588176634
2023-09-08,176.28077697753906,178.3188321743013,175.89493458078306,176.4489782367689,65551300,178.40686950683593,184.15262084960938,180.4421190227262,180.85437762698524,54.92657397088657,0.3491845455089626
2023-09-11,177.4481964111328,178.37817933531872,175.44972343125323,178.15063513987275,58953100,178.4845329284668,183.9552606201172,180.15698353590778,180.72080189303026,54.72102302933017,0.6622499932267045
2023-09-12,174.42083740234375,178.21001559327632,172.95661681425068,177.5768378987377,90370200,178.32821884155274,183.61080352783202,179.6106839041398,180.47374446202295,48.806195263903376,-1.7060522845636195
2023-09-13,172.35308837890625,175.41014819975618,172.12552909799857,174.6285604188278,84267900,178.16794509887694,183.2548291015625,178.91948433030802,180.15528736072426,40.69989359445248,-1.1854942644655142
2023-09-14,173.86679077148438,174.22295413122683,171.72981061302968,172.14533201670497,60895800,178.12688674926758,182.95145782470703,178.43827541994386,179.9086796513423,49.05713707945842,0.8782566107840006
2023-09-15,173.14454650878906,174.61866989320765,171.96724351151664,174.59887884816905,109259500,178.17684783935547,182.62415710449218,177.93411076173865,179.64341952810494,44.45125374940987,-0.41540092819943863
2023-09-18,176.07302856445312,177.46800307348116,174.2922116482627,174.59890495957814,67257600,178.34899368286133,182.37775573730468,177.75686483818765,179.50340419619704,46.71795550002053,1.6913510212782867
2023-09-19,177.16131591796875,177.71534451200176,175.24199179139225,175.62783421196144,51826900,178.50877304077147,182.19402313232422,177.7001458934049,179.41155759705083,41.852268429120315,0.6180886206073488
2023-09-20,173.61944580078125,177.78456267568592,173.5303936437239,177.34925024969752,58436200,178.42270050048828,181.94992584228515,177.3115077893455,179.18441595798143,30.41251814847324,-1.999234482333323
2023-09-21,172.07606506347656,174.42081339229338,172.00681904661934,172.6894667209782,63149100,178.06703338623046,181.64156555175782,176.8128941964056,178.9056570993734,28.474484721698317,-0.8889446284004565
2023-09-22,172.92691040039062,175.19250979208792,172.19480770645978,172.8081943086496,56725400,177.98837966918944,181.33500701904296,176.44280050154703,178.67119644451134,26.82478630604399,0.49445885260115396
2023-09-25,174.20318603515625,175.0836990271703,172.2937498255981,172.34321990077478,46172700,177.86322860717775,181.05100982666016,176.2295038857003,178.49598035002683,29.17445878849935,0.7380433917488993
2023-09-26,170.12709045410156,173.3325457352886,169.83028512536117,172.95660640862047,64588900,177.45611572265625,180.6202828979492,175.64832165411946,178.1677885894023,31.76835901107401,-2.3398513390174625
2023-09-27,168.61338806152344,171.19556880826096,167.24810767663843,170.78004737841366,66921800,176.77891159057617,180.16441955566407,174.97832797863413,177.79310621576,36.39845074914588,-0.8897480045874873
2023-09-28,168.87062072753906,170.19633406818943,165.83333655703308,167.53500431517824,56294400,175.93995208740233,179.6866296386719,174.39664157376794,177.44320482406505,35.51269047647459,0.15255767586008773
2023-09-29,169.38507080078125,171.22524557281096,168.52433390834895,170.18643455541363,51861100,175.1158317565918,179.25805603027345,173.9193491191978,177.12719956825,33.82306750825187,0.30464154808325095
2023-10-02,171.8979949951172,172.4421355524603,169.10804618991,169.39496352748424,52164500,174.33870468139648,178.9032553100586,173.7268392026187,176.9221327222448,44.83177487710629,1.4835570705587608
2023-10-03,170.5623779296875,171.77927819729268,168.99923247491208,170.42387079713225,49594600,173.48292388916016,178.50573608398437,173.42546193853,176.67273057351707,46.21815810030086,-0.7769823408746768
2023-10-04,171.80897521972656,172.35311583182798,169.14764530465982,169.26636140324675,53020300,173.02535400390624,178.11595794677734,173.27151082245348,176.48199506944687,45.60446186509455,0.7308747129176174
2023-10-05,173.045654296875,173.5798918450903,170.83941278902026,171.93758200671277,48527900,172.89426803588867,177.73352478027343,173.2500006771603,176.34723660777738,49.79330659065265,0.7197988787063458
2023-10-06,175.59814453125,176.092815045354,171.33407201891083,171.94747372177912,57266700,172.86013641357422,177.42743377685548,173.47363342516886,176.31786044791357,48.99160153971771,1.4750386218864486
2023-10-09,177.0821533203125,177.1415113656987,173.92615307401468,174.9253820623563,42390800,172.8418342590332,177.0994497680664,173.8173019866111,176.3478327174194,49.83467956259552,0.8451164407368816
2023-10-10,176.48854064941406,177.80436599291428,176.05322819338144,176.20163840129018,43698000,172.94521942138672,176.74734191894532,174.0717056687828,176.35335067553686,56.833159260010305,-0.33521880086057054
2023-10-11,177.88352966308594,177.9329997364432,175.7069823006886,176.30057789253502,47551100,173.22174148559571,176.4397314453125,174.4347365253831,176.41335769465644,63.92976666969224,0.7904133653883871
2023-10-12,178.7838134765625,180.39642899359671,177.13160077070958,178.1506358590928,56743100,173.46759262084962,176.21000030517578,174.84893433025732,176.50631674492726,64.01511057623495,0.5061085841852275
2023-10-13,176.94366455078125,179.9908219020002,176.24122571645097,179.48626336769357,51427100,173.6575485229492,175.9713284301758,175.04843244649769,176.5234676392745,56.38543268061602,-1.0292592433276848
2023-10-16,176.8150177001953,177.17118104988546,174.6285675347915,174.86601479996662,52517000,173.69464797973632,175.91148162841796,175.21667866113555,176.53490097499687,69.09594240632401,-0.07270497698379508
2023-10-17,175.2617645263672,176.51823191229096,172.93682206936518,174.76709399132676,57549400,173.59967041015625,175.88261596679686,175.22097255306238,176.48497405544276,68.94023567706296,-0.8784622449105495
2023-10-18,173.96572875976562,175.68718764266174,173.24351401125745,173.7085055181981,54764400,173.61698455810546,175.80905792236328,175.10142552512937,176.38618012227897,63.70408857610254,-0.7394857458522197
2023-10-19,173.58978271484375,175.9444040866048,173.32265641144056,174.16358722416024,59302900,173.69267044067382,175.75979431152345,174.95745954319742,176.27651747885014,61.39412183060154,-0.2161035093532826
2023-10-20,171.03724670410156,173.55016575799414,170.7997994714244,173.4413376633683,64244000,173.5981872558594,175.66382720947266,174.584105939474,176.0710558798404,47.67250143586155,-1.470441388209609
2023-10-23,171.156005859375,172.15523490983713,168.1187215150264,169.08828663709707,55980100,173.44582824707032,175.56904876708984,174.2576202175598,175.8783088202143,51.71827134059085,0.06943467435422956
2023-10-24,171.59129333496094,171.81883752196748,169.6224994494151,171.20545097606092,43816600,173.51903839111327,175.44993225097656,174.00368432397894,175.71019056589066,49.33886243185176,0.25432205747053516
2023-10-25,169.27622985839844,171.2153295207887,168.83101438745086,170.04791453369674,57157000,173.55218048095702,175.3242855834961,173.55345056535222,175.4578783812831,39.25542658957124,-1.3491730446039019
2023-10-26,165.11111450195312,169.55326090861308,163.90411730631092,168.55401686361284,70625300,173.36420516967775,175.13274871826172,172.74941855931422,175.05212293503487,22.623990644139525,-2.460543550579708
2023-10-27,166.42694091796875,167.1590586780216,165.05175755916278,165.13090664912622,58499100,173.2162986755371,175.01838104248046,172.14727783156704,174.71388050299308,21.938558181178138,0.7969338829701078
2023-10-30,168.47486877441406,169.34549366723184,167.0700063949142,167.21841659954197,51131000,173.04514236450194,174.93527618408203,171.79752458802866,174.46921337638213,30.39691118768775,1.2305266473982224
2023-10-31,168.9497528076172,169.07835686158955,166.11033410734646,167.54489051547947,44846000,172.96451110839843,174.83495666503907,171.5263082279895,174.25276394231292,27.11601539659361,0.28187232710594756
2023-11-01,172.1156463623047,172.37286957481675,168.30667766450742,169.1773025316942,56934900,172.97984466552734,174.77045166015625,171.58243566935283,174.16895540976358,34.69573579749013,1.8738669350363057
2023-11-02,175.67727661132812,175.88502975328987,173.5897666401313,173.64912468069178,77334800,173.11142578125,174.70020904541016,171.97242052096954,174.22810526080534,47.30633763960996,2.069323925104505
2023-11-03,174.76708984375,174.93529110628108,171.5022764668811,172.3827893945109,79829200,173.069873046875,174.70555114746094,172.2385795040915,174.24924191111688,45.784134678510156,-0.518101592382858
2023-11-06,177.31959533691406,177.51746053122469,174.3317961816863,174.49998235165765,63841300,173.08174514770508,174.7178189086914,172.72248577388413,174.3696479278148,54.06885390720038,1.4605183936209798
2023-11-07,179.88198852539062,180.495375116872,177.06236062659886,177.2701137835187,70530000,173.2514175415039,174.75007171630858,173.4043431787895,174.5858181473276,61.14007263365972,1.4450705144053222
2023-11-08,180.94056701660156,181.4945955371222,179.65442075331012,180.40632954214095,49340300,173.40426940917968,174.72573364257812,174.12207878239064,174.83502398533832,63.49431953464947,0.5884849838990514
2023-11-09,180.4656982421875,182.1574629246798,179.87208759448916,181.00983881988668,53763500,173.48836364746094,174.62205139160156,174.726233016657,175.05583474050889,68.73779047376449,-0.26244461496049976
2023-11-10,184.65611267089844,184.8245355233408,181.81296804065445,182.2488540012565,66133400,173.8739860534668,174.5978240966797,175.67193584087047,175.43231622797515,73.09244096666676,2.3220005073137706
2023-11-13,183.0710906982422,184.28957909475855,182.4866141219331,184.0815522328342,43627500,174.18678970336913,174.51043518066408,176.37661725585826,175.7318760111229,68.89348288602133,-0.8583642045368656
2023-11-14,185.6864013671875,186.35013134634684,184.5570672791196,185.94396348691,60108400,174.70802154541016,174.47060333251954,177.26326336169913,176.12224955449798,76.74360079992798,1.4285765485803292
2023-11-15,186.2510223388672,187.72708773166863,186.02317839099575,186.09253074506157,53790500,175.32228622436523,174.57641632080077,178.1192404071437,176.5194563303556,89.03223552573675,0.30407233245000054
2023-11-16,187.9351806640625,189.17348632805627,186.8850847635256,187.79649103433664,54412900,176.03955612182617,174.8217724609375,179.0540918601836,176.96713179442256,89.17941271629,0.9042411172010212
2023-11-17,187.9153289794922,188.59887599886423,186.805812145748,188.47008739636428,50922700,176.8834602355957,175.05446350097657,179.89801920487966,177.39647286050374,88.23803412595606,-0.010563048653355889
2023-11-20,189.6588592529297,190.11456230851303,188.10355547172335,188.1134564735281,46505100,177.80860290527343,175.2986767578125,180.82762301897966,177.87735075824594,88.79713313452497,0.9278275928345181
2023-11-21,188.8564453125,189.728217210096,187.9648714107105,189.6192457228965,38134500,178.6718605041504,175.5873889160156,181.5922727612197,178.30790348586376,84.4100000313638,-0.4230827621712008
2023-11-22,189.5201873779297,191.12502655036587,189.0446822742513,189.69851123933077,39617700,179.68405838012694,175.9307308959961,182.3473122485254,178.74760089339577,82.30159391402991,0.35145322381313626
2023-11-24,188.19271850585935,189.11401054524023,187.47945332619432,189.08429242242372,24048300,180.83813858032227,176.2172494506836,182.90401760636675,179.11799766251198,80.72946425952019,-0.7004366608308499
2023-11-27,188.0143890380859,188.88616092409407,187.13271615011263,188.14317764380084,40552600,181.91751098632812,176.51464630126952,183.39071964748285,179.46687575567174,77.46380968502346,-0.09475896261517125
2023-11-28,188.61868286132812,189.29232889633607,187.62803848681267,188.0044881862593,38415400,182.92470169067383,176.76555938720702,183.88862090594432,179.825770151972,74.94401876438732,0.32140828493707474
2023-11-29,187.5983428955078,190.29289712708973,187.202091144525,189.1140277612682,43014200,183.85713119506835,176.97429992675782,184.2419277620932,180.13057692622831,69.05012224938869,-0.5409538176928463
2023-11-30,188.1728973388672,188.53944603911236,186.42936866830843,188.06392585220516,48794400,184.65999374389648,177.26536895751954,184.61630581702406,180.44596204044944,71.92778187305558,0.30626840007823564
2023-12-01,189.45083618164065,189.76783452208105,187.4596313087432,188.54934617033052,45704800,185.34867172241212,177.6128643798828,185.07673728032088,180.79909435971186,66.3513244891821,0.6791301302398134
2023-12-04,187.6577606201172,188.2719704243489,185.69628894913777,188.2026180609542,43389500,185.99320526123046,177.90748138427733,185.32254902696815,181.0680616640415,65.42294683610798,-0.9464595657969643
2023-12-05,191.61045837402344,192.58128575658975,188.4007647355339,188.43049797744135,66628400,186.70774841308594,178.25562683105468,185.92139753621151,181.48148898600158,68.27621139526397,2.1063332210959462
2023-12-06,190.520751953125,192.9379117653359,190.3127099631217,192.6308143978356,41089700,187.23968658447265,178.66350006103517,186.35943129020328,181.8359698866731,62.75909553100383,-0.5687092605202837
2023-12-07,192.45249938964844,193.17566559760107,191.7788533108163,191.81848755335412,47477700,187.815283203125,179.14028228759764,186.93972349015044,182.25230437698585,63.302123238984045,1.0139301974824821
2023-12-08,193.87901306152344,194.15639227120215,191.8580901155405,192.3831304135776,53406400,188.4859489440918,179.64045013427733,187.60060821123358,182.7082537371638,66.21769208808854,0.7412289663158989
2023-12-11,191.3726806640625,191.6797931299085,189.62915193698308,191.30334341541183,60943700,188.82177734375,180.08020233154298,187.9598532067411,183.04803518527748,54.47492706933052,-1.2927301196162033
2023-12-12,192.8883819580078,192.8982829604503,189.92634969600132,191.27362671385956,52696900,189.3126419067383,180.50001007080078,188.42923689733792,183.43393113714927,60.149649882269735,0.7920155001674312
2023-12-13,196.1079559326172,196.14757505430103,193.02705149757753,193.2647964597461,70404200,189.83371963500977,181.01092163085937,189.16054347212642,183.9309517173637,64.69285408969748,1.6691383596707743
2023-12-14,196.256591796875,197.75245962096577,194.3248379535694,196.1674374155,66831600,190.33399810791016,181.49987396240235,189.83635759829295,184.41431015185435,68.98325224792879,0.07579287823942238
2023-12-15,195.72161865234375,196.54384019084355,195.1569440964699,195.6819844119138,128538400,190.72332000732422,181.95339324951172,190.3968586510597,184.85773401461864,67.84404386001479,-0.27258862473518164
2023-12-18,194.05734252929688,194.7904248709577,192.57137584033416,194.2554683979516,55751900,191.03042068481446,182.32257720947266,190.74547616327274,185.21850297597857,62.002656271467686,-0.8503282031419812
2023-12-19,195.09750366210935,195.10740466398735,194.05732405565033,194.32480226669028,40714100,191.30235290527344,182.6828842163086,191.15995497268574,185.60591476759154,66.5355393055722,0.5360070993734478
2023-12-20,193.0072479248047,195.8305753609382,193.0072479248047,195.05787394759355,52242800,191.50989303588867,183.0132583618164,191.3358876347923,185.89616312669796,59.99180028005197,-1.0713903038578998
2023-12-21,192.858642578125,195.23619818360496,191.6896894536902,194.26537091395173,46482500,191.67681579589845,183.3127606201172,191.4809119151097,186.16920153655784,57.3882763621735,-0.07699469749321564
2023-12-22,191.78875732421875,193.58182122700063,191.164646529934,193.3539621368764,37149600,191.85661773681642,183.5728594970703,191.51023052550102,186.38957627332886,59.24612691280749,-0.5547510029128455
2023-12-26,191.2439117431641,192.0760494430794,191.02596875756228,191.7986702097743,28919300,192.01809387207032,183.85886444091796,191.4848668319451,186.57994237018514,49.03189873907458,-0.28408629820443343
2023-12-27,191.3429718017578,191.6897034098951,189.3022466284661,190.6891579449803,48087700,192.1543083190918,184.1494235229492,191.4713530195463,186.76672783808996,52.291510206650564,0.0517977579996165
2023-12-28,191.7689514160156,192.8388492190412,191.36278357008257,192.32370988068791,34049900,192.3628387451172,184.4795672607422,191.49969572397197,186.96289346859686,47.92042493020413,0.22262621419881778
2023-12-29,190.7287750244141,192.58127531145587,189.9362564400636,192.0859530857412,42672100,192.49063262939453,184.81482818603516,191.42627470496646,187.11057509823675,40.18523378134766,-0.5424112630959654
